mtllib planta-biogas.mtl
o reticula
v -22 0 -23
v 24 0 -23
v -22 0 -23
v -22 0 23
v -22 0 -22
v 24 0 -22
v -21 0 -23
v -21 0 23
v -22 0 -21
v 24 0 -21
v -20 0 -23
v -20 0 23
v -22 0 -20
v 24 0 -20
v -19 0 -23
v -19 0 23
v -22 0 -19
v 24 0 -19
v -18 0 -23
v -18 0 23
v -22 0 -18
v 24 0 -18
v -17 0 -23
v -17 0 23
v -22 0 -17
v 24 0 -17
v -16 0 -23
v -16 0 23
v -22 0 -16
v 24 0 -16
v -15 0 -23
v -15 0 23
v -22 0 -15
v 24 0 -15
v -14 0 -23
v -14 0 23
v -22 0 -14
v 24 0 -14
v -13 0 -23
v -13 0 23
v -22 0 -13
v 24 0 -13
v -12 0 -23
v -12 0 23
v -22 0 -12
v 24 0 -12
v -11 0 -23
v -11 0 23
v -22 0 -11
v 24 0 -11
v -10 0 -23
v -10 0 23
v -22 0 -10
v 24 0 -10
v -9 0 -23
v -9 0 23
v -22 0 -9
v 24 0 -9
v -8 0 -23
v -8 0 23
v -22 0 -8
v 24 0 -8
v -7 0 -23
v -7 0 23
v -22 0 -7
v 24 0 -7
v -6 0 -23
v -6 0 23
v -22 0 -6
v 24 0 -6
v -5 0 -23
v -5 0 23
v -22 0 -5
v 24 0 -5
v -4 0 -23
v -4 0 23
v -22 0 -4
v 24 0 -4
v -3 0 -23
v -3 0 23
v -22 0 -3
v 24 0 -3
v -2 0 -23
v -2 0 23
v -22 0 -2
v 24 0 -2
v -1 0 -23
v -1 0 23
v -22 0 -1
v 24 0 -1
v 0 0 -23
v 0 0 23
v -22 0 0
v 24 0 0
v 1 0 -23
v 1 0 23
v -22 0 1
v 24 0 1
v 2 0 -23
v 2 0 23
v -22 0 2
v 24 0 2
v 3 0 -23
v 3 0 23
v -22 0 3
v 24 0 3
v 4 0 -23
v 4 0 23
v -22 0 4
v 24 0 4
v 5 0 -23
v 5 0 23
v -22 0 5
v 24 0 5
v 6 0 -23
v 6 0 23
v -22 0 6
v 24 0 6
v 7 0 -23
v 7 0 23
v -22 0 7
v 24 0 7
v 8 0 -23
v 8 0 23
v -22 0 8
v 24 0 8
v 9 0 -23
v 9 0 23
v -22 0 9
v 24 0 9
v 10 0 -23
v 10 0 23
v -22 0 10
v 24 0 10
v 11 0 -23
v 11 0 23
v -22 0 11
v 24 0 11
v 12 0 -23
v 12 0 23
v -22 0 12
v 24 0 12
v 13 0 -23
v 13 0 23
v -22 0 13
v 24 0 13
v 14 0 -23
v 14 0 23
v -22 0 14
v 24 0 14
v 15 0 -23
v 15 0 23
v -22 0 15
v 24 0 15
v 16 0 -23
v 16 0 23
v -22 0 16
v 24 0 16
v 17 0 -23
v 17 0 23
v -22 0 17
v 24 0 17
v 18 0 -23
v 18 0 23
v -22 0 18
v 24 0 18
v 19 0 -23
v 19 0 23
v -22 0 19
v 24 0 19
v 20 0 -23
v 20 0 23
v -22 0 20
v 24 0 20
v 21 0 -23
v 21 0 23
v -22 0 21
v 24 0 21
v 22 0 -23
v 22 0 23
v -22 0 22
v 24 0 22
v 23 0 -23
v 23 0 23
v -22 0 23
v 24 0 23
v 24 0 -23
v 24 0 23
o recepcion_fondo_cuerpo
usemtl relleno_oscuro
v -13.600000023841858 0.09000000178813934 1.0499999523162842
v -13.600000023841858 0.09000000178813934 -1.0499999523162842
v -13.600000023841858 -1.7881393449270533e-9 1.0499999523162842
v -13.600000023841858 -1.7881393449270533e-9 -1.0499999523162842
v -16.399999976158142 0.09000000178813934 -1.0499999523162842
v -16.399999976158142 0.09000000178813934 1.0499999523162842
v -16.399999976158142 -1.7881393449270533e-9 -1.0499999523162842
v -16.399999976158142 -1.7881393449270533e-9 1.0499999523162842
v -16.399999976158142 0.09000000178813934 -1.0499999523162842
v -13.600000023841858 0.09000000178813934 -1.0499999523162842
v -16.399999976158142 0.09000000178813934 1.0499999523162842
v -13.600000023841858 0.09000000178813934 1.0499999523162842
v -16.399999976158142 -1.7881393449270533e-9 1.0499999523162842
v -13.600000023841858 -1.7881393449270533e-9 1.0499999523162842
v -16.399999976158142 -1.7881393449270533e-9 -1.0499999523162842
v -13.600000023841858 -1.7881393449270533e-9 -1.0499999523162842
v -16.399999976158142 0.09000000178813934 1.0499999523162842
v -13.600000023841858 0.09000000178813934 1.0499999523162842
v -16.399999976158142 -1.7881393449270533e-9 1.0499999523162842
v -13.600000023841858 -1.7881393449270533e-9 1.0499999523162842
v -13.600000023841858 0.09000000178813934 -1.0499999523162842
v -16.399999976158142 0.09000000178813934 -1.0499999523162842
v -13.600000023841858 -1.7881393449270533e-9 -1.0499999523162842
v -16.399999976158142 -1.7881393449270533e-9 -1.0499999523162842
vt 0 1
vt 1 1
vt 0 0
vt 1 0
vt 0 1
vt 1 1
vt 0 0
vt 1 0
vt 0 1
vt 1 1
vt 0 0
vt 1 0
vt 0 1
vt 1 1
vt 0 0
vt 1 0
vt 0 1
vt 1 1
vt 0 0
vt 1 0
vt 0 1
vt 1 1
vt 0 0
vt 1 0
vn 1 0 0
vn 1 0 0
vn 1 0 0
vn 1 0 0
vn -1 0 0
vn -1 0 0
vn -1 0 0
vn -1 0 0
vn 0 1 0
vn 0 1 0
vn 0 1 0
vn 0 1 0
vn 0 -1 0
vn 0 -1 0
vn 0 -1 0
vn 0 -1 0
vn 0 0 1
vn 0 0 1
vn 0 0 1
vn 0 0 1
vn 0 0 -1
vn 0 0 -1
vn 0 0 -1
vn 0 0 -1
f 189/1/1 191/3/3 190/2/2
f 191/3/3 192/4/4 190/2/2
f 193/5/5 195/7/7 194/6/6
f 195/7/7 196/8/8 194/6/6
f 197/9/9 199/11/11 198/10/10
f 199/11/11 200/12/12 198/10/10
f 201/13/13 203/15/15 202/14/14
f 203/15/15 204/16/16 202/14/14
f 205/17/17 207/19/19 206/18/18
f 207/19/19 208/20/20 206/18/18
f 209/21/21 211/23/23 210/22/22
f 211/23/23 212/24/24 210/22/22
o recepcion_fondo_aristas
v -16.399999976158142 0.09000000178813934 -1.0499999523162842
v -16.399999976158142 0.09000000178813934 1.0499999523162842
v -13.600000023841858 0.09000000178813934 1.0499999523162842
v -13.600000023841858 0.09000000178813934 -1.0499999523162842
v -16.399999976158142 -1.7881393449270533e-9 1.0499999523162842
v -16.399999976158142 -1.7881393449270533e-9 -1.0499999523162842
v -13.600000023841858 -1.7881393449270533e-9 -1.0499999523162842
v -13.600000023841858 -1.7881393449270533e-9 1.0499999523162842
v -16.399999976158142 0.09000000178813934 1.0499999523162842
v -16.399999976158142 -1.7881393449270533e-9 1.0499999523162842
v -13.600000023841858 0.09000000178813934 1.0499999523162842
v -16.399999976158142 0.09000000178813934 1.0499999523162842
v -16.399999976158142 -1.7881393449270533e-9 1.0499999523162842
v -13.600000023841858 -1.7881393449270533e-9 1.0499999523162842
v -13.600000023841858 -1.7881393449270533e-9 1.0499999523162842
v -13.600000023841858 0.09000000178813934 1.0499999523162842
v -13.600000023841858 0.09000000178813934 -1.0499999523162842
v -13.600000023841858 -1.7881393449270533e-9 -1.0499999523162842
v -16.399999976158142 0.09000000178813934 -1.0499999523162842
v -13.600000023841858 0.09000000178813934 -1.0499999523162842
v -13.600000023841858 -1.7881393449270533e-9 -1.0499999523162842
v -16.399999976158142 -1.7881393449270533e-9 -1.0499999523162842
v -16.399999976158142 -1.7881393449270533e-9 -1.0499999523162842
v -16.399999976158142 0.09000000178813934 -1.0499999523162842
l 213 214
l 215 216
l 217 218
l 219 220
l 221 222
l 223 224
l 225 226
l 227 228
l 229 230
l 231 232
l 233 234
l 235 236
o recepcion_muro_a_cuerpo
usemtl relleno_oscuro
v -13.600000023841858 1.5 1.0950000017881394
v -13.600000023841858 1.5 1.0049999982118607
v -13.600000023841858 0 1.0950000017881394
v -13.600000023841858 0 1.0049999982118607
v -16.399999976158142 1.5 1.0049999982118607
v -16.399999976158142 1.5 1.0950000017881394
v -16.399999976158142 0 1.0049999982118607
v -16.399999976158142 0 1.0950000017881394
v -16.399999976158142 1.5 1.0049999982118607
v -13.600000023841858 1.5 1.0049999982118607
v -16.399999976158142 1.5 1.0950000017881394
v -13.600000023841858 1.5 1.0950000017881394
v -16.399999976158142 0 1.0950000017881394
v -13.600000023841858 0 1.0950000017881394
v -16.399999976158142 0 1.0049999982118607
v -13.600000023841858 0 1.0049999982118607
v -16.399999976158142 1.5 1.0950000017881394
v -13.600000023841858 1.5 1.0950000017881394
v -16.399999976158142 0 1.0950000017881394
v -13.600000023841858 0 1.0950000017881394
v -13.600000023841858 1.5 1.0049999982118607
v -16.399999976158142 1.5 1.0049999982118607
v -13.600000023841858 0 1.0049999982118607
v -16.399999976158142 0 1.0049999982118607
vt 0 1
vt 1 1
vt 0 0
vt 1 0
vt 0 1
vt 1 1
vt 0 0
vt 1 0
vt 0 1
vt 1 1
vt 0 0
vt 1 0
vt 0 1
vt 1 1
vt 0 0
vt 1 0
vt 0 1
vt 1 1
vt 0 0
vt 1 0
vt 0 1
vt 1 1
vt 0 0
vt 1 0
vn 1 0 0
vn 1 0 0
vn 1 0 0
vn 1 0 0
vn -1 0 0
vn -1 0 0
vn -1 0 0
vn -1 0 0
vn 0 1 0
vn 0 1 0
vn 0 1 0
vn 0 1 0
vn 0 -1 0
vn 0 -1 0
vn 0 -1 0
vn 0 -1 0
vn 0 0 1
vn 0 0 1
vn 0 0 1
vn 0 0 1
vn 0 0 -1
vn 0 0 -1
vn 0 0 -1
vn 0 0 -1
f 237/25/25 239/27/27 238/26/26
f 239/27/27 240/28/28 238/26/26
f 241/29/29 243/31/31 242/30/30
f 243/31/31 244/32/32 242/30/30
f 245/33/33 247/35/35 246/34/34
f 247/35/35 248/36/36 246/34/34
f 249/37/37 251/39/39 250/38/38
f 251/39/39 252/40/40 250/38/38
f 253/41/41 255/43/43 254/42/42
f 255/43/43 256/44/44 254/42/42
f 257/45/45 259/47/47 258/46/46
f 259/47/47 260/48/48 258/46/46
o recepcion_muro_a_aristas
v -16.399999976158142 1.5 1.0049999982118607
v -16.399999976158142 1.5 1.0950000017881394
v -13.600000023841858 1.5 1.0950000017881394
v -13.600000023841858 1.5 1.0049999982118607
v -16.399999976158142 0 1.0950000017881394
v -16.399999976158142 0 1.0049999982118607
v -13.600000023841858 0 1.0049999982118607
v -13.600000023841858 0 1.0950000017881394
v -16.399999976158142 1.5 1.0950000017881394
v -16.399999976158142 0 1.0950000017881394
v -13.600000023841858 1.5 1.0950000017881394
v -16.399999976158142 1.5 1.0950000017881394
v -16.399999976158142 0 1.0950000017881394
v -13.600000023841858 0 1.0950000017881394
v -13.600000023841858 0 1.0950000017881394
v -13.600000023841858 1.5 1.0950000017881394
v -13.600000023841858 1.5 1.0049999982118607
v -13.600000023841858 0 1.0049999982118607
v -16.399999976158142 1.5 1.0049999982118607
v -13.600000023841858 1.5 1.0049999982118607
v -13.600000023841858 0 1.0049999982118607
v -16.399999976158142 0 1.0049999982118607
v -16.399999976158142 0 1.0049999982118607
v -16.399999976158142 1.5 1.0049999982118607
l 261 262
l 263 264
l 265 266
l 267 268
l 269 270
l 271 272
l 273 274
l 275 276
l 277 278
l 279 280
l 281 282
l 283 284
o recepcion_muro_b_cuerpo
usemtl relleno_oscuro
v -13.600000023841858 1.5 -1.0049999982118607
v -13.600000023841858 1.5 -1.0950000017881394
v -13.600000023841858 0 -1.0049999982118607
v -13.600000023841858 0 -1.0950000017881394
v -16.399999976158142 1.5 -1.0950000017881394
v -16.399999976158142 1.5 -1.0049999982118607
v -16.399999976158142 0 -1.0950000017881394
v -16.399999976158142 0 -1.0049999982118607
v -16.399999976158142 1.5 -1.0950000017881394
v -13.600000023841858 1.5 -1.0950000017881394
v -16.399999976158142 1.5 -1.0049999982118607
v -13.600000023841858 1.5 -1.0049999982118607
v -16.399999976158142 0 -1.0049999982118607
v -13.600000023841858 0 -1.0049999982118607
v -16.399999976158142 0 -1.0950000017881394
v -13.600000023841858 0 -1.0950000017881394
v -16.399999976158142 1.5 -1.0049999982118607
v -13.600000023841858 1.5 -1.0049999982118607
v -16.399999976158142 0 -1.0049999982118607
v -13.600000023841858 0 -1.0049999982118607
v -13.600000023841858 1.5 -1.0950000017881394
v -16.399999976158142 1.5 -1.0950000017881394
v -13.600000023841858 0 -1.0950000017881394
v -16.399999976158142 0 -1.0950000017881394
vt 0 1
vt 1 1
vt 0 0
vt 1 0
vt 0 1
vt 1 1
vt 0 0
vt 1 0
vt 0 1
vt 1 1
vt 0 0
vt 1 0
vt 0 1
vt 1 1
vt 0 0
vt 1 0
vt 0 1
vt 1 1
vt 0 0
vt 1 0
vt 0 1
vt 1 1
vt 0 0
vt 1 0
vn 1 0 0
vn 1 0 0
vn 1 0 0
vn 1 0 0
vn -1 0 0
vn -1 0 0
vn -1 0 0
vn -1 0 0
vn 0 1 0
vn 0 1 0
vn 0 1 0
vn 0 1 0
vn 0 -1 0
vn 0 -1 0
vn 0 -1 0
vn 0 -1 0
vn 0 0 1
vn 0 0 1
vn 0 0 1
vn 0 0 1
vn 0 0 -1
vn 0 0 -1
vn 0 0 -1
vn 0 0 -1
f 285/49/49 287/51/51 286/50/50
f 287/51/51 288/52/52 286/50/50
f 289/53/53 291/55/55 290/54/54
f 291/55/55 292/56/56 290/54/54
f 293/57/57 295/59/59 294/58/58
f 295/59/59 296/60/60 294/58/58
f 297/61/61 299/63/63 298/62/62
f 299/63/63 300/64/64 298/62/62
f 301/65/65 303/67/67 302/66/66
f 303/67/67 304/68/68 302/66/66
f 305/69/69 307/71/71 306/70/70
f 307/71/71 308/72/72 306/70/70
o recepcion_muro_b_aristas
v -16.399999976158142 1.5 -1.0950000017881394
v -16.399999976158142 1.5 -1.0049999982118607
v -13.600000023841858 1.5 -1.0049999982118607
v -13.600000023841858 1.5 -1.0950000017881394
v -16.399999976158142 0 -1.0049999982118607
v -16.399999976158142 0 -1.0950000017881394
v -13.600000023841858 0 -1.0950000017881394
v -13.600000023841858 0 -1.0049999982118607
v -16.399999976158142 1.5 -1.0049999982118607
v -16.399999976158142 0 -1.0049999982118607
v -13.600000023841858 1.5 -1.0049999982118607
v -16.399999976158142 1.5 -1.0049999982118607
v -16.399999976158142 0 -1.0049999982118607
v -13.600000023841858 0 -1.0049999982118607
v -13.600000023841858 0 -1.0049999982118607
v -13.600000023841858 1.5 -1.0049999982118607
v -13.600000023841858 1.5 -1.0950000017881394
v -13.600000023841858 0 -1.0950000017881394
v -16.399999976158142 1.5 -1.0950000017881394
v -13.600000023841858 1.5 -1.0950000017881394
v -13.600000023841858 0 -1.0950000017881394
v -16.399999976158142 0 -1.0950000017881394
v -16.399999976158142 0 -1.0950000017881394
v -16.399999976158142 1.5 -1.0950000017881394
l 309 310
l 311 312
l 313 314
l 315 316
l 317 318
l 319 320
l 321 322
l 323 324
l 325 326
l 327 328
l 329 330
l 331 332
o recepcion_muro_c_cuerpo
usemtl relleno_oscuro
v -16.35499999821186 1.5 1.0499999523162842
v -16.35499999821186 1.5 -1.0499999523162842
v -16.35499999821186 0 1.0499999523162842
v -16.35499999821186 0 -1.0499999523162842
v -16.445000001788138 1.5 -1.0499999523162842
v -16.445000001788138 1.5 1.0499999523162842
v -16.445000001788138 0 -1.0499999523162842
v -16.445000001788138 0 1.0499999523162842
v -16.445000001788138 1.5 -1.0499999523162842
v -16.35499999821186 1.5 -1.0499999523162842
v -16.445000001788138 1.5 1.0499999523162842
v -16.35499999821186 1.5 1.0499999523162842
v -16.445000001788138 0 1.0499999523162842
v -16.35499999821186 0 1.0499999523162842
v -16.445000001788138 0 -1.0499999523162842
v -16.35499999821186 0 -1.0499999523162842
v -16.445000001788138 1.5 1.0499999523162842
v -16.35499999821186 1.5 1.0499999523162842
v -16.445000001788138 0 1.0499999523162842
v -16.35499999821186 0 1.0499999523162842
v -16.35499999821186 1.5 -1.0499999523162842
v -16.445000001788138 1.5 -1.0499999523162842
v -16.35499999821186 0 -1.0499999523162842
v -16.445000001788138 0 -1.0499999523162842
vt 0 1
vt 1 1
vt 0 0
vt 1 0
vt 0 1
vt 1 1
vt 0 0
vt 1 0
vt 0 1
vt 1 1
vt 0 0
vt 1 0
vt 0 1
vt 1 1
vt 0 0
vt 1 0
vt 0 1
vt 1 1
vt 0 0
vt 1 0
vt 0 1
vt 1 1
vt 0 0
vt 1 0
vn 1 0 0
vn 1 0 0
vn 1 0 0
vn 1 0 0
vn -1 0 0
vn -1 0 0
vn -1 0 0
vn -1 0 0
vn 0 1 0
vn 0 1 0
vn 0 1 0
vn 0 1 0
vn 0 -1 0
vn 0 -1 0
vn 0 -1 0
vn 0 -1 0
vn 0 0 1
vn 0 0 1
vn 0 0 1
vn 0 0 1
vn 0 0 -1
vn 0 0 -1
vn 0 0 -1
vn 0 0 -1
f 333/73/73 335/75/75 334/74/74
f 335/75/75 336/76/76 334/74/74
f 337/77/77 339/79/79 338/78/78
f 339/79/79 340/80/80 338/78/78
f 341/81/81 343/83/83 342/82/82
f 343/83/83 344/84/84 342/82/82
f 345/85/85 347/87/87 346/86/86
f 347/87/87 348/88/88 346/86/86
f 349/89/89 351/91/91 350/90/90
f 351/91/91 352/92/92 350/90/90
f 353/93/93 355/95/95 354/94/94
f 355/95/95 356/96/96 354/94/94
o recepcion_muro_c_aristas
v -16.445000001788138 1.5 -1.0499999523162842
v -16.445000001788138 1.5 1.0499999523162842
v -16.35499999821186 1.5 1.0499999523162842
v -16.35499999821186 1.5 -1.0499999523162842
v -16.445000001788138 0 1.0499999523162842
v -16.445000001788138 0 -1.0499999523162842
v -16.35499999821186 0 -1.0499999523162842
v -16.35499999821186 0 1.0499999523162842
v -16.445000001788138 1.5 1.0499999523162842
v -16.445000001788138 0 1.0499999523162842
v -16.35499999821186 1.5 1.0499999523162842
v -16.445000001788138 1.5 1.0499999523162842
v -16.445000001788138 0 1.0499999523162842
v -16.35499999821186 0 1.0499999523162842
v -16.35499999821186 0 1.0499999523162842
v -16.35499999821186 1.5 1.0499999523162842
v -16.35499999821186 1.5 -1.0499999523162842
v -16.35499999821186 0 -1.0499999523162842
v -16.445000001788138 1.5 -1.0499999523162842
v -16.35499999821186 1.5 -1.0499999523162842
v -16.35499999821186 0 -1.0499999523162842
v -16.445000001788138 0 -1.0499999523162842
v -16.445000001788138 0 -1.0499999523162842
v -16.445000001788138 1.5 -1.0499999523162842
l 357 358
l 359 360
l 361 362
l 363 364
l 365 366
l 367 368
l 369 370
l 371 372
l 373 374
l 375 376
l 377 378
l 379 380
o recepcion_muro_d_cuerpo
usemtl relleno_oscuro
v -13.55499999821186 1.5 1.0499999523162842
v -13.55499999821186 1.5 -1.0499999523162842
v -13.55499999821186 0 1.0499999523162842
v -13.55499999821186 0 -1.0499999523162842
v -13.645000001788139 1.5 -1.0499999523162842
v -13.645000001788139 1.5 1.0499999523162842
v -13.645000001788139 0 -1.0499999523162842
v -13.645000001788139 0 1.0499999523162842
v -13.645000001788139 1.5 -1.0499999523162842
v -13.55499999821186 1.5 -1.0499999523162842
v -13.645000001788139 1.5 1.0499999523162842
v -13.55499999821186 1.5 1.0499999523162842
v -13.645000001788139 0 1.0499999523162842
v -13.55499999821186 0 1.0499999523162842
v -13.645000001788139 0 -1.0499999523162842
v -13.55499999821186 0 -1.0499999523162842
v -13.645000001788139 1.5 1.0499999523162842
v -13.55499999821186 1.5 1.0499999523162842
v -13.645000001788139 0 1.0499999523162842
v -13.55499999821186 0 1.0499999523162842
v -13.55499999821186 1.5 -1.0499999523162842
v -13.645000001788139 1.5 -1.0499999523162842
v -13.55499999821186 0 -1.0499999523162842
v -13.645000001788139 0 -1.0499999523162842
vt 0 1
vt 1 1
vt 0 0
vt 1 0
vt 0 1
vt 1 1
vt 0 0
vt 1 0
vt 0 1
vt 1 1
vt 0 0
vt 1 0
vt 0 1
vt 1 1
vt 0 0
vt 1 0
vt 0 1
vt 1 1
vt 0 0
vt 1 0
vt 0 1
vt 1 1
vt 0 0
vt 1 0
vn 1 0 0
vn 1 0 0
vn 1 0 0
vn 1 0 0
vn -1 0 0
vn -1 0 0
vn -1 0 0
vn -1 0 0
vn 0 1 0
vn 0 1 0
vn 0 1 0
vn 0 1 0
vn 0 -1 0
vn 0 -1 0
vn 0 -1 0
vn 0 -1 0
vn 0 0 1
vn 0 0 1
vn 0 0 1
vn 0 0 1
vn 0 0 -1
vn 0 0 -1
vn 0 0 -1
vn 0 0 -1
f 381/97/97 383/99/99 382/98/98
f 383/99/99 384/100/100 382/98/98
f 385/101/101 387/103/103 386/102/102
f 387/103/103 388/104/104 386/102/102
f 389/105/105 391/107/107 390/106/106
f 391/107/107 392/108/108 390/106/106
f 393/109/109 395/111/111 394/110/110
f 395/111/111 396/112/112 394/110/110
f 397/113/113 399/115/115 398/114/114
f 399/115/115 400/116/116 398/114/114
f 401/117/117 403/119/119 402/118/118
f 403/119/119 404/120/120 402/118/118
o recepcion_muro_d_aristas
v -13.645000001788139 1.5 -1.0499999523162842
v -13.645000001788139 1.5 1.0499999523162842
v -13.55499999821186 1.5 1.0499999523162842
v -13.55499999821186 1.5 -1.0499999523162842
v -13.645000001788139 0 1.0499999523162842
v -13.645000001788139 0 -1.0499999523162842
v -13.55499999821186 0 -1.0499999523162842
v -13.55499999821186 0 1.0499999523162842
v -13.645000001788139 1.5 1.0499999523162842
v -13.645000001788139 0 1.0499999523162842
v -13.55499999821186 1.5 1.0499999523162842
v -13.645000001788139 1.5 1.0499999523162842
v -13.645000001788139 0 1.0499999523162842
v -13.55499999821186 0 1.0499999523162842
v -13.55499999821186 0 1.0499999523162842
v -13.55499999821186 1.5 1.0499999523162842
v -13.55499999821186 1.5 -1.0499999523162842
v -13.55499999821186 0 -1.0499999523162842
v -13.645000001788139 1.5 -1.0499999523162842
v -13.55499999821186 1.5 -1.0499999523162842
v -13.55499999821186 0 -1.0499999523162842
v -13.645000001788139 0 -1.0499999523162842
v -13.645000001788139 0 -1.0499999523162842
v -13.645000001788139 1.5 -1.0499999523162842
l 405 406
l 407 408
l 409 410
l 411 412
l 413 414
l 415 416
l 417 418
l 419 420
l 421 422
l 423 424
l 425 426
l 427 428
o residuo_crudo_cuerpo
usemtl relleno_translucido
v -13.75 0.8 0.8999999761581421
v -13.75 0.8 -0.8999999761581421
v -13.75 0.30000000000000004 0.8999999761581421
v -13.75 0.30000000000000004 -0.8999999761581421
v -16.25 0.8 -0.8999999761581421
v -16.25 0.8 0.8999999761581421
v -16.25 0.30000000000000004 -0.8999999761581421
v -16.25 0.30000000000000004 0.8999999761581421
v -16.25 0.8 -0.8999999761581421
v -13.75 0.8 -0.8999999761581421
v -16.25 0.8 0.8999999761581421
v -13.75 0.8 0.8999999761581421
v -16.25 0.30000000000000004 0.8999999761581421
v -13.75 0.30000000000000004 0.8999999761581421
v -16.25 0.30000000000000004 -0.8999999761581421
v -13.75 0.30000000000000004 -0.8999999761581421
v -16.25 0.8 0.8999999761581421
v -13.75 0.8 0.8999999761581421
v -16.25 0.30000000000000004 0.8999999761581421
v -13.75 0.30000000000000004 0.8999999761581421
v -13.75 0.8 -0.8999999761581421
v -16.25 0.8 -0.8999999761581421
v -13.75 0.30000000000000004 -0.8999999761581421
v -16.25 0.30000000000000004 -0.8999999761581421
vt 0 1
vt 1 1
vt 0 0
vt 1 0
vt 0 1
vt 1 1
vt 0 0
vt 1 0
vt 0 1
vt 1 1
vt 0 0
vt 1 0
vt 0 1
vt 1 1
vt 0 0
vt 1 0
vt 0 1
vt 1 1
vt 0 0
vt 1 0
vt 0 1
vt 1 1
vt 0 0
vt 1 0
vn 1 0 0
vn 1 0 0
vn 1 0 0
vn 1 0 0
vn -1 0 0
vn -1 0 0
vn -1 0 0
vn -1 0 0
vn 0 1 0
vn 0 1 0
vn 0 1 0
vn 0 1 0
vn 0 -1 0
vn 0 -1 0
vn 0 -1 0
vn 0 -1 0
vn 0 0 1
vn 0 0 1
vn 0 0 1
vn 0 0 1
vn 0 0 -1
vn 0 0 -1
vn 0 0 -1
vn 0 0 -1
f 429/121/121 431/123/123 430/122/122
f 431/123/123 432/124/124 430/122/122
f 433/125/125 435/127/127 434/126/126
f 435/127/127 436/128/128 434/126/126
f 437/129/129 439/131/131 438/130/130
f 439/131/131 440/132/132 438/130/130
f 441/133/133 443/135/135 442/134/134
f 443/135/135 444/136/136 442/134/134
f 445/137/137 447/139/139 446/138/138
f 447/139/139 448/140/140 446/138/138
f 449/141/141 451/143/143 450/142/142
f 451/143/143 452/144/144 450/142/142
o residuo_crudo_aristas
v -16.25 0.8 -0.8999999761581421
v -16.25 0.8 0.8999999761581421
v -13.75 0.8 0.8999999761581421
v -13.75 0.8 -0.8999999761581421
v -16.25 0.30000000000000004 0.8999999761581421
v -16.25 0.30000000000000004 -0.8999999761581421
v -13.75 0.30000000000000004 -0.8999999761581421
v -13.75 0.30000000000000004 0.8999999761581421
v -16.25 0.8 0.8999999761581421
v -16.25 0.30000000000000004 0.8999999761581421
v -13.75 0.8 0.8999999761581421
v -16.25 0.8 0.8999999761581421
v -16.25 0.30000000000000004 0.8999999761581421
v -13.75 0.30000000000000004 0.8999999761581421
v -13.75 0.30000000000000004 0.8999999761581421
v -13.75 0.8 0.8999999761581421
v -13.75 0.8 -0.8999999761581421
v -13.75 0.30000000000000004 -0.8999999761581421
v -16.25 0.8 -0.8999999761581421
v -13.75 0.8 -0.8999999761581421
v -13.75 0.30000000000000004 -0.8999999761581421
v -16.25 0.30000000000000004 -0.8999999761581421
v -16.25 0.30000000000000004 -0.8999999761581421
v -16.25 0.8 -0.8999999761581421
l 453 454
l 455 456
l 457 458
l 459 460
l 461 462
l 463 464
l 465 466
l 467 468
l 469 470
l 471 472
l 473 474
l 475 476
o guia
v -15 1.600000023841858 0
v -15 2.7699999809265137 0
l 477 478 
o plataforma_separacion_cuerpo
usemtl relleno_oscuro
v -10.499999976158142 0.850000011920929 0.75
v -10.499999976158142 0.850000011920929 -0.75
v -10.499999976158142 -1.1920928966180355e-8 0.75
v -10.499999976158142 -1.1920928966180355e-8 -0.75
v -12.700000023841858 0.850000011920929 -0.75
v -12.700000023841858 0.850000011920929 0.75
v -12.700000023841858 -1.1920928966180355e-8 -0.75
v -12.700000023841858 -1.1920928966180355e-8 0.75
v -12.700000023841858 0.850000011920929 -0.75
v -10.499999976158142 0.850000011920929 -0.75
v -12.700000023841858 0.850000011920929 0.75
v -10.499999976158142 0.850000011920929 0.75
v -12.700000023841858 -1.1920928966180355e-8 0.75
v -10.499999976158142 -1.1920928966180355e-8 0.75
v -12.700000023841858 -1.1920928966180355e-8 -0.75
v -10.499999976158142 -1.1920928966180355e-8 -0.75
v -12.700000023841858 0.850000011920929 0.75
v -10.499999976158142 0.850000011920929 0.75
v -12.700000023841858 -1.1920928966180355e-8 0.75
v -10.499999976158142 -1.1920928966180355e-8 0.75
v -10.499999976158142 0.850000011920929 -0.75
v -12.700000023841858 0.850000011920929 -0.75
v -10.499999976158142 -1.1920928966180355e-8 -0.75
v -12.700000023841858 -1.1920928966180355e-8 -0.75
vt 0 1
vt 1 1
vt 0 0
vt 1 0
vt 0 1
vt 1 1
vt 0 0
vt 1 0
vt 0 1
vt 1 1
vt 0 0
vt 1 0
vt 0 1
vt 1 1
vt 0 0
vt 1 0
vt 0 1
vt 1 1
vt 0 0
vt 1 0
vt 0 1
vt 1 1
vt 0 0
vt 1 0
vn 1 0 0
vn 1 0 0
vn 1 0 0
vn 1 0 0
vn -1 0 0
vn -1 0 0
vn -1 0 0
vn -1 0 0
vn 0 1 0
vn 0 1 0
vn 0 1 0
vn 0 1 0
vn 0 -1 0
vn 0 -1 0
vn 0 -1 0
vn 0 -1 0
vn 0 0 1
vn 0 0 1
vn 0 0 1
vn 0 0 1
vn 0 0 -1
vn 0 0 -1
vn 0 0 -1
vn 0 0 -1
f 479/145/145 481/147/147 480/146/146
f 481/147/147 482/148/148 480/146/146
f 483/149/149 485/151/151 484/150/150
f 485/151/151 486/152/152 484/150/150
f 487/153/153 489/155/155 488/154/154
f 489/155/155 490/156/156 488/154/154
f 491/157/157 493/159/159 492/158/158
f 493/159/159 494/160/160 492/158/158
f 495/161/161 497/163/163 496/162/162
f 497/163/163 498/164/164 496/162/162
f 499/165/165 501/167/167 500/166/166
f 501/167/167 502/168/168 500/166/166
o plataforma_separacion_aristas
v -12.700000023841858 0.850000011920929 -0.75
v -12.700000023841858 0.850000011920929 0.75
v -10.499999976158142 0.850000011920929 0.75
v -10.499999976158142 0.850000011920929 -0.75
v -12.700000023841858 -1.1920928966180355e-8 0.75
v -12.700000023841858 -1.1920928966180355e-8 -0.75
v -10.499999976158142 -1.1920928966180355e-8 -0.75
v -10.499999976158142 -1.1920928966180355e-8 0.75
v -12.700000023841858 0.850000011920929 0.75
v -12.700000023841858 -1.1920928966180355e-8 0.75
v -10.499999976158142 0.850000011920929 0.75
v -12.700000023841858 0.850000011920929 0.75
v -12.700000023841858 -1.1920928966180355e-8 0.75
v -10.499999976158142 -1.1920928966180355e-8 0.75
v -10.499999976158142 -1.1920928966180355e-8 0.75
v -10.499999976158142 0.850000011920929 0.75
v -10.499999976158142 0.850000011920929 -0.75
v -10.499999976158142 -1.1920928966180355e-8 -0.75
v -12.700000023841858 0.850000011920929 -0.75
v -10.499999976158142 0.850000011920929 -0.75
v -10.499999976158142 -1.1920928966180355e-8 -0.75
v -12.700000023841858 -1.1920928966180355e-8 -0.75
v -12.700000023841858 -1.1920928966180355e-8 -0.75
v -12.700000023841858 0.850000011920929 -0.75
l 503 504
l 505 506
l 507 508
l 509 510
l 511 512
l 513 514
l 515 516
l 517 518
l 519 520
l 521 522
l 523 524
l 525 526
o banda_transportadora_cuerpo
usemtl relleno_oscuro
v -10.300968966184877 1.0638707410383783 0.30000001192092896
v -10.300968966184877 1.0638707410383783 -0.30000001192092896
v -10.31772867527668 0.924877531427077 0.30000001192092896
v -10.31772867527668 0.924877531427077 -0.30000001192092896
v -12.88227132472332 1.3751224685729229 -0.30000001192092896
v -12.88227132472332 1.3751224685729229 0.30000001192092896
v -12.899031033815122 1.2361292589616215 -0.30000001192092896
v -12.899031033815122 1.2361292589616215 0.30000001192092896
v -12.88227132472332 1.3751224685729229 -0.30000001192092896
v -10.300968966184877 1.0638707410383783 -0.30000001192092896
v -12.88227132472332 1.3751224685729229 0.30000001192092896
v -10.300968966184877 1.0638707410383783 0.30000001192092896
v -12.899031033815122 1.2361292589616215 0.30000001192092896
v -10.31772867527668 0.924877531427077 0.30000001192092896
v -12.899031033815122 1.2361292589616215 -0.30000001192092896
v -10.31772867527668 0.924877531427077 -0.30000001192092896
v -12.88227132472332 1.3751224685729229 0.30000001192092896
v -10.300968966184877 1.0638707410383783 0.30000001192092896
v -12.899031033815122 1.2361292589616215 0.30000001192092896
v -10.31772867527668 0.924877531427077 0.30000001192092896
v -10.300968966184877 1.0638707410383783 -0.30000001192092896
v -12.88227132472332 1.3751224685729229 -0.30000001192092896
v -10.31772867527668 0.924877531427077 -0.30000001192092896
v -12.899031033815122 1.2361292589616215 -0.30000001192092896
vt 0 1
vt 1 1
vt 0 0
vt 1 0
vt 0 1
vt 1 1
vt 0 0
vt 1 0
vt 0 1
vt 1 1
vt 0 0
vt 1 0
vt 0 1
vt 1 1
vt 0 0
vt 1 0
vt 0 1
vt 1 1
vt 0 0
vt 1 0
vt 0 1
vt 1 1
vt 0 0
vt 1 0
vn 0.9928086358538663 -0.11971220728891936 0
vn 0.9928086358538663 -0.11971220728891936 0
vn 0.9928086358538663 -0.11971220728891936 0
vn 0.9928086358538663 -0.11971220728891936 0
vn -0.9928086358538663 0.11971220728891936 0
vn -0.9928086358538663 0.11971220728891936 0
vn -0.9928086358538663 0.11971220728891936 0
vn -0.9928086358538663 0.11971220728891936 0
vn 0.11971220728891936 0.9928086358538663 0
vn 0.11971220728891936 0.9928086358538663 0
vn 0.11971220728891936 0.9928086358538663 0
vn 0.11971220728891936 0.9928086358538663 0
vn -0.11971220728891936 -0.9928086358538663 0
vn -0.11971220728891936 -0.9928086358538663 0
vn -0.11971220728891936 -0.9928086358538663 0
vn -0.11971220728891936 -0.9928086358538663 0
vn 0 0 1
vn 0 0 1
vn 0 0 1
vn 0 0 1
vn 0 0 -1
vn 0 0 -1
vn 0 0 -1
vn 0 0 -1
f 527/169/169 529/171/171 528/170/170
f 529/171/171 530/172/172 528/170/170
f 531/173/173 533/175/175 532/174/174
f 533/175/175 534/176/176 532/174/174
f 535/177/177 537/179/179 536/178/178
f 537/179/179 538/180/180 536/178/178
f 539/181/181 541/183/183 540/182/182
f 541/183/183 542/184/184 540/182/182
f 543/185/185 545/187/187 544/186/186
f 545/187/187 546/188/188 544/186/186
f 547/189/189 549/191/191 548/190/190
f 549/191/191 550/192/192 548/190/190
o banda_transportadora_aristas
v -12.88227132472332 1.3751224685729229 -0.30000001192092896
v -12.88227132472332 1.3751224685729229 0.30000001192092896
v -10.300968966184877 1.0638707410383783 0.30000001192092896
v -10.300968966184877 1.0638707410383783 -0.30000001192092896
v -12.899031033815122 1.2361292589616215 0.30000001192092896
v -12.899031033815122 1.2361292589616215 -0.30000001192092896
v -10.31772867527668 0.924877531427077 -0.30000001192092896
v -10.31772867527668 0.924877531427077 0.30000001192092896
v -12.88227132472332 1.3751224685729229 0.30000001192092896
v -12.899031033815122 1.2361292589616215 0.30000001192092896
v -10.300968966184877 1.0638707410383783 0.30000001192092896
v -12.88227132472332 1.3751224685729229 0.30000001192092896
v -12.899031033815122 1.2361292589616215 0.30000001192092896
v -10.31772867527668 0.924877531427077 0.30000001192092896
v -10.31772867527668 0.924877531427077 0.30000001192092896
v -10.300968966184877 1.0638707410383783 0.30000001192092896
v -10.300968966184877 1.0638707410383783 -0.30000001192092896
v -10.31772867527668 0.924877531427077 -0.30000001192092896
v -12.88227132472332 1.3751224685729229 -0.30000001192092896
v -10.300968966184877 1.0638707410383783 -0.30000001192092896
v -10.31772867527668 0.924877531427077 -0.30000001192092896
v -12.899031033815122 1.2361292589616215 -0.30000001192092896
v -12.899031033815122 1.2361292589616215 -0.30000001192092896
v -12.88227132472332 1.3751224685729229 -0.30000001192092896
l 551 552
l 553 554
l 555 556
l 557 558
l 559 560
l 561 562
l 563 564
l 565 566
l 567 568
l 569 570
l 571 572
l 573 574
o pata_banda_a_cuerpo
usemtl relleno_oscuro
v -12.7 0.949999988079071 0.05000000074505806
v -12.670610737800597 0.949999988079071 0.04045084863901138
v -12.652447175979614 0.949999988079071 0.015450850129127502
v -12.652447175979614 0.949999988079071 -0.015450850129127502
v -12.670610737800597 0.949999988079071 -0.04045084863901138
v -12.7 0.949999988079071 -0.05000000074505806
v -12.729389262199401 0.949999988079071 -0.04045084863901138
v -12.747552824020385 0.949999988079071 -0.015450850129127502
v -12.747552824020385 0.949999988079071 0.015450850129127502
v -12.729389262199401 0.949999988079071 0.04045084863901138
v -12.7 0.949999988079071 0.05000000074505806
v -12.7 0.050000011920928955 0.05000000074505806
v -12.670610737800597 0.050000011920928955 0.04045084863901138
v -12.652447175979614 0.050000011920928955 0.015450850129127502
v -12.652447175979614 0.050000011920928955 -0.015450850129127502
v -12.670610737800597 0.050000011920928955 -0.04045084863901138
v -12.7 0.050000011920928955 -0.05000000074505806
v -12.729389262199401 0.050000011920928955 -0.04045084863901138
v -12.747552824020385 0.050000011920928955 -0.015450850129127502
v -12.747552824020385 0.050000011920928955 0.015450850129127502
v -12.729389262199401 0.050000011920928955 0.04045084863901138
v -12.7 0.050000011920928955 0.05000000074505806
v -12.7 0.949999988079071 0
v -12.7 0.949999988079071 0
v -12.7 0.949999988079071 0
v -12.7 0.949999988079071 0
v -12.7 0.949999988079071 0
v -12.7 0.949999988079071 0
v -12.7 0.949999988079071 0
v -12.7 0.949999988079071 0
v -12.7 0.949999988079071 0
v -12.7 0.949999988079071 0
v -12.7 0.949999988079071 0.05000000074505806
v -12.670610737800597 0.949999988079071 0.04045084863901138
v -12.652447175979614 0.949999988079071 0.015450850129127502
v -12.652447175979614 0.949999988079071 -0.015450850129127502
v -12.670610737800597 0.949999988079071 -0.04045084863901138
v -12.7 0.949999988079071 -0.05000000074505806
v -12.729389262199401 0.949999988079071 -0.04045084863901138
v -12.747552824020385 0.949999988079071 -0.015450850129127502
v -12.747552824020385 0.949999988079071 0.015450850129127502
v -12.729389262199401 0.949999988079071 0.04045084863901138
v -12.7 0.949999988079071 0.05000000074505806
v -12.7 0.050000011920928955 0
v -12.7 0.050000011920928955 0
v -12.7 0.050000011920928955 0
v -12.7 0.050000011920928955 0
v -12.7 0.050000011920928955 0
v -12.7 0.050000011920928955 0
v -12.7 0.050000011920928955 0
v -12.7 0.050000011920928955 0
v -12.7 0.050000011920928955 0
v -12.7 0.050000011920928955 0
v -12.7 0.050000011920928955 0.05000000074505806
v -12.670610737800597 0.050000011920928955 0.04045084863901138
v -12.652447175979614 0.050000011920928955 0.015450850129127502
v -12.652447175979614 0.050000011920928955 -0.015450850129127502
v -12.670610737800597 0.050000011920928955 -0.04045084863901138
v -12.7 0.050000011920928955 -0.05000000074505806
v -12.729389262199401 0.050000011920928955 -0.04045084863901138
v -12.747552824020385 0.050000011920928955 -0.015450850129127502
v -12.747552824020385 0.050000011920928955 0.015450850129127502
v -12.729389262199401 0.050000011920928955 0.04045084863901138
v -12.7 0.050000011920928955 0.05000000074505806
vt 0 1
vt 0.10000000149011612 1
vt 0.20000000298023224 1
vt 0.30000001192092896 1
vt 0.4000000059604645 1
vt 0.5 1
vt 0.6000000238418579 1
vt 0.699999988079071 1
vt 0.800000011920929 1
vt 0.8999999761581421 1
vt 1 1
vt 0 0
vt 0.10000000149011612 0
vt 0.20000000298023224 0
vt 0.30000001192092896 0
vt 0.4000000059604645 0
vt 0.5 0
vt 0.6000000238418579 0
vt 0.699999988079071 0
vt 0.800000011920929 0
vt 0.8999999761581421 0
vt 1 0
vt 0.5 0.5
vt 0.5 0.5
vt 0.5 0.5
vt 0.5 0.5
vt 0.5 0.5
vt 0.5 0.5
vt 0.5 0.5
vt 0.5 0.5
vt 0.5 0.5
vt 0.5 0.5
vt 1 0.5
vt 0.9045084714889526 0.7938926219940186
vt 0.6545084714889526 0.9755282402038574
vt 0.345491498708725 0.9755282402038574
vt 0.09549150615930557 0.7938926219940186
vt 0 0.5
vt 0.09549150615930557 0.20610737800598145
vt 0.345491498708725 0.024471741169691086
vt 0.6545084714889526 0.024471741169691086
vt 0.9045084714889526 0.20610737800598145
vt 1 0.5
vt 0.5 0.5
vt 0.5 0.5
vt 0.5 0.5
vt 0.5 0.5
vt 0.5 0.5
vt 0.5 0.5
vt 0.5 0.5
vt 0.5 0.5
vt 0.5 0.5
vt 0.5 0.5
vt 1 0.5
vt 0.9045084714889526 0.20610737800598145
vt 0.6545084714889526 0.024471741169691086
vt 0.345491498708725 0.024471741169691086
vt 0.09549150615930557 0.20610737800598145
vt 0 0.5
vt 0.09549150615930557 0.7938926219940186
vt 0.345491498708725 0.9755282402038574
vt 0.6545084714889526 0.9755282402038574
vt 0.9045084714889526 0.7938926219940186
vt 1 0.5
vn 0 0 1
vn 0.5877852429542022 0 0.8090170011595983
vn 0.9510565161477913 0 0.3090169948284817
vn 0.9510565161477913 0 -0.3090169948284817
vn 0.5877852429542022 0 -0.8090170011595983
vn 1.2246468525851679e-16 0 -1
vn -0.5877852429542022 0 -0.8090170011595983
vn -0.9510565161477913 0 -0.3090169948284817
vn -0.9510565161477913 0 0.3090169948284817
vn -0.5877852429542022 0 0.8090170011595983
vn -2.4492937051703357e-16 0 1
vn 0 0 1
vn 0.5877852429542022 0 0.8090170011595983
vn 0.9510565161477913 0 0.3090169948284817
vn 0.9510565161477913 0 -0.3090169948284817
vn 0.5877852429542022 0 -0.8090170011595983
vn 1.2246468525851679e-16 0 -1
vn -0.5877852429542022 0 -0.8090170011595983
vn -0.9510565161477913 0 -0.3090169948284817
vn -0.9510565161477913 0 0.3090169948284817
vn -0.5877852429542022 0 0.8090170011595983
vn -2.4492937051703357e-16 0 1
vn 0 1 0
vn 0 1 0
vn 0 1 0
vn 0 1 0
vn 0 1 0
vn 0 1 0
vn 0 1 0
vn 0 1 0
vn 0 1 0
vn 0 1 0
vn 0 1 0
vn 0 1 0
vn 0 1 0
vn 0 1 0
vn 0 1 0
vn 0 1 0
vn 0 1 0
vn 0 1 0
vn 0 1 0
vn 0 1 0
vn 0 1 0
vn 0 -1 0
vn 0 -1 0
vn 0 -1 0
vn 0 -1 0
vn 0 -1 0
vn 0 -1 0
vn 0 -1 0
vn 0 -1 0
vn 0 -1 0
vn 0 -1 0
vn 0 -1 0
vn 0 -1 0
vn 0 -1 0
vn 0 -1 0
vn 0 -1 0
vn 0 -1 0
vn 0 -1 0
vn 0 -1 0
vn 0 -1 0
vn 0 -1 0
vn 0 -1 0
f 575/193/193 586/204/204 576/194/194
f 586/204/204 587/205/205 576/194/194
f 576/194/194 587/205/205 577/195/195
f 587/205/205 588/206/206 577/195/195
f 577/195/195 588/206/206 578/196/196
f 588/206/206 589/207/207 578/196/196
f 578/196/196 589/207/207 579/197/197
f 589/207/207 590/208/208 579/197/197
f 579/197/197 590/208/208 580/198/198
f 590/208/208 591/209/209 580/198/198
f 580/198/198 591/209/209 581/199/199
f 591/209/209 592/210/210 581/199/199
f 581/199/199 592/210/210 582/200/200
f 592/210/210 593/211/211 582/200/200
f 582/200/200 593/211/211 583/201/201
f 593/211/211 594/212/212 583/201/201
f 583/201/201 594/212/212 584/202/202
f 594/212/212 595/213/213 584/202/202
f 584/202/202 595/213/213 585/203/203
f 595/213/213 596/214/214 585/203/203
f 607/225/225 608/226/226 597/215/215
f 608/226/226 609/227/227 598/216/216
f 609/227/227 610/228/228 599/217/217
f 610/228/228 611/229/229 600/218/218
f 611/229/229 612/230/230 601/219/219
f 612/230/230 613/231/231 602/220/220
f 613/231/231 614/232/232 603/221/221
f 614/232/232 615/233/233 604/222/222
f 615/233/233 616/234/234 605/223/223
f 616/234/234 617/235/235 606/224/224
f 629/247/247 628/246/246 618/236/236
f 630/248/248 629/247/247 619/237/237
f 631/249/249 630/248/248 620/238/238
f 632/250/250 631/249/249 621/239/239
f 633/251/251 632/250/250 622/240/240
f 634/252/252 633/251/251 623/241/241
f 635/253/253 634/252/252 624/242/242
f 636/254/254 635/253/253 625/243/243
f 637/255/255 636/254/254 626/244/244
f 638/256/256 637/255/255 627/245/245
o pata_banda_a_aristas
v -12.670610737800597 0.949999988079071 0.04045084863901138
v -12.670610737800597 0.050000011920928955 0.04045084863901138
v -12.652447175979614 0.949999988079071 0.015450850129127502
v -12.652447175979614 0.050000011920928955 0.015450850129127502
v -12.652447175979614 0.949999988079071 -0.015450850129127502
v -12.652447175979614 0.050000011920928955 -0.015450850129127502
v -12.670610737800597 0.949999988079071 -0.04045084863901138
v -12.670610737800597 0.050000011920928955 -0.04045084863901138
v -12.7 0.949999988079071 -0.05000000074505806
v -12.7 0.050000011920928955 -0.05000000074505806
v -12.729389262199401 0.949999988079071 -0.04045084863901138
v -12.729389262199401 0.050000011920928955 -0.04045084863901138
v -12.747552824020385 0.949999988079071 -0.015450850129127502
v -12.747552824020385 0.050000011920928955 -0.015450850129127502
v -12.747552824020385 0.949999988079071 0.015450850129127502
v -12.747552824020385 0.050000011920928955 0.015450850129127502
v -12.729389262199401 0.949999988079071 0.04045084863901138
v -12.729389262199401 0.050000011920928955 0.04045084863901138
v -12.7 0.050000011920928955 0.05000000074505806
v -12.7 0.949999988079071 0.05000000074505806
v -12.7 0.949999988079071 0.05000000074505806
v -12.670610737800597 0.949999988079071 0.04045084863901138
v -12.670610737800597 0.949999988079071 0.04045084863901138
v -12.652447175979614 0.949999988079071 0.015450850129127502
v -12.652447175979614 0.949999988079071 0.015450850129127502
v -12.652447175979614 0.949999988079071 -0.015450850129127502
v -12.652447175979614 0.949999988079071 -0.015450850129127502
v -12.670610737800597 0.949999988079071 -0.04045084863901138
v -12.670610737800597 0.949999988079071 -0.04045084863901138
v -12.7 0.949999988079071 -0.05000000074505806
v -12.7 0.949999988079071 -0.05000000074505806
v -12.729389262199401 0.949999988079071 -0.04045084863901138
v -12.729389262199401 0.949999988079071 -0.04045084863901138
v -12.747552824020385 0.949999988079071 -0.015450850129127502
v -12.747552824020385 0.949999988079071 -0.015450850129127502
v -12.747552824020385 0.949999988079071 0.015450850129127502
v -12.747552824020385 0.949999988079071 0.015450850129127502
v -12.729389262199401 0.949999988079071 0.04045084863901138
v -12.729389262199401 0.949999988079071 0.04045084863901138
v -12.7 0.949999988079071 0.05000000074505806
v -12.670610737800597 0.050000011920928955 0.04045084863901138
v -12.7 0.050000011920928955 0.05000000074505806
v -12.652447175979614 0.050000011920928955 0.015450850129127502
v -12.670610737800597 0.050000011920928955 0.04045084863901138
v -12.652447175979614 0.050000011920928955 -0.015450850129127502
v -12.652447175979614 0.050000011920928955 0.015450850129127502
v -12.670610737800597 0.050000011920928955 -0.04045084863901138
v -12.652447175979614 0.050000011920928955 -0.015450850129127502
v -12.7 0.050000011920928955 -0.05000000074505806
v -12.670610737800597 0.050000011920928955 -0.04045084863901138
v -12.729389262199401 0.050000011920928955 -0.04045084863901138
v -12.7 0.050000011920928955 -0.05000000074505806
v -12.747552824020385 0.050000011920928955 -0.015450850129127502
v -12.729389262199401 0.050000011920928955 -0.04045084863901138
v -12.747552824020385 0.050000011920928955 0.015450850129127502
v -12.747552824020385 0.050000011920928955 -0.015450850129127502
v -12.729389262199401 0.050000011920928955 0.04045084863901138
v -12.747552824020385 0.050000011920928955 0.015450850129127502
v -12.7 0.050000011920928955 0.05000000074505806
v -12.729389262199401 0.050000011920928955 0.04045084863901138
l 639 640
l 641 642
l 643 644
l 645 646
l 647 648
l 649 650
l 651 652
l 653 654
l 655 656
l 657 658
l 659 660
l 661 662
l 663 664
l 665 666
l 667 668
l 669 670
l 671 672
l 673 674
l 675 676
l 677 678
l 679 680
l 681 682
l 683 684
l 685 686
l 687 688
l 689 690
l 691 692
l 693 694
l 695 696
l 697 698
o pata_banda_b_cuerpo
usemtl relleno_oscuro
v -10.5 1.170000011920929 0.05000000074505806
v -10.470610737800598 1.170000011920929 0.04045084863901138
v -10.452447175979614 1.170000011920929 0.015450850129127502
v -10.452447175979614 1.170000011920929 -0.015450850129127502
v -10.470610737800598 1.170000011920929 -0.04045084863901138
v -10.5 1.170000011920929 -0.05000000074505806
v -10.529389262199402 1.170000011920929 -0.04045084863901138
v -10.547552824020386 1.170000011920929 -0.015450850129127502
v -10.547552824020386 1.170000011920929 0.015450850129127502
v -10.529389262199402 1.170000011920929 0.04045084863901138
v -10.5 1.170000011920929 0.05000000074505806
v -10.5 0.06999998807907104 0.05000000074505806
v -10.470610737800598 0.06999998807907104 0.04045084863901138
v -10.452447175979614 0.06999998807907104 0.015450850129127502
v -10.452447175979614 0.06999998807907104 -0.015450850129127502
v -10.470610737800598 0.06999998807907104 -0.04045084863901138
v -10.5 0.06999998807907104 -0.05000000074505806
v -10.529389262199402 0.06999998807907104 -0.04045084863901138
v -10.547552824020386 0.06999998807907104 -0.015450850129127502
v -10.547552824020386 0.06999998807907104 0.015450850129127502
v -10.529389262199402 0.06999998807907104 0.04045084863901138
v -10.5 0.06999998807907104 0.05000000074505806
v -10.5 1.170000011920929 0
v -10.5 1.170000011920929 0
v -10.5 1.170000011920929 0
v -10.5 1.170000011920929 0
v -10.5 1.170000011920929 0
v -10.5 1.170000011920929 0
v -10.5 1.170000011920929 0
v -10.5 1.170000011920929 0
v -10.5 1.170000011920929 0
v -10.5 1.170000011920929 0
v -10.5 1.170000011920929 0.05000000074505806
v -10.470610737800598 1.170000011920929 0.04045084863901138
v -10.452447175979614 1.170000011920929 0.015450850129127502
v -10.452447175979614 1.170000011920929 -0.015450850129127502
v -10.470610737800598 1.170000011920929 -0.04045084863901138
v -10.5 1.170000011920929 -0.05000000074505806
v -10.529389262199402 1.170000011920929 -0.04045084863901138
v -10.547552824020386 1.170000011920929 -0.015450850129127502
v -10.547552824020386 1.170000011920929 0.015450850129127502
v -10.529389262199402 1.170000011920929 0.04045084863901138
v -10.5 1.170000011920929 0.05000000074505806
v -10.5 0.06999998807907104 0
v -10.5 0.06999998807907104 0
v -10.5 0.06999998807907104 0
v -10.5 0.06999998807907104 0
v -10.5 0.06999998807907104 0
v -10.5 0.06999998807907104 0
v -10.5 0.06999998807907104 0
v -10.5 0.06999998807907104 0
v -10.5 0.06999998807907104 0
v -10.5 0.06999998807907104 0
v -10.5 0.06999998807907104 0.05000000074505806
v -10.470610737800598 0.06999998807907104 0.04045084863901138
v -10.452447175979614 0.06999998807907104 0.015450850129127502
v -10.452447175979614 0.06999998807907104 -0.015450850129127502
v -10.470610737800598 0.06999998807907104 -0.04045084863901138
v -10.5 0.06999998807907104 -0.05000000074505806
v -10.529389262199402 0.06999998807907104 -0.04045084863901138
v -10.547552824020386 0.06999998807907104 -0.015450850129127502
v -10.547552824020386 0.06999998807907104 0.015450850129127502
v -10.529389262199402 0.06999998807907104 0.04045084863901138
v -10.5 0.06999998807907104 0.05000000074505806
vt 0 1
vt 0.10000000149011612 1
vt 0.20000000298023224 1
vt 0.30000001192092896 1
vt 0.4000000059604645 1
vt 0.5 1
vt 0.6000000238418579 1
vt 0.699999988079071 1
vt 0.800000011920929 1
vt 0.8999999761581421 1
vt 1 1
vt 0 0
vt 0.10000000149011612 0
vt 0.20000000298023224 0
vt 0.30000001192092896 0
vt 0.4000000059604645 0
vt 0.5 0
vt 0.6000000238418579 0
vt 0.699999988079071 0
vt 0.800000011920929 0
vt 0.8999999761581421 0
vt 1 0
vt 0.5 0.5
vt 0.5 0.5
vt 0.5 0.5
vt 0.5 0.5
vt 0.5 0.5
vt 0.5 0.5
vt 0.5 0.5
vt 0.5 0.5
vt 0.5 0.5
vt 0.5 0.5
vt 1 0.5
vt 0.9045084714889526 0.7938926219940186
vt 0.6545084714889526 0.9755282402038574
vt 0.345491498708725 0.9755282402038574
vt 0.09549150615930557 0.7938926219940186
vt 0 0.5
vt 0.09549150615930557 0.20610737800598145
vt 0.345491498708725 0.024471741169691086
vt 0.6545084714889526 0.024471741169691086
vt 0.9045084714889526 0.20610737800598145
vt 1 0.5
vt 0.5 0.5
vt 0.5 0.5
vt 0.5 0.5
vt 0.5 0.5
vt 0.5 0.5
vt 0.5 0.5
vt 0.5 0.5
vt 0.5 0.5
vt 0.5 0.5
vt 0.5 0.5
vt 1 0.5
vt 0.9045084714889526 0.20610737800598145
vt 0.6545084714889526 0.024471741169691086
vt 0.345491498708725 0.024471741169691086
vt 0.09549150615930557 0.20610737800598145
vt 0 0.5
vt 0.09549150615930557 0.7938926219940186
vt 0.345491498708725 0.9755282402038574
vt 0.6545084714889526 0.9755282402038574
vt 0.9045084714889526 0.7938926219940186
vt 1 0.5
vn 0 0 1
vn 0.5877852429542022 0 0.8090170011595983
vn 0.9510565161477913 0 0.3090169948284817
vn 0.9510565161477913 0 -0.3090169948284817
vn 0.5877852429542022 0 -0.8090170011595983
vn 1.2246468525851679e-16 0 -1
vn -0.5877852429542022 0 -0.8090170011595983
vn -0.9510565161477913 0 -0.3090169948284817
vn -0.9510565161477913 0 0.3090169948284817
vn -0.5877852429542022 0 0.8090170011595983
vn -2.4492937051703357e-16 0 1
vn 0 0 1
vn 0.5877852429542022 0 0.8090170011595983
vn 0.9510565161477913 0 0.3090169948284817
vn 0.9510565161477913 0 -0.3090169948284817
vn 0.5877852429542022 0 -0.8090170011595983
vn 1.2246468525851679e-16 0 -1
vn -0.5877852429542022 0 -0.8090170011595983
vn -0.9510565161477913 0 -0.3090169948284817
vn -0.9510565161477913 0 0.3090169948284817
vn -0.5877852429542022 0 0.8090170011595983
vn -2.4492937051703357e-16 0 1
vn 0 1 0
vn 0 1 0
vn 0 1 0
vn 0 1 0
vn 0 1 0
vn 0 1 0
vn 0 1 0
vn 0 1 0
vn 0 1 0
vn 0 1 0
vn 0 1 0
vn 0 1 0
vn 0 1 0
vn 0 1 0
vn 0 1 0
vn 0 1 0
vn 0 1 0
vn 0 1 0
vn 0 1 0
vn 0 1 0
vn 0 1 0
vn 0 -1 0
vn 0 -1 0
vn 0 -1 0
vn 0 -1 0
vn 0 -1 0
vn 0 -1 0
vn 0 -1 0
vn 0 -1 0
vn 0 -1 0
vn 0 -1 0
vn 0 -1 0
vn 0 -1 0
vn 0 -1 0
vn 0 -1 0
vn 0 -1 0
vn 0 -1 0
vn 0 -1 0
vn 0 -1 0
vn 0 -1 0
vn 0 -1 0
vn 0 -1 0
f 699/257/257 710/268/268 700/258/258
f 710/268/268 711/269/269 700/258/258
f 700/258/258 711/269/269 701/259/259
f 711/269/269 712/270/270 701/259/259
f 701/259/259 712/270/270 702/260/260
f 712/270/270 713/271/271 702/260/260
f 702/260/260 713/271/271 703/261/261
f 713/271/271 714/272/272 703/261/261
f 703/261/261 714/272/272 704/262/262
f 714/272/272 715/273/273 704/262/262
f 704/262/262 715/273/273 705/263/263
f 715/273/273 716/274/274 705/263/263
f 705/263/263 716/274/274 706/264/264
f 716/274/274 717/275/275 706/264/264
f 706/264/264 717/275/275 707/265/265
f 717/275/275 718/276/276 707/265/265
f 707/265/265 718/276/276 708/266/266
f 718/276/276 719/277/277 708/266/266
f 708/266/266 719/277/277 709/267/267
f 719/277/277 720/278/278 709/267/267
f 731/289/289 732/290/290 721/279/279
f 732/290/290 733/291/291 722/280/280
f 733/291/291 734/292/292 723/281/281
f 734/292/292 735/293/293 724/282/282
f 735/293/293 736/294/294 725/283/283
f 736/294/294 737/295/295 726/284/284
f 737/295/295 738/296/296 727/285/285
f 738/296/296 739/297/297 728/286/286
f 739/297/297 740/298/298 729/287/287
f 740/298/298 741/299/299 730/288/288
f 753/311/311 752/310/310 742/300/300
f 754/312/312 753/311/311 743/301/301
f 755/313/313 754/312/312 744/302/302
f 756/314/314 755/313/313 745/303/303
f 757/315/315 756/314/314 746/304/304
f 758/316/316 757/315/315 747/305/305
f 759/317/317 758/316/316 748/306/306
f 760/318/318 759/317/317 749/307/307
f 761/319/319 760/318/318 750/308/308
f 762/320/320 761/319/319 751/309/309
o pata_banda_b_aristas
v -10.470610737800598 1.170000011920929 0.04045084863901138
v -10.470610737800598 0.06999998807907104 0.04045084863901138
v -10.452447175979614 1.170000011920929 0.015450850129127502
v -10.452447175979614 0.06999998807907104 0.015450850129127502
v -10.452447175979614 1.170000011920929 -0.015450850129127502
v -10.452447175979614 0.06999998807907104 -0.015450850129127502
v -10.470610737800598 1.170000011920929 -0.04045084863901138
v -10.470610737800598 0.06999998807907104 -0.04045084863901138
v -10.5 1.170000011920929 -0.05000000074505806
v -10.5 0.06999998807907104 -0.05000000074505806
v -10.529389262199402 1.170000011920929 -0.04045084863901138
v -10.529389262199402 0.06999998807907104 -0.04045084863901138
v -10.547552824020386 1.170000011920929 -0.015450850129127502
v -10.547552824020386 0.06999998807907104 -0.015450850129127502
v -10.547552824020386 1.170000011920929 0.015450850129127502
v -10.547552824020386 0.06999998807907104 0.015450850129127502
v -10.529389262199402 1.170000011920929 0.04045084863901138
v -10.529389262199402 0.06999998807907104 0.04045084863901138
v -10.5 0.06999998807907104 0.05000000074505806
v -10.5 1.170000011920929 0.05000000074505806
v -10.5 1.170000011920929 0.05000000074505806
v -10.470610737800598 1.170000011920929 0.04045084863901138
v -10.470610737800598 1.170000011920929 0.04045084863901138
v -10.452447175979614 1.170000011920929 0.015450850129127502
v -10.452447175979614 1.170000011920929 0.015450850129127502
v -10.452447175979614 1.170000011920929 -0.015450850129127502
v -10.452447175979614 1.170000011920929 -0.015450850129127502
v -10.470610737800598 1.170000011920929 -0.04045084863901138
v -10.470610737800598 1.170000011920929 -0.04045084863901138
v -10.5 1.170000011920929 -0.05000000074505806
v -10.5 1.170000011920929 -0.05000000074505806
v -10.529389262199402 1.170000011920929 -0.04045084863901138
v -10.529389262199402 1.170000011920929 -0.04045084863901138
v -10.547552824020386 1.170000011920929 -0.015450850129127502
v -10.547552824020386 1.170000011920929 -0.015450850129127502
v -10.547552824020386 1.170000011920929 0.015450850129127502
v -10.547552824020386 1.170000011920929 0.015450850129127502
v -10.529389262199402 1.170000011920929 0.04045084863901138
v -10.529389262199402 1.170000011920929 0.04045084863901138
v -10.5 1.170000011920929 0.05000000074505806
v -10.470610737800598 0.06999998807907104 0.04045084863901138
v -10.5 0.06999998807907104 0.05000000074505806
v -10.452447175979614 0.06999998807907104 0.015450850129127502
v -10.470610737800598 0.06999998807907104 0.04045084863901138
v -10.452447175979614 0.06999998807907104 -0.015450850129127502
v -10.452447175979614 0.06999998807907104 0.015450850129127502
v -10.470610737800598 0.06999998807907104 -0.04045084863901138
v -10.452447175979614 0.06999998807907104 -0.015450850129127502
v -10.5 0.06999998807907104 -0.05000000074505806
v -10.470610737800598 0.06999998807907104 -0.04045084863901138
v -10.529389262199402 0.06999998807907104 -0.04045084863901138
v -10.5 0.06999998807907104 -0.05000000074505806
v -10.547552824020386 0.06999998807907104 -0.015450850129127502
v -10.529389262199402 0.06999998807907104 -0.04045084863901138
v -10.547552824020386 0.06999998807907104 0.015450850129127502
v -10.547552824020386 0.06999998807907104 -0.015450850129127502
v -10.529389262199402 0.06999998807907104 0.04045084863901138
v -10.547552824020386 0.06999998807907104 0.015450850129127502
v -10.5 0.06999998807907104 0.05000000074505806
v -10.529389262199402 0.06999998807907104 0.04045084863901138
l 763 764
l 765 766
l 767 768
l 769 770
l 771 772
l 773 774
l 775 776
l 777 778
l 779 780
l 781 782
l 783 784
l 785 786
l 787 788
l 789 790
l 791 792
l 793 794
l 795 796
l 797 798
l 799 800
l 801 802
l 803 804
l 805 806
l 807 808
l 809 810
l 811 812
l 813 814
l 815 816
l 817 818
l 819 820
l 821 822
o cubo_rechazos_cuerpo
usemtl relleno_oscuro
v -10.724999994039536 0.5 1.4250000059604644
v -10.724999994039536 0.5 0.8749999940395354
v -10.724999994039536 0 1.4250000059604644
v -10.724999994039536 0 0.8749999940395354
v -11.275000005960464 0.5 0.8749999940395354
v -11.275000005960464 0.5 1.4250000059604644
v -11.275000005960464 0 0.8749999940395354
v -11.275000005960464 0 1.4250000059604644
v -11.275000005960464 0.5 0.8749999940395354
v -10.724999994039536 0.5 0.8749999940395354
v -11.275000005960464 0.5 1.4250000059604644
v -10.724999994039536 0.5 1.4250000059604644
v -11.275000005960464 0 1.4250000059604644
v -10.724999994039536 0 1.4250000059604644
v -11.275000005960464 0 0.8749999940395354
v -10.724999994039536 0 0.8749999940395354
v -11.275000005960464 0.5 1.4250000059604644
v -10.724999994039536 0.5 1.4250000059604644
v -11.275000005960464 0 1.4250000059604644
v -10.724999994039536 0 1.4250000059604644
v -10.724999994039536 0.5 0.8749999940395354
v -11.275000005960464 0.5 0.8749999940395354
v -10.724999994039536 0 0.8749999940395354
v -11.275000005960464 0 0.8749999940395354
vt 0 1
vt 1 1
vt 0 0
vt 1 0
vt 0 1
vt 1 1
vt 0 0
vt 1 0
vt 0 1
vt 1 1
vt 0 0
vt 1 0
vt 0 1
vt 1 1
vt 0 0
vt 1 0
vt 0 1
vt 1 1
vt 0 0
vt 1 0
vt 0 1
vt 1 1
vt 0 0
vt 1 0
vn 1 0 0
vn 1 0 0
vn 1 0 0
vn 1 0 0
vn -1 0 0
vn -1 0 0
vn -1 0 0
vn -1 0 0
vn 0 1 0
vn 0 1 0
vn 0 1 0
vn 0 1 0
vn 0 -1 0
vn 0 -1 0
vn 0 -1 0
vn 0 -1 0
vn 0 0 1
vn 0 0 1
vn 0 0 1
vn 0 0 1
vn 0 0 -1
vn 0 0 -1
vn 0 0 -1
vn 0 0 -1
f 823/321/321 825/323/323 824/322/322
f 825/323/323 826/324/324 824/322/322
f 827/325/325 829/327/327 828/326/326
f 829/327/327 830/328/328 828/326/326
f 831/329/329 833/331/331 832/330/330
f 833/331/331 834/332/332 832/330/330
f 835/333/333 837/335/335 836/334/334
f 837/335/335 838/336/336 836/334/334
f 839/337/337 841/339/339 840/338/338
f 841/339/339 842/340/340 840/338/338
f 843/341/341 845/343/343 844/342/342
f 845/343/343 846/344/344 844/342/342
o cubo_rechazos_aristas
v -11.275000005960464 0.5 0.8749999940395354
v -11.275000005960464 0.5 1.4250000059604644
v -10.724999994039536 0.5 1.4250000059604644
v -10.724999994039536 0.5 0.8749999940395354
v -11.275000005960464 0 1.4250000059604644
v -11.275000005960464 0 0.8749999940395354
v -10.724999994039536 0 0.8749999940395354
v -10.724999994039536 0 1.4250000059604644
v -11.275000005960464 0.5 1.4250000059604644
v -11.275000005960464 0 1.4250000059604644
v -10.724999994039536 0.5 1.4250000059604644
v -11.275000005960464 0.5 1.4250000059604644
v -11.275000005960464 0 1.4250000059604644
v -10.724999994039536 0 1.4250000059604644
v -10.724999994039536 0 1.4250000059604644
v -10.724999994039536 0.5 1.4250000059604644
v -10.724999994039536 0.5 0.8749999940395354
v -10.724999994039536 0 0.8749999940395354
v -11.275000005960464 0.5 0.8749999940395354
v -10.724999994039536 0.5 0.8749999940395354
v -10.724999994039536 0 0.8749999940395354
v -11.275000005960464 0 0.8749999940395354
v -11.275000005960464 0 0.8749999940395354
v -11.275000005960464 0.5 0.8749999940395354
l 847 848
l 849 850
l 851 852
l 853 854
l 855 856
l 857 858
l 859 860
l 861 862
l 863 864
l 865 866
l 867 868
l 869 870
o guia
v -11.600000381469727 1.350000023841858 0
v -11.600000381469727 3.9700000286102295 0
l 871 872 
o triturador_cuerpo_cuerpo
usemtl relleno_oscuro
v -7.975 1.200000023841858 0.625
v -7.975 1.200000023841858 -0.625
v -7.975 -2.384185793236071e-8 0.625
v -7.975 -2.384185793236071e-8 -0.625
v -9.225 1.200000023841858 -0.625
v -9.225 1.200000023841858 0.625
v -9.225 -2.384185793236071e-8 -0.625
v -9.225 -2.384185793236071e-8 0.625
v -9.225 1.200000023841858 -0.625
v -7.975 1.200000023841858 -0.625
v -9.225 1.200000023841858 0.625
v -7.975 1.200000023841858 0.625
v -9.225 -2.384185793236071e-8 0.625
v -7.975 -2.384185793236071e-8 0.625
v -9.225 -2.384185793236071e-8 -0.625
v -7.975 -2.384185793236071e-8 -0.625
v -9.225 1.200000023841858 0.625
v -7.975 1.200000023841858 0.625
v -9.225 -2.384185793236071e-8 0.625
v -7.975 -2.384185793236071e-8 0.625
v -7.975 1.200000023841858 -0.625
v -9.225 1.200000023841858 -0.625
v -7.975 -2.384185793236071e-8 -0.625
v -9.225 -2.384185793236071e-8 -0.625
vt 0 1
vt 1 1
vt 0 0
vt 1 0
vt 0 1
vt 1 1
vt 0 0
vt 1 0
vt 0 1
vt 1 1
vt 0 0
vt 1 0
vt 0 1
vt 1 1
vt 0 0
vt 1 0
vt 0 1
vt 1 1
vt 0 0
vt 1 0
vt 0 1
vt 1 1
vt 0 0
vt 1 0
vn 1 0 0
vn 1 0 0
vn 1 0 0
vn 1 0 0
vn -1 0 0
vn -1 0 0
vn -1 0 0
vn -1 0 0
vn 0 1 0
vn 0 1 0
vn 0 1 0
vn 0 1 0
vn 0 -1 0
vn 0 -1 0
vn 0 -1 0
vn 0 -1 0
vn 0 0 1
vn 0 0 1
vn 0 0 1
vn 0 0 1
vn 0 0 -1
vn 0 0 -1
vn 0 0 -1
vn 0 0 -1
f 873/345/345 875/347/347 874/346/346
f 875/347/347 876/348/348 874/346/346
f 877/349/349 879/351/351 878/350/350
f 879/351/351 880/352/352 878/350/350
f 881/353/353 883/355/355 882/354/354
f 883/355/355 884/356/356 882/354/354
f 885/357/357 887/359/359 886/358/358
f 887/359/359 888/360/360 886/358/358
f 889/361/361 891/363/363 890/362/362
f 891/363/363 892/364/364 890/362/362
f 893/365/365 895/367/367 894/366/366
f 895/367/367 896/368/368 894/366/366
o triturador_cuerpo_aristas
v -9.225 1.200000023841858 -0.625
v -9.225 1.200000023841858 0.625
v -7.975 1.200000023841858 0.625
v -7.975 1.200000023841858 -0.625
v -9.225 -2.384185793236071e-8 0.625
v -9.225 -2.384185793236071e-8 -0.625
v -7.975 -2.384185793236071e-8 -0.625
v -7.975 -2.384185793236071e-8 0.625
v -9.225 1.200000023841858 0.625
v -9.225 -2.384185793236071e-8 0.625
v -7.975 1.200000023841858 0.625
v -9.225 1.200000023841858 0.625
v -9.225 -2.384185793236071e-8 0.625
v -7.975 -2.384185793236071e-8 0.625
v -7.975 -2.384185793236071e-8 0.625
v -7.975 1.200000023841858 0.625
v -7.975 1.200000023841858 -0.625
v -7.975 -2.384185793236071e-8 -0.625
v -9.225 1.200000023841858 -0.625
v -7.975 1.200000023841858 -0.625
v -7.975 -2.384185793236071e-8 -0.625
v -9.225 -2.384185793236071e-8 -0.625
v -9.225 -2.384185793236071e-8 -0.625
v -9.225 1.200000023841858 -0.625
l 897 898
l 899 900
l 901 902
l 903 904
l 905 906
l 907 908
l 909 910
l 911 912
l 913 914
l 915 916
l 917 918
l 919 920
o triturador_tolva_cuerpo
usemtl relleno_oscuro
v -7.998959219132695 1.8999999940395356 0.6010407808673047
v -7.998959219132695 1.8999999940395356 -0.6010407808673048
v -9.201040780867304 1.8999999940395356 -0.6010407808673048
v -9.201040780867304 1.8999999940395356 0.6010407808673047
v -7.998959219132695 1.8999999940395356 0.6010407808673048
v -8.303015161173956 1.2000000059604645 0.29698483882604326
v -8.303015161173956 1.2000000059604645 -0.2969848388260433
v -8.896984838826043 1.2000000059604645 -0.2969848388260433
v -8.896984838826043 1.2000000059604645 0.29698483882604326
v -8.303015161173956 1.2000000059604645 0.2969848388260433
v -8.6 1.8999999940395356 0
v -8.6 1.8999999940395356 0
v -8.6 1.8999999940395356 0
v -8.6 1.8999999940395356 0
v -7.998959219132695 1.8999999940395356 0.6010407808673047
v -7.998959219132695 1.8999999940395356 -0.6010407808673048
v -9.201040780867304 1.8999999940395356 -0.6010407808673048
v -9.201040780867304 1.8999999940395356 0.6010407808673047
v -7.998959219132695 1.8999999940395356 0.6010407808673048
v -8.6 1.2000000059604645 0
v -8.6 1.2000000059604645 0
v -8.6 1.2000000059604645 0
v -8.6 1.2000000059604645 0
v -8.303015161173956 1.2000000059604645 0.29698483882604326
v -8.303015161173956 1.2000000059604645 -0.2969848388260433
v -8.896984838826043 1.2000000059604645 -0.2969848388260433
v -8.896984838826043 1.2000000059604645 0.29698483882604326
v -8.303015161173956 1.2000000059604645 0.2969848388260433
vt 0 1
vt 0.25 1
vt 0.5 1
vt 0.75 1
vt 1 1
vt 0 0
vt 0.25 0
vt 0.5 0
vt 0.75 0
vt 1 0
vt 0.5 0.5
vt 0.5 0.5
vt 0.5 0.5
vt 0.5 0.5
vt 1 0.5
vt 0.5 1
vt 0 0.5
vt 0.5 0
vt 1 0.5
vt 0.5 0.5
vt 0.5 0.5
vt 0.5 0.5
vt 0.5 0.5
vt 1 0.5
vt 0.5 0
vt 0 0.5
vt 0.5 1
vt 1 0.5
vn 0.6025087023653248 -0.5234181188572908 0.6025087023653247
vn 0.6025087023653247 -0.5234181188572908 -0.6025087023653248
vn -0.6025087023653247 -0.5234181188572908 -0.6025087023653248
vn -0.6025087023653248 -0.5234181188572908 0.6025087023653247
vn 0.6025087023653247 -0.5234181188572908 0.6025087023653248
vn 0.6025087023653248 -0.5234181188572908 0.6025087023653247
vn 0.6025087023653247 -0.5234181188572908 -0.6025087023653248
vn -0.6025087023653247 -0.5234181188572908 -0.6025087023653248
vn -0.6025087023653248 -0.5234181188572908 0.6025087023653247
vn 0.6025087023653247 -0.5234181188572908 0.6025087023653248
vn 0 1 0
vn 0 1 0
vn 0 1 0
vn 0 1 0
vn 0 1 0
vn 0 1 0
vn 0 1 0
vn 0 1 0
vn 0 1 0
vn 0 -1 0
vn 0 -1 0
vn 0 -1 0
vn 0 -1 0
vn 0 -1 0
vn 0 -1 0
vn 0 -1 0
vn 0 -1 0
vn 0 -1 0
f 921/369/369 926/374/374 922/370/370
f 926/374/374 927/375/375 922/370/370
f 922/370/370 927/375/375 923/371/371
f 927/375/375 928/376/376 923/371/371
f 923/371/371 928/376/376 924/372/372
f 928/376/376 929/377/377 924/372/372
f 924/372/372 929/377/377 925/373/373
f 929/377/377 930/378/378 925/373/373
f 935/383/383 936/384/384 931/379/379
f 936/384/384 937/385/385 932/380/380
f 937/385/385 938/386/386 933/381/381
f 938/386/386 939/387/387 934/382/382
f 945/393/393 944/392/392 940/388/388
f 946/394/394 945/393/393 941/389/389
f 947/395/395 946/394/394 942/390/390
f 948/396/396 947/395/395 943/391/391
o triturador_tolva_aristas
v -7.998959219132695 1.8999999940395356 -0.6010407808673048
v -8.303015161173956 1.2000000059604645 -0.2969848388260433
v -9.201040780867304 1.8999999940395356 -0.6010407808673048
v -8.896984838826043 1.2000000059604645 -0.2969848388260433
v -9.201040780867304 1.8999999940395356 0.6010407808673047
v -8.896984838826043 1.2000000059604645 0.29698483882604326
v -8.303015161173956 1.2000000059604645 0.2969848388260433
v -7.998959219132695 1.8999999940395356 0.6010407808673048
v -7.998959219132695 1.8999999940395356 0.6010407808673047
v -7.998959219132695 1.8999999940395356 -0.6010407808673048
v -7.998959219132695 1.8999999940395356 -0.6010407808673048
v -9.201040780867304 1.8999999940395356 -0.6010407808673048
v -9.201040780867304 1.8999999940395356 -0.6010407808673048
v -9.201040780867304 1.8999999940395356 0.6010407808673047
v -9.201040780867304 1.8999999940395356 0.6010407808673047
v -7.998959219132695 1.8999999940395356 0.6010407808673048
v -8.303015161173956 1.2000000059604645 -0.2969848388260433
v -8.303015161173956 1.2000000059604645 0.29698483882604326
v -8.896984838826043 1.2000000059604645 -0.2969848388260433
v -8.303015161173956 1.2000000059604645 -0.2969848388260433
v -8.896984838826043 1.2000000059604645 0.29698483882604326
v -8.896984838826043 1.2000000059604645 -0.2969848388260433
v -8.303015161173956 1.2000000059604645 0.2969848388260433
v -8.896984838826043 1.2000000059604645 0.29698483882604326
l 949 950
l 951 952
l 953 954
l 955 956
l 957 958
l 959 960
l 961 962
l 963 964
l 965 966
l 967 968
l 969 970
l 971 972
o triturador_motor_cuerpo
usemtl relleno_oscuro
v -7.5 0.6249999970197677 0.3499999940395355
v -7.5 0.6249999970197677 -0.3499999940395355
v -7.5 0.27500000298023225 0.3499999940395355
v -7.5 0.27500000298023225 -0.3499999940395355
v -8 0.6249999970197677 -0.3499999940395355
v -8 0.6249999970197677 0.3499999940395355
v -8 0.27500000298023225 -0.3499999940395355
v -8 0.27500000298023225 0.3499999940395355
v -8 0.6249999970197677 -0.3499999940395355
v -7.5 0.6249999970197677 -0.3499999940395355
v -8 0.6249999970197677 0.3499999940395355
v -7.5 0.6249999970197677 0.3499999940395355
v -8 0.27500000298023225 0.3499999940395355
v -7.5 0.27500000298023225 0.3499999940395355
v -8 0.27500000298023225 -0.3499999940395355
v -7.5 0.27500000298023225 -0.3499999940395355
v -8 0.6249999970197677 0.3499999940395355
v -7.5 0.6249999970197677 0.3499999940395355
v -8 0.27500000298023225 0.3499999940395355
v -7.5 0.27500000298023225 0.3499999940395355
v -7.5 0.6249999970197677 -0.3499999940395355
v -8 0.6249999970197677 -0.3499999940395355
v -7.5 0.27500000298023225 -0.3499999940395355
v -8 0.27500000298023225 -0.3499999940395355
vt 0 1
vt 1 1
vt 0 0
vt 1 0
vt 0 1
vt 1 1
vt 0 0
vt 1 0
vt 0 1
vt 1 1
vt 0 0
vt 1 0
vt 0 1
vt 1 1
vt 0 0
vt 1 0
vt 0 1
vt 1 1
vt 0 0
vt 1 0
vt 0 1
vt 1 1
vt 0 0
vt 1 0
vn 1 0 0
vn 1 0 0
vn 1 0 0
vn 1 0 0
vn -1 0 0
vn -1 0 0
vn -1 0 0
vn -1 0 0
vn 0 1 0
vn 0 1 0
vn 0 1 0
vn 0 1 0
vn 0 -1 0
vn 0 -1 0
vn 0 -1 0
vn 0 -1 0
vn 0 0 1
vn 0 0 1
vn 0 0 1
vn 0 0 1
vn 0 0 -1
vn 0 0 -1
vn 0 0 -1
vn 0 0 -1
f 973/397/397 975/399/399 974/398/398
f 975/399/399 976/400/400 974/398/398
f 977/401/401 979/403/403 978/402/402
f 979/403/403 980/404/404 978/402/402
f 981/405/405 983/407/407 982/406/406
f 983/407/407 984/408/408 982/406/406
f 985/409/409 987/411/411 986/410/410
f 987/411/411 988/412/412 986/410/410
f 989/413/413 991/415/415 990/414/414
f 991/415/415 992/416/416 990/414/414
f 993/417/417 995/419/419 994/418/418
f 995/419/419 996/420/420 994/418/418
o triturador_motor_aristas
v -8 0.6249999970197677 -0.3499999940395355
v -8 0.6249999970197677 0.3499999940395355
v -7.5 0.6249999970197677 0.3499999940395355
v -7.5 0.6249999970197677 -0.3499999940395355
v -8 0.27500000298023225 0.3499999940395355
v -8 0.27500000298023225 -0.3499999940395355
v -7.5 0.27500000298023225 -0.3499999940395355
v -7.5 0.27500000298023225 0.3499999940395355
v -8 0.6249999970197677 0.3499999940395355
v -8 0.27500000298023225 0.3499999940395355
v -7.5 0.6249999970197677 0.3499999940395355
v -8 0.6249999970197677 0.3499999940395355
v -8 0.27500000298023225 0.3499999940395355
v -7.5 0.27500000298023225 0.3499999940395355
v -7.5 0.27500000298023225 0.3499999940395355
v -7.5 0.6249999970197677 0.3499999940395355
v -7.5 0.6249999970197677 -0.3499999940395355
v -7.5 0.27500000298023225 -0.3499999940395355
v -8 0.6249999970197677 -0.3499999940395355
v -7.5 0.6249999970197677 -0.3499999940395355
v -7.5 0.27500000298023225 -0.3499999940395355
v -8 0.27500000298023225 -0.3499999940395355
v -8 0.27500000298023225 -0.3499999940395355
v -8 0.6249999970197677 -0.3499999940395355
l 997 998
l 999 1000
l 1001 1002
l 1003 1004
l 1005 1006
l 1007 1008
l 1009 1010
l 1011 1012
l 1013 1014
l 1015 1016
l 1017 1018
l 1019 1020
o guia
v -8.600000381469727 1.9500000476837158 0
v -8.600000381469727 2.869999885559082 0
l 1021 1022 
o tanque_mezcla_cuerpo
usemtl relleno_translucido
v -6 2.200000023841858 0.9200000166893005
v -5.53999999165535 2.200000023841858 0.7967433929443359
v -5.203256607055664 2.200000023841858 0.46000000834465027
v -5.0799999833106995 2.200000023841858 5.633375257193976e-17
v -5.203256607055664 2.200000023841858 -0.46000000834465027
v -5.53999999165535 2.200000023841858 -0.7967433929443359
v -6 2.200000023841858 -0.9200000166893005
v -6.46000000834465 2.200000023841858 -0.7967433929443359
v -6.796743392944336 2.200000023841858 -0.46000000834465027
v -6.9200000166893005 2.200000023841858 -1.6900125771581928e-16
v -6.796743392944336 2.200000023841858 0.46000000834465027
v -6.46000000834465 2.200000023841858 0.7967433929443359
v -6 2.200000023841858 0.9200000166893005
v -6 -2.3841857821338408e-8 0.9200000166893005
v -5.53999999165535 -2.3841857821338408e-8 0.7967433929443359
v -5.203256607055664 -2.3841857821338408e-8 0.46000000834465027
v -5.0799999833106995 -2.3841857821338408e-8 5.633375257193976e-17
v -5.203256607055664 -2.3841857821338408e-8 -0.46000000834465027
v -5.53999999165535 -2.3841857821338408e-8 -0.7967433929443359
v -6 -2.3841857821338408e-8 -0.9200000166893005
v -6.46000000834465 -2.3841857821338408e-8 -0.7967433929443359
v -6.796743392944336 -2.3841857821338408e-8 -0.46000000834465027
v -6.9200000166893005 -2.3841857821338408e-8 -1.6900125771581928e-16
v -6.796743392944336 -2.3841857821338408e-8 0.46000000834465027
v -6.46000000834465 -2.3841857821338408e-8 0.7967433929443359
v -6 -2.3841857821338408e-8 0.9200000166893005
v -6 2.200000023841858 0
v -6 2.200000023841858 0
v -6 2.200000023841858 0
v -6 2.200000023841858 0
v -6 2.200000023841858 0
v -6 2.200000023841858 0
v -6 2.200000023841858 0
v -6 2.200000023841858 0
v -6 2.200000023841858 0
v -6 2.200000023841858 0
v -6 2.200000023841858 0
v -6 2.200000023841858 0
v -6 2.200000023841858 0.9200000166893005
v -5.53999999165535 2.200000023841858 0.7967433929443359
v -5.203256607055664 2.200000023841858 0.46000000834465027
v -5.0799999833106995 2.200000023841858 5.633375257193976e-17
v -5.203256607055664 2.200000023841858 -0.46000000834465027
v -5.53999999165535 2.200000023841858 -0.7967433929443359
v -6 2.200000023841858 -0.9200000166893005
v -6.46000000834465 2.200000023841858 -0.7967433929443359
v -6.796743392944336 2.200000023841858 -0.46000000834465027
v -6.9200000166893005 2.200000023841858 -1.6900125771581928e-16
v -6.796743392944336 2.200000023841858 0.46000000834465027
v -6.46000000834465 2.200000023841858 0.7967433929443359
v -6 2.200000023841858 0.9200000166893005
v -6 -2.3841857821338408e-8 0
v -6 -2.3841857821338408e-8 0
v -6 -2.3841857821338408e-8 0
v -6 -2.3841857821338408e-8 0
v -6 -2.3841857821338408e-8 0
v -6 -2.3841857821338408e-8 0
v -6 -2.3841857821338408e-8 0
v -6 -2.3841857821338408e-8 0
v -6 -2.3841857821338408e-8 0
v -6 -2.3841857821338408e-8 0
v -6 -2.3841857821338408e-8 0
v -6 -2.3841857821338408e-8 0
v -6 -2.3841857821338408e-8 0.9200000166893005
v -5.53999999165535 -2.3841857821338408e-8 0.7967433929443359
v -5.203256607055664 -2.3841857821338408e-8 0.46000000834465027
v -5.0799999833106995 -2.3841857821338408e-8 5.633375257193976e-17
v -5.203256607055664 -2.3841857821338408e-8 -0.46000000834465027
v -5.53999999165535 -2.3841857821338408e-8 -0.7967433929443359
v -6 -2.3841857821338408e-8 -0.9200000166893005
v -6.46000000834465 -2.3841857821338408e-8 -0.7967433929443359
v -6.796743392944336 -2.3841857821338408e-8 -0.46000000834465027
v -6.9200000166893005 -2.3841857821338408e-8 -1.6900125771581928e-16
v -6.796743392944336 -2.3841857821338408e-8 0.46000000834465027
v -6.46000000834465 -2.3841857821338408e-8 0.7967433929443359
v -6 -2.3841857821338408e-8 0.9200000166893005
vt 0 1
vt 0.0833333358168602 1
vt 0.1666666716337204 1
vt 0.25 1
vt 0.3333333432674408 1
vt 0.4166666567325592 1
vt 0.5 1
vt 0.5833333134651184 1
vt 0.6666666865348816 1
vt 0.75 1
vt 0.8333333134651184 1
vt 0.9166666865348816 1
vt 1 1
vt 0 0
vt 0.0833333358168602 0
vt 0.1666666716337204 0
vt 0.25 0
vt 0.3333333432674408 0
vt 0.4166666567325592 0
vt 0.5 0
vt 0.5833333134651184 0
vt 0.6666666865348816 0
vt 0.75 0
vt 0.8333333134651184 0
vt 0.9166666865348816 0
vt 1 0
vt 0.5 0.5
vt 0.5 0.5
vt 0.5 0.5
vt 0.5 0.5
vt 0.5 0.5
vt 0.5 0.5
vt 0.5 0.5
vt 0.5 0.5
vt 0.5 0.5
vt 0.5 0.5
vt 0.5 0.5
vt 0.5 0.5
vt 1 0.5
vt 0.9330127239227295 0.75
vt 0.75 0.9330127239227295
vt 0.5 1
vt 0.25 0.9330127239227295
vt 0.0669872984290123 0.75
vt 0 0.5
vt 0.0669872984290123 0.25
vt 0.25 0.0669872984290123
vt 0.5 0
vt 0.75 0.0669872984290123
vt 0.9330127239227295 0.25
vt 1 0.5
vt 0.5 0.5
vt 0.5 0.5
vt 0.5 0.5
vt 0.5 0.5
vt 0.5 0.5
vt 0.5 0.5
vt 0.5 0.5
vt 0.5 0.5
vt 0.5 0.5
vt 0.5 0.5
vt 0.5 0.5
vt 0.5 0.5
vt 1 0.5
vt 0.9330127239227295 0.25
vt 0.75 0.0669872984290123
vt 0.5 0
vt 0.25 0.0669872984290123
vt 0.0669872984290123 0.25
vt 0 0.5
vt 0.0669872984290123 0.75
vt 0.25 0.9330127239227295
vt 0.5 1
vt 0.75 0.9330127239227295
vt 0.9330127239227295 0.75
vt 1 0.5
vn 0 0 1
vn 0.5000000067305869 0 0.8660253998985324
vn 0.8660253998985324 0 0.5000000067305869
vn 1 0 6.123234262925839e-17
vn 0.8660253998985324 0 -0.5000000067305869
vn 0.5000000067305869 0 -0.8660253998985324
vn 1.2246468525851679e-16 0 -1
vn -0.5000000067305869 0 -0.8660253998985324
vn -0.8660253998985324 0 -0.5000000067305869
vn -1 0 -1.8369701465288538e-16
vn -0.8660253998985324 0 0.5000000067305869
vn -0.5000000067305869 0 0.8660253998985324
vn -2.4492937051703357e-16 0 1
vn 0 0 1
vn 0.5000000067305869 0 0.8660253998985324
vn 0.8660253998985324 0 0.5000000067305869
vn 1 0 6.123234262925839e-17
vn 0.8660253998985324 0 -0.5000000067305869
vn 0.5000000067305869 0 -0.8660253998985324
vn 1.2246468525851679e-16 0 -1
vn -0.5000000067305869 0 -0.8660253998985324
vn -0.8660253998985324 0 -0.5000000067305869
vn -1 0 -1.8369701465288538e-16
vn -0.8660253998985324 0 0.5000000067305869
vn -0.5000000067305869 0 0.8660253998985324
vn -2.4492937051703357e-16 0 1
vn 0 1 0
vn 0 1 0
vn 0 1 0
vn 0 1 0
vn 0 1 0
vn 0 1 0
vn 0 1 0
vn 0 1 0
vn 0 1 0
vn 0 1 0
vn 0 1 0
vn 0 1 0
vn 0 1 0
vn 0 1 0
vn 0 1 0
vn 0 1 0
vn 0 1 0
vn 0 1 0
vn 0 1 0
vn 0 1 0
vn 0 1 0
vn 0 1 0
vn 0 1 0
vn 0 1 0
vn 0 1 0
vn 0 -1 0
vn 0 -1 0
vn 0 -1 0
vn 0 -1 0
vn 0 -1 0
vn 0 -1 0
vn 0 -1 0
vn 0 -1 0
vn 0 -1 0
vn 0 -1 0
vn 0 -1 0
vn 0 -1 0
vn 0 -1 0
vn 0 -1 0
vn 0 -1 0
vn 0 -1 0
vn 0 -1 0
vn 0 -1 0
vn 0 -1 0
vn 0 -1 0
vn 0 -1 0
vn 0 -1 0
vn 0 -1 0
vn 0 -1 0
vn 0 -1 0
f 1023/421/421 1036/434/434 1024/422/422
f 1036/434/434 1037/435/435 1024/422/422
f 1024/422/422 1037/435/435 1025/423/423
f 1037/435/435 1038/436/436 1025/423/423
f 1025/423/423 1038/436/436 1026/424/424
f 1038/436/436 1039/437/437 1026/424/424
f 1026/424/424 1039/437/437 1027/425/425
f 1039/437/437 1040/438/438 1027/425/425
f 1027/425/425 1040/438/438 1028/426/426
f 1040/438/438 1041/439/439 1028/426/426
f 1028/426/426 1041/439/439 1029/427/427
f 1041/439/439 1042/440/440 1029/427/427
f 1029/427/427 1042/440/440 1030/428/428
f 1042/440/440 1043/441/441 1030/428/428
f 1030/428/428 1043/441/441 1031/429/429
f 1043/441/441 1044/442/442 1031/429/429
f 1031/429/429 1044/442/442 1032/430/430
f 1044/442/442 1045/443/443 1032/430/430
f 1032/430/430 1045/443/443 1033/431/431
f 1045/443/443 1046/444/444 1033/431/431
f 1033/431/431 1046/444/444 1034/432/432
f 1046/444/444 1047/445/445 1034/432/432
f 1034/432/432 1047/445/445 1035/433/433
f 1047/445/445 1048/446/446 1035/433/433
f 1061/459/459 1062/460/460 1049/447/447
f 1062/460/460 1063/461/461 1050/448/448
f 1063/461/461 1064/462/462 1051/449/449
f 1064/462/462 1065/463/463 1052/450/450
f 1065/463/463 1066/464/464 1053/451/451
f 1066/464/464 1067/465/465 1054/452/452
f 1067/465/465 1068/466/466 1055/453/453
f 1068/466/466 1069/467/467 1056/454/454
f 1069/467/467 1070/468/468 1057/455/455
f 1070/468/468 1071/469/469 1058/456/456
f 1071/469/469 1072/470/470 1059/457/457
f 1072/470/470 1073/471/471 1060/458/458
f 1087/485/485 1086/484/484 1074/472/472
f 1088/486/486 1087/485/485 1075/473/473
f 1089/487/487 1088/486/486 1076/474/474
f 1090/488/488 1089/487/487 1077/475/475
f 1091/489/489 1090/488/488 1078/476/476
f 1092/490/490 1091/489/489 1079/477/477
f 1093/491/491 1092/490/490 1080/478/478
f 1094/492/492 1093/491/491 1081/479/479
f 1095/493/493 1094/492/492 1082/480/480
f 1096/494/494 1095/493/493 1083/481/481
f 1097/495/495 1096/494/494 1084/482/482
f 1098/496/496 1097/495/495 1085/483/483
o tanque_mezcla_aristas
v -5.53999999165535 2.200000023841858 0.7967433929443359
v -5.53999999165535 -2.3841857821338408e-8 0.7967433929443359
v -5.203256607055664 2.200000023841858 0.46000000834465027
v -5.203256607055664 -2.3841857821338408e-8 0.46000000834465027
v -5.0799999833106995 2.200000023841858 5.633375257193976e-17
v -5.0799999833106995 -2.3841857821338408e-8 5.633375257193976e-17
v -5.203256607055664 2.200000023841858 -0.46000000834465027
v -5.203256607055664 -2.3841857821338408e-8 -0.46000000834465027
v -5.53999999165535 2.200000023841858 -0.7967433929443359
v -5.53999999165535 -2.3841857821338408e-8 -0.7967433929443359
v -6 2.200000023841858 -0.9200000166893005
v -6 -2.3841857821338408e-8 -0.9200000166893005
v -6.46000000834465 2.200000023841858 -0.7967433929443359
v -6.46000000834465 -2.3841857821338408e-8 -0.7967433929443359
v -6.796743392944336 2.200000023841858 -0.46000000834465027
v -6.796743392944336 -2.3841857821338408e-8 -0.46000000834465027
v -6.9200000166893005 2.200000023841858 -1.6900125771581928e-16
v -6.9200000166893005 -2.3841857821338408e-8 -1.6900125771581928e-16
v -6.796743392944336 2.200000023841858 0.46000000834465027
v -6.796743392944336 -2.3841857821338408e-8 0.46000000834465027
v -6.46000000834465 2.200000023841858 0.7967433929443359
v -6.46000000834465 -2.3841857821338408e-8 0.7967433929443359
v -6 -2.3841857821338408e-8 0.9200000166893005
v -6 2.200000023841858 0.9200000166893005
v -6 2.200000023841858 0.9200000166893005
v -5.53999999165535 2.200000023841858 0.7967433929443359
v -5.53999999165535 2.200000023841858 0.7967433929443359
v -5.203256607055664 2.200000023841858 0.46000000834465027
v -5.203256607055664 2.200000023841858 0.46000000834465027
v -5.0799999833106995 2.200000023841858 5.633375257193976e-17
v -5.0799999833106995 2.200000023841858 5.633375257193976e-17
v -5.203256607055664 2.200000023841858 -0.46000000834465027
v -5.203256607055664 2.200000023841858 -0.46000000834465027
v -5.53999999165535 2.200000023841858 -0.7967433929443359
v -5.53999999165535 2.200000023841858 -0.7967433929443359
v -6 2.200000023841858 -0.9200000166893005
v -6 2.200000023841858 -0.9200000166893005
v -6.46000000834465 2.200000023841858 -0.7967433929443359
v -6.46000000834465 2.200000023841858 -0.7967433929443359
v -6.796743392944336 2.200000023841858 -0.46000000834465027
v -6.796743392944336 2.200000023841858 -0.46000000834465027
v -6.9200000166893005 2.200000023841858 -1.6900125771581928e-16
v -6.9200000166893005 2.200000023841858 -1.6900125771581928e-16
v -6.796743392944336 2.200000023841858 0.46000000834465027
v -6.796743392944336 2.200000023841858 0.46000000834465027
v -6.46000000834465 2.200000023841858 0.7967433929443359
v -6.46000000834465 2.200000023841858 0.7967433929443359
v -6 2.200000023841858 0.9200000166893005
v -5.53999999165535 -2.3841857821338408e-8 0.7967433929443359
v -6 -2.3841857821338408e-8 0.9200000166893005
v -5.203256607055664 -2.3841857821338408e-8 0.46000000834465027
v -5.53999999165535 -2.3841857821338408e-8 0.7967433929443359
v -5.0799999833106995 -2.3841857821338408e-8 5.633375257193976e-17
v -5.203256607055664 -2.3841857821338408e-8 0.46000000834465027
v -5.203256607055664 -2.3841857821338408e-8 -0.46000000834465027
v -5.0799999833106995 -2.3841857821338408e-8 5.633375257193976e-17
v -5.53999999165535 -2.3841857821338408e-8 -0.7967433929443359
v -5.203256607055664 -2.3841857821338408e-8 -0.46000000834465027
v -6 -2.3841857821338408e-8 -0.9200000166893005
v -5.53999999165535 -2.3841857821338408e-8 -0.7967433929443359
v -6.46000000834465 -2.3841857821338408e-8 -0.7967433929443359
v -6 -2.3841857821338408e-8 -0.9200000166893005
v -6.796743392944336 -2.3841857821338408e-8 -0.46000000834465027
v -6.46000000834465 -2.3841857821338408e-8 -0.7967433929443359
v -6.9200000166893005 -2.3841857821338408e-8 -1.6900125771581928e-16
v -6.796743392944336 -2.3841857821338408e-8 -0.46000000834465027
v -6.796743392944336 -2.3841857821338408e-8 0.46000000834465027
v -6.9200000166893005 -2.3841857821338408e-8 -1.6900125771581928e-16
v -6.46000000834465 -2.3841857821338408e-8 0.7967433929443359
v -6.796743392944336 -2.3841857821338408e-8 0.46000000834465027
v -6 -2.3841857821338408e-8 0.9200000166893005
v -6.46000000834465 -2.3841857821338408e-8 0.7967433929443359
l 1099 1100
l 1101 1102
l 1103 1104
l 1105 1106
l 1107 1108
l 1109 1110
l 1111 1112
l 1113 1114
l 1115 1116
l 1117 1118
l 1119 1120
l 1121 1122
l 1123 1124
l 1125 1126
l 1127 1128
l 1129 1130
l 1131 1132
l 1133 1134
l 1135 1136
l 1137 1138
l 1139 1140
l 1141 1142
l 1143 1144
l 1145 1146
l 1147 1148
l 1149 1150
l 1151 1152
l 1153 1154
l 1155 1156
l 1157 1158
l 1159 1160
l 1161 1162
l 1163 1164
l 1165 1166
l 1167 1168
l 1169 1170
o agitador_motor_cuerpo
usemtl relleno_oscuro
v -5.7750000059604645 2.6000000029802326 0.22499999403953552
v -5.7750000059604645 2.6000000029802326 -0.22499999403953552
v -5.7750000059604645 2.199999997019768 0.22499999403953552
v -5.7750000059604645 2.199999997019768 -0.22499999403953552
v -6.2249999940395355 2.6000000029802326 -0.22499999403953552
v -6.2249999940395355 2.6000000029802326 0.22499999403953552
v -6.2249999940395355 2.199999997019768 -0.22499999403953552
v -6.2249999940395355 2.199999997019768 0.22499999403953552
v -6.2249999940395355 2.6000000029802326 -0.22499999403953552
v -5.7750000059604645 2.6000000029802326 -0.22499999403953552
v -6.2249999940395355 2.6000000029802326 0.22499999403953552
v -5.7750000059604645 2.6000000029802326 0.22499999403953552
v -6.2249999940395355 2.199999997019768 0.22499999403953552
v -5.7750000059604645 2.199999997019768 0.22499999403953552
v -6.2249999940395355 2.199999997019768 -0.22499999403953552
v -5.7750000059604645 2.199999997019768 -0.22499999403953552
v -6.2249999940395355 2.6000000029802326 0.22499999403953552
v -5.7750000059604645 2.6000000029802326 0.22499999403953552
v -6.2249999940395355 2.199999997019768 0.22499999403953552
v -5.7750000059604645 2.199999997019768 0.22499999403953552
v -5.7750000059604645 2.6000000029802326 -0.22499999403953552
v -6.2249999940395355 2.6000000029802326 -0.22499999403953552
v -5.7750000059604645 2.199999997019768 -0.22499999403953552
v -6.2249999940395355 2.199999997019768 -0.22499999403953552
vt 0 1
vt 1 1
vt 0 0
vt 1 0
vt 0 1
vt 1 1
vt 0 0
vt 1 0
vt 0 1
vt 1 1
vt 0 0
vt 1 0
vt 0 1
vt 1 1
vt 0 0
vt 1 0
vt 0 1
vt 1 1
vt 0 0
vt 1 0
vt 0 1
vt 1 1
vt 0 0
vt 1 0
vn 1 0 0
vn 1 0 0
vn 1 0 0
vn 1 0 0
vn -1 0 0
vn -1 0 0
vn -1 0 0
vn -1 0 0
vn 0 1 0
vn 0 1 0
vn 0 1 0
vn 0 1 0
vn 0 -1 0
vn 0 -1 0
vn 0 -1 0
vn 0 -1 0
vn 0 0 1
vn 0 0 1
vn 0 0 1
vn 0 0 1
vn 0 0 -1
vn 0 0 -1
vn 0 0 -1
vn 0 0 -1
f 1171/497/497 1173/499/499 1172/498/498
f 1173/499/499 1174/500/500 1172/498/498
f 1175/501/501 1177/503/503 1176/502/502
f 1177/503/503 1178/504/504 1176/502/502
f 1179/505/505 1181/507/507 1180/506/506
f 1181/507/507 1182/508/508 1180/506/506
f 1183/509/509 1185/511/511 1184/510/510
f 1185/511/511 1186/512/512 1184/510/510
f 1187/513/513 1189/515/515 1188/514/514
f 1189/515/515 1190/516/516 1188/514/514
f 1191/517/517 1193/519/519 1192/518/518
f 1193/519/519 1194/520/520 1192/518/518
o agitador_motor_aristas
v -6.2249999940395355 2.6000000029802326 -0.22499999403953552
v -6.2249999940395355 2.6000000029802326 0.22499999403953552
v -5.7750000059604645 2.6000000029802326 0.22499999403953552
v -5.7750000059604645 2.6000000029802326 -0.22499999403953552
v -6.2249999940395355 2.199999997019768 0.22499999403953552
v -6.2249999940395355 2.199999997019768 -0.22499999403953552
v -5.7750000059604645 2.199999997019768 -0.22499999403953552
v -5.7750000059604645 2.199999997019768 0.22499999403953552
v -6.2249999940395355 2.6000000029802326 0.22499999403953552
v -6.2249999940395355 2.199999997019768 0.22499999403953552
v -5.7750000059604645 2.6000000029802326 0.22499999403953552
v -6.2249999940395355 2.6000000029802326 0.22499999403953552
v -6.2249999940395355 2.199999997019768 0.22499999403953552
v -5.7750000059604645 2.199999997019768 0.22499999403953552
v -5.7750000059604645 2.199999997019768 0.22499999403953552
v -5.7750000059604645 2.6000000029802326 0.22499999403953552
v -5.7750000059604645 2.6000000029802326 -0.22499999403953552
v -5.7750000059604645 2.199999997019768 -0.22499999403953552
v -6.2249999940395355 2.6000000029802326 -0.22499999403953552
v -5.7750000059604645 2.6000000029802326 -0.22499999403953552
v -5.7750000059604645 2.199999997019768 -0.22499999403953552
v -6.2249999940395355 2.199999997019768 -0.22499999403953552
v -6.2249999940395355 2.199999997019768 -0.22499999403953552
v -6.2249999940395355 2.6000000029802326 -0.22499999403953552
l 1195 1196
l 1197 1198
l 1199 1200
l 1201 1202
l 1203 1204
l 1205 1206
l 1207 1208
l 1209 1210
l 1211 1212
l 1213 1214
l 1215 1216
l 1217 1218
o agitador_eje_cuerpo
usemtl relleno_oscuro
v -6 2.1499999880790712 0.04500000178813934
v -5.9681801944971085 2.1499999880790712 0.03181980550289154
v -5.954999998211861 2.1499999880790712 2.755455252880505e-18
v -5.9681801944971085 2.1499999880790712 -0.03181980550289154
v -6 2.1499999880790712 -0.04500000178813934
v -6.0318198055028915 2.1499999880790712 -0.03181980550289154
v -6.045000001788139 2.1499999880790712 -8.266365758641515e-18
v -6.0318198055028915 2.1499999880790712 0.03181980550289154
v -6 2.1499999880790712 0.04500000178813934
v -6 0.25000001192092913 0.04500000178813934
v -5.9681801944971085 0.25000001192092913 0.03181980550289154
v -5.954999998211861 0.25000001192092913 2.755455252880505e-18
v -5.9681801944971085 0.25000001192092913 -0.03181980550289154
v -6 0.25000001192092913 -0.04500000178813934
v -6.0318198055028915 0.25000001192092913 -0.03181980550289154
v -6.045000001788139 0.25000001192092913 -8.266365758641515e-18
v -6.0318198055028915 0.25000001192092913 0.03181980550289154
v -6 0.25000001192092913 0.04500000178813934
v -6 2.1499999880790712 0
v -6 2.1499999880790712 0
v -6 2.1499999880790712 0
v -6 2.1499999880790712 0
v -6 2.1499999880790712 0
v -6 2.1499999880790712 0
v -6 2.1499999880790712 0
v -6 2.1499999880790712 0
v -6 2.1499999880790712 0.04500000178813934
v -5.9681801944971085 2.1499999880790712 0.03181980550289154
v -5.954999998211861 2.1499999880790712 2.755455252880505e-18
v -5.9681801944971085 2.1499999880790712 -0.03181980550289154
v -6 2.1499999880790712 -0.04500000178813934
v -6.0318198055028915 2.1499999880790712 -0.03181980550289154
v -6.045000001788139 2.1499999880790712 -8.266365758641515e-18
v -6.0318198055028915 2.1499999880790712 0.03181980550289154
v -6 2.1499999880790712 0.04500000178813934
v -6 0.25000001192092913 0
v -6 0.25000001192092913 0
v -6 0.25000001192092913 0
v -6 0.25000001192092913 0
v -6 0.25000001192092913 0
v -6 0.25000001192092913 0
v -6 0.25000001192092913 0
v -6 0.25000001192092913 0
v -6 0.25000001192092913 0.04500000178813934
v -5.9681801944971085 0.25000001192092913 0.03181980550289154
v -5.954999998211861 0.25000001192092913 2.755455252880505e-18
v -5.9681801944971085 0.25000001192092913 -0.03181980550289154
v -6 0.25000001192092913 -0.04500000178813934
v -6.0318198055028915 0.25000001192092913 -0.03181980550289154
v -6.045000001788139 0.25000001192092913 -8.266365758641515e-18
v -6.0318198055028915 0.25000001192092913 0.03181980550289154
v -6 0.25000001192092913 0.04500000178813934
vt 0 1
vt 0.125 1
vt 0.25 1
vt 0.375 1
vt 0.5 1
vt 0.625 1
vt 0.75 1
vt 0.875 1
vt 1 1
vt 0 0
vt 0.125 0
vt 0.25 0
vt 0.375 0
vt 0.5 0
vt 0.625 0
vt 0.75 0
vt 0.875 0
vt 1 0
vt 0.5 0.5
vt 0.5 0.5
vt 0.5 0.5
vt 0.5 0.5
vt 0.5 0.5
vt 0.5 0.5
vt 0.5 0.5
vt 0.5 0.5
vt 1 0.5
vt 0.8535534143447876 0.8535534143447876
vt 0.5 1
vt 0.1464466154575348 0.8535534143447876
vt 0 0.5
vt 0.1464466154575348 0.1464466154575348
vt 0.5 0
vt 0.8535534143447876 0.1464466154575348
vt 1 0.5
vt 0.5 0.5
vt 0.5 0.5
vt 0.5 0.5
vt 0.5 0.5
vt 0.5 0.5
vt 0.5 0.5
vt 0.5 0.5
vt 0.5 0.5
vt 1 0.5
vt 0.8535534143447876 0.1464466154575348
vt 0.5 0
vt 0.1464466154575348 0.1464466154575348
vt 0 0.5
vt 0.1464466154575348 0.8535534143447876
vt 0.5 1
vt 0.8535534143447876 0.8535534143447876
vt 1 0.5
vn 0 0 1
vn 0.7071067811865476 0 0.7071067811865476
vn 1 0 6.123234262925839e-17
vn 0.7071067811865476 0 -0.7071067811865476
vn 1.2246468525851679e-16 0 -1
vn -0.7071067811865476 0 -0.7071067811865476
vn -1 0 -1.8369701465288538e-16
vn -0.7071067811865476 0 0.7071067811865476
vn -2.4492937051703357e-16 0 1
vn 0 0 1
vn 0.7071067811865476 0 0.7071067811865476
vn 1 0 6.123234262925839e-17
vn 0.7071067811865476 0 -0.7071067811865476
vn 1.2246468525851679e-16 0 -1
vn -0.7071067811865476 0 -0.7071067811865476
vn -1 0 -1.8369701465288538e-16
vn -0.7071067811865476 0 0.7071067811865476
vn -2.4492937051703357e-16 0 1
vn 0 1 0
vn 0 1 0
vn 0 1 0
vn 0 1 0
vn 0 1 0
vn 0 1 0
vn 0 1 0
vn 0 1 0
vn 0 1 0
vn 0 1 0
vn 0 1 0
vn 0 1 0
vn 0 1 0
vn 0 1 0
vn 0 1 0
vn 0 1 0
vn 0 1 0
vn 0 -1 0
vn 0 -1 0
vn 0 -1 0
vn 0 -1 0
vn 0 -1 0
vn 0 -1 0
vn 0 -1 0
vn 0 -1 0
vn 0 -1 0
vn 0 -1 0
vn 0 -1 0
vn 0 -1 0
vn 0 -1 0
vn 0 -1 0
vn 0 -1 0
vn 0 -1 0
vn 0 -1 0
f 1219/521/521 1228/530/530 1220/522/522
f 1228/530/530 1229/531/531 1220/522/522
f 1220/522/522 1229/531/531 1221/523/523
f 1229/531/531 1230/532/532 1221/523/523
f 1221/523/523 1230/532/532 1222/524/524
f 1230/532/532 1231/533/533 1222/524/524
f 1222/524/524 1231/533/533 1223/525/525
f 1231/533/533 1232/534/534 1223/525/525
f 1223/525/525 1232/534/534 1224/526/526
f 1232/534/534 1233/535/535 1224/526/526
f 1224/526/526 1233/535/535 1225/527/527
f 1233/535/535 1234/536/536 1225/527/527
f 1225/527/527 1234/536/536 1226/528/528
f 1234/536/536 1235/537/537 1226/528/528
f 1226/528/528 1235/537/537 1227/529/529
f 1235/537/537 1236/538/538 1227/529/529
f 1245/547/547 1246/548/548 1237/539/539
f 1246/548/548 1247/549/549 1238/540/540
f 1247/549/549 1248/550/550 1239/541/541
f 1248/550/550 1249/551/551 1240/542/542
f 1249/551/551 1250/552/552 1241/543/543
f 1250/552/552 1251/553/553 1242/544/544
f 1251/553/553 1252/554/554 1243/545/545
f 1252/554/554 1253/555/555 1244/546/546
f 1263/565/565 1262/564/564 1254/556/556
f 1264/566/566 1263/565/565 1255/557/557
f 1265/567/567 1264/566/566 1256/558/558
f 1266/568/568 1265/567/567 1257/559/559
f 1267/569/569 1266/568/568 1258/560/560
f 1268/570/570 1267/569/569 1259/561/561
f 1269/571/571 1268/570/570 1260/562/562
f 1270/572/572 1269/571/571 1261/563/563
o agitador_eje_aristas
v -5.9681801944971085 2.1499999880790712 0.03181980550289154
v -5.9681801944971085 0.25000001192092913 0.03181980550289154
v -5.954999998211861 2.1499999880790712 2.755455252880505e-18
v -5.954999998211861 0.25000001192092913 2.755455252880505e-18
v -5.9681801944971085 2.1499999880790712 -0.03181980550289154
v -5.9681801944971085 0.25000001192092913 -0.03181980550289154
v -6 2.1499999880790712 -0.04500000178813934
v -6 0.25000001192092913 -0.04500000178813934
v -6.0318198055028915 2.1499999880790712 -0.03181980550289154
v -6.0318198055028915 0.25000001192092913 -0.03181980550289154
v -6.045000001788139 2.1499999880790712 -8.266365758641515e-18
v -6.045000001788139 0.25000001192092913 -8.266365758641515e-18
v -6.0318198055028915 2.1499999880790712 0.03181980550289154
v -6.0318198055028915 0.25000001192092913 0.03181980550289154
v -6 0.25000001192092913 0.04500000178813934
v -6 2.1499999880790712 0.04500000178813934
v -6 2.1499999880790712 0.04500000178813934
v -5.9681801944971085 2.1499999880790712 0.03181980550289154
v -5.9681801944971085 2.1499999880790712 0.03181980550289154
v -5.954999998211861 2.1499999880790712 2.755455252880505e-18
v -5.954999998211861 2.1499999880790712 2.755455252880505e-18
v -5.9681801944971085 2.1499999880790712 -0.03181980550289154
v -5.9681801944971085 2.1499999880790712 -0.03181980550289154
v -6 2.1499999880790712 -0.04500000178813934
v -6 2.1499999880790712 -0.04500000178813934
v -6.0318198055028915 2.1499999880790712 -0.03181980550289154
v -6.0318198055028915 2.1499999880790712 -0.03181980550289154
v -6.045000001788139 2.1499999880790712 -8.266365758641515e-18
v -6.045000001788139 2.1499999880790712 -8.266365758641515e-18
v -6.0318198055028915 2.1499999880790712 0.03181980550289154
v -6.0318198055028915 2.1499999880790712 0.03181980550289154
v -6 2.1499999880790712 0.04500000178813934
v -5.9681801944971085 0.25000001192092913 0.03181980550289154
v -6 0.25000001192092913 0.04500000178813934
v -5.954999998211861 0.25000001192092913 2.755455252880505e-18
v -5.9681801944971085 0.25000001192092913 0.03181980550289154
v -5.9681801944971085 0.25000001192092913 -0.03181980550289154
v -5.954999998211861 0.25000001192092913 2.755455252880505e-18
v -6 0.25000001192092913 -0.04500000178813934
v -5.9681801944971085 0.25000001192092913 -0.03181980550289154
v -6.0318198055028915 0.25000001192092913 -0.03181980550289154
v -6 0.25000001192092913 -0.04500000178813934
v -6.045000001788139 0.25000001192092913 -8.266365758641515e-18
v -6.0318198055028915 0.25000001192092913 -0.03181980550289154
v -6.0318198055028915 0.25000001192092913 0.03181980550289154
v -6.045000001788139 0.25000001192092913 -8.266365758641515e-18
v -6 0.25000001192092913 0.04500000178813934
v -6.0318198055028915 0.25000001192092913 0.03181980550289154
l 1271 1272
l 1273 1274
l 1275 1276
l 1277 1278
l 1279 1280
l 1281 1282
l 1283 1284
l 1285 1286
l 1287 1288
l 1289 1290
l 1291 1292
l 1293 1294
l 1295 1296
l 1297 1298
l 1299 1300
l 1301 1302
l 1303 1304
l 1305 1306
l 1307 1308
l 1309 1310
l 1311 1312
l 1313 1314
l 1315 1316
l 1317 1318
o agitador_paleta_baja_cuerpo
usemtl relleno_oscuro
v -5.449999988079071 0.48999999910593034 0.07999999821186066
v -5.449999988079071 0.48999999910593034 -0.07999999821186066
v -5.449999988079071 0.4100000008940697 0.07999999821186066
v -5.449999988079071 0.4100000008940697 -0.07999999821186066
v -6.550000011920929 0.48999999910593034 -0.07999999821186066
v -6.550000011920929 0.48999999910593034 0.07999999821186066
v -6.550000011920929 0.4100000008940697 -0.07999999821186066
v -6.550000011920929 0.4100000008940697 0.07999999821186066
v -6.550000011920929 0.48999999910593034 -0.07999999821186066
v -5.449999988079071 0.48999999910593034 -0.07999999821186066
v -6.550000011920929 0.48999999910593034 0.07999999821186066
v -5.449999988079071 0.48999999910593034 0.07999999821186066
v -6.550000011920929 0.4100000008940697 0.07999999821186066
v -5.449999988079071 0.4100000008940697 0.07999999821186066
v -6.550000011920929 0.4100000008940697 -0.07999999821186066
v -5.449999988079071 0.4100000008940697 -0.07999999821186066
v -6.550000011920929 0.48999999910593034 0.07999999821186066
v -5.449999988079071 0.48999999910593034 0.07999999821186066
v -6.550000011920929 0.4100000008940697 0.07999999821186066
v -5.449999988079071 0.4100000008940697 0.07999999821186066
v -5.449999988079071 0.48999999910593034 -0.07999999821186066
v -6.550000011920929 0.48999999910593034 -0.07999999821186066
v -5.449999988079071 0.4100000008940697 -0.07999999821186066
v -6.550000011920929 0.4100000008940697 -0.07999999821186066
vt 0 1
vt 1 1
vt 0 0
vt 1 0
vt 0 1
vt 1 1
vt 0 0
vt 1 0
vt 0 1
vt 1 1
vt 0 0
vt 1 0
vt 0 1
vt 1 1
vt 0 0
vt 1 0
vt 0 1
vt 1 1
vt 0 0
vt 1 0
vt 0 1
vt 1 1
vt 0 0
vt 1 0
vn 1 0 0
vn 1 0 0
vn 1 0 0
vn 1 0 0
vn -1 0 0
vn -1 0 0
vn -1 0 0
vn -1 0 0
vn 0 1 0
vn 0 1 0
vn 0 1 0
vn 0 1 0
vn 0 -1 0
vn 0 -1 0
vn 0 -1 0
vn 0 -1 0
vn 0 0 1
vn 0 0 1
vn 0 0 1
vn 0 0 1
vn 0 0 -1
vn 0 0 -1
vn 0 0 -1
vn 0 0 -1
f 1319/573/573 1321/575/575 1320/574/574
f 1321/575/575 1322/576/576 1320/574/574
f 1323/577/577 1325/579/579 1324/578/578
f 1325/579/579 1326/580/580 1324/578/578
f 1327/581/581 1329/583/583 1328/582/582
f 1329/583/583 1330/584/584 1328/582/582
f 1331/585/585 1333/587/587 1332/586/586
f 1333/587/587 1334/588/588 1332/586/586
f 1335/589/589 1337/591/591 1336/590/590
f 1337/591/591 1338/592/592 1336/590/590
f 1339/593/593 1341/595/595 1340/594/594
f 1341/595/595 1342/596/596 1340/594/594
o agitador_paleta_baja_aristas
v -6.550000011920929 0.48999999910593034 -0.07999999821186066
v -6.550000011920929 0.48999999910593034 0.07999999821186066
v -5.449999988079071 0.48999999910593034 0.07999999821186066
v -5.449999988079071 0.48999999910593034 -0.07999999821186066
v -6.550000011920929 0.4100000008940697 0.07999999821186066
v -6.550000011920929 0.4100000008940697 -0.07999999821186066
v -5.449999988079071 0.4100000008940697 -0.07999999821186066
v -5.449999988079071 0.4100000008940697 0.07999999821186066
v -6.550000011920929 0.48999999910593034 0.07999999821186066
v -6.550000011920929 0.4100000008940697 0.07999999821186066
v -5.449999988079071 0.48999999910593034 0.07999999821186066
v -6.550000011920929 0.48999999910593034 0.07999999821186066
v -6.550000011920929 0.4100000008940697 0.07999999821186066
v -5.449999988079071 0.4100000008940697 0.07999999821186066
v -5.449999988079071 0.4100000008940697 0.07999999821186066
v -5.449999988079071 0.48999999910593034 0.07999999821186066
v -5.449999988079071 0.48999999910593034 -0.07999999821186066
v -5.449999988079071 0.4100000008940697 -0.07999999821186066
v -6.550000011920929 0.48999999910593034 -0.07999999821186066
v -5.449999988079071 0.48999999910593034 -0.07999999821186066
v -5.449999988079071 0.4100000008940697 -0.07999999821186066
v -6.550000011920929 0.4100000008940697 -0.07999999821186066
v -6.550000011920929 0.4100000008940697 -0.07999999821186066
v -6.550000011920929 0.48999999910593034 -0.07999999821186066
l 1343 1344
l 1345 1346
l 1347 1348
l 1349 1350
l 1351 1352
l 1353 1354
l 1355 1356
l 1357 1358
l 1359 1360
l 1361 1362
l 1363 1364
l 1365 1366
o agitador_paleta_alta_cuerpo
usemtl relleno_oscuro
v -5.705717975206284 1.3399999991059304 -0.3497114222732397
v -5.844282036714645 1.3399999991059304 -0.42971142048510036
v -5.705717975206284 1.2600000008940697 -0.3497114222732397
v -5.844282036714645 1.2600000008940697 -0.42971142048510036
v -6.294282024793716 1.3399999991059304 0.3497114222732397
v -6.155717963285355 1.3399999991059304 0.42971142048510036
v -6.294282024793716 1.2600000008940697 0.3497114222732397
v -6.155717963285355 1.2600000008940697 0.42971142048510036
v -6.294282024793716 1.3399999991059304 0.3497114222732397
v -5.844282036714645 1.3399999991059304 -0.42971142048510036
v -6.155717963285355 1.3399999991059304 0.42971142048510036
v -5.705717975206284 1.3399999991059304 -0.3497114222732397
v -6.155717963285355 1.2600000008940697 0.42971142048510036
v -5.705717975206284 1.2600000008940697 -0.3497114222732397
v -6.294282024793716 1.2600000008940697 0.3497114222732397
v -5.844282036714645 1.2600000008940697 -0.42971142048510036
v -6.155717963285355 1.3399999991059304 0.42971142048510036
v -5.705717975206284 1.3399999991059304 -0.3497114222732397
v -6.155717963285355 1.2600000008940697 0.42971142048510036
v -5.705717975206284 1.2600000008940697 -0.3497114222732397
v -5.844282036714645 1.3399999991059304 -0.42971142048510036
v -6.294282024793716 1.3399999991059304 0.3497114222732397
v -5.844282036714645 1.2600000008940697 -0.42971142048510036
v -6.294282024793716 1.2600000008940697 0.3497114222732397
vt 0 1
vt 1 1
vt 0 0
vt 1 0
vt 0 1
vt 1 1
vt 0 0
vt 1 0
vt 0 1
vt 1 1
vt 0 0
vt 1 0
vt 0 1
vt 1 1
vt 0 0
vt 1 0
vt 0 1
vt 1 1
vt 0 0
vt 1 0
vt 0 1
vt 1 1
vt 0 0
vt 1 0
vn 0.5000000000000001 0 -0.8660254037844386
vn 0.5000000000000001 0 -0.8660254037844386
vn 0.5000000000000001 0 -0.8660254037844386
vn 0.5000000000000001 0 -0.8660254037844386
vn -0.5000000000000001 0 0.8660254037844386
vn -0.5000000000000001 0 0.8660254037844386
vn -0.5000000000000001 0 0.8660254037844386
vn -0.5000000000000001 0 0.8660254037844386
vn 0 1 0
vn 0 1 0
vn 0 1 0
vn 0 1 0
vn 0 -1 0
vn 0 -1 0
vn 0 -1 0
vn 0 -1 0
vn 0.8660254037844386 0 0.5000000000000001
vn 0.8660254037844386 0 0.5000000000000001
vn 0.8660254037844386 0 0.5000000000000001
vn 0.8660254037844386 0 0.5000000000000001
vn -0.8660254037844386 0 -0.5000000000000001
vn -0.8660254037844386 0 -0.5000000000000001
vn -0.8660254037844386 0 -0.5000000000000001
vn -0.8660254037844386 0 -0.5000000000000001
f 1367/597/597 1369/599/599 1368/598/598
f 1369/599/599 1370/600/600 1368/598/598
f 1371/601/601 1373/603/603 1372/602/602
f 1373/603/603 1374/604/604 1372/602/602
f 1375/605/605 1377/607/607 1376/606/606
f 1377/607/607 1378/608/608 1376/606/606
f 1379/609/609 1381/611/611 1380/610/610
f 1381/611/611 1382/612/612 1380/610/610
f 1383/613/613 1385/615/615 1384/614/614
f 1385/615/615 1386/616/616 1384/614/614
f 1387/617/617 1389/619/619 1388/618/618
f 1389/619/619 1390/620/620 1388/618/618
o agitador_paleta_alta_aristas
v -6.294282024793716 1.3399999991059304 0.3497114222732397
v -6.155717963285355 1.3399999991059304 0.42971142048510036
v -5.705717975206284 1.3399999991059304 -0.3497114222732397
v -5.844282036714645 1.3399999991059304 -0.42971142048510036
v -6.155717963285355 1.2600000008940697 0.42971142048510036
v -6.294282024793716 1.2600000008940697 0.3497114222732397
v -5.844282036714645 1.2600000008940697 -0.42971142048510036
v -5.705717975206284 1.2600000008940697 -0.3497114222732397
v -6.155717963285355 1.3399999991059304 0.42971142048510036
v -6.155717963285355 1.2600000008940697 0.42971142048510036
v -5.705717975206284 1.3399999991059304 -0.3497114222732397
v -6.155717963285355 1.3399999991059304 0.42971142048510036
v -6.155717963285355 1.2600000008940697 0.42971142048510036
v -5.705717975206284 1.2600000008940697 -0.3497114222732397
v -5.705717975206284 1.2600000008940697 -0.3497114222732397
v -5.705717975206284 1.3399999991059304 -0.3497114222732397
v -5.844282036714645 1.3399999991059304 -0.42971142048510036
v -5.844282036714645 1.2600000008940697 -0.42971142048510036
v -6.294282024793716 1.3399999991059304 0.3497114222732397
v -5.844282036714645 1.3399999991059304 -0.42971142048510036
v -5.844282036714645 1.2600000008940697 -0.42971142048510036
v -6.294282024793716 1.2600000008940697 0.3497114222732397
v -6.294282024793716 1.2600000008940697 0.3497114222732397
v -6.294282024793716 1.3399999991059304 0.3497114222732397
l 1391 1392
l 1393 1394
l 1395 1396
l 1397 1398
l 1399 1400
l 1401 1402
l 1403 1404
l 1405 1406
l 1407 1408
l 1409 1410
l 1411 1412
l 1413 1414
o 
v -6.050000190734863 1.899999976158142 2.200000047683716
v -6.050000190734863 1.899999976158142 1
l 1415 1416 
o flecha
usemtl lima_solido
v -6.05 1.9 0.8639999985694886
v -6.05 1.9 0.8639999985694886
v -6.05 1.9 0.8639999985694886
v -6.05 1.9 0.8639999985694886
v -6.05 1.9 0.8639999985694886
v -6.05 1.9 0.8639999985694886
v -6.05 1.9 0.8639999985694886
v -6.05 1.9 0.8639999985694886
v -6.05 1.9 0.8639999985694886
v -6.05 1.9 0.8639999985694886
v -6.05 1.9 0.8639999985694886
v -6.05 2.0039999961853026 1.1360000014305114
v -5.988870334625244 1.9841377675533294 1.1360000014305114
v -5.9510901212692255 1.9321377664804458 1.1360000014305114
v -5.9510901212692255 1.867862233519554 1.1360000014305114
v -5.988870334625244 1.8158622324466704 1.1360000014305114
v -6.05 1.7960000038146973 1.1360000014305114
v -6.111129665374755 1.8158622324466704 1.1360000014305114
v -6.148909878730774 1.867862233519554 1.1360000014305114
v -6.148909878730774 1.9321377664804458 1.1360000014305114
v -6.111129665374755 1.9841377675533294 1.1360000014305114
v -6.05 2.0039999961853026 1.1360000014305114
v -6.05 1.9 1.1360000014305114
v -6.05 1.9 1.1360000014305114
v -6.05 1.9 1.1360000014305114
v -6.05 1.9 1.1360000014305114
v -6.05 1.9 1.1360000014305114
v -6.05 1.9 1.1360000014305114
v -6.05 1.9 1.1360000014305114
v -6.05 1.9 1.1360000014305114
v -6.05 1.9 1.1360000014305114
v -6.05 1.9 1.1360000014305114
v -6.05 2.0039999961853026 1.1360000014305114
v -5.988870334625244 1.9841377675533294 1.1360000014305114
v -5.9510901212692255 1.9321377664804458 1.1360000014305114
v -5.9510901212692255 1.867862233519554 1.1360000014305114
v -5.988870334625244 1.8158622324466704 1.1360000014305114
v -6.05 1.7960000038146973 1.1360000014305114
v -6.111129665374755 1.8158622324466704 1.1360000014305114
v -6.148909878730774 1.867862233519554 1.1360000014305114
v -6.148909878730774 1.9321377664804458 1.1360000014305114
v -6.111129665374755 1.9841377675533294 1.1360000014305114
v -6.05 2.0039999961853026 1.1360000014305114
vt 0 1
vt 0.10000000149011612 1
vt 0.20000000298023224 1
vt 0.30000001192092896 1
vt 0.4000000059604645 1
vt 0.5 1
vt 0.6000000238418579 1
vt 0.699999988079071 1
vt 0.800000011920929 1
vt 0.8999999761581421 1
vt 1 1
vt 0 0
vt 0.10000000149011612 0
vt 0.20000000298023224 0
vt 0.30000001192092896 0
vt 0.4000000059604645 0
vt 0.5 0
vt 0.6000000238418579 0
vt 0.699999988079071 0
vt 0.800000011920929 0
vt 0.8999999761581421 0
vt 1 0
vt 0.5 0.5
vt 0.5 0.5
vt 0.5 0.5
vt 0.5 0.5
vt 0.5 0.5
vt 0.5 0.5
vt 0.5 0.5
vt 0.5 0.5
vt 0.5 0.5
vt 0.5 0.5
vt 1 0.5
vt 0.9045084714889526 0.20610737800598145
vt 0.6545084714889526 0.024471741169691086
vt 0.345491498708725 0.024471741169691086
vt 0.09549150615930557 0.20610737800598145
vt 0 0.5
vt 0.09549150615930557 0.7938926219940186
vt 0.345491498708725 0.9755282402038574
vt 0.6545084714889526 0.9755282402038574
vt 0.9045084714889526 0.7938926219940186
vt 1 0.5
vn 0 0.934051830172683 -0.3571374785024129
vn 0.5490218950708001 0.7556638057887184 -0.3571374684260632
vn 0.8883360814962237 0.2886378827051778 -0.35713747910210536
vn 0.8883360814962237 -0.28863788270517765 -0.35713747910210547
vn 0.5490218950708001 -0.7556638057887183 -0.35713746842606353
vn 1.1438836071819644e-16 -0.9340518301726828 -0.35713747850241323
vn -0.5490218950708001 -0.7556638057887183 -0.35713746842606353
vn -0.8883360814962237 -0.28863788270517765 -0.35713747910210547
vn -0.8883360814962237 0.2886378827051778 -0.35713747910210536
vn -0.5490218950708001 0.7556638057887184 -0.3571374684260632
vn -2.2877672143639293e-16 0.934051830172683 -0.3571374785024129
vn 0 0.934051830172683 -0.3571374785024129
vn 0.5490218950708001 0.7556638057887184 -0.3571374684260632
vn 0.8883360814962237 0.2886378827051778 -0.35713747910210536
vn 0.8883360814962237 -0.28863788270517765 -0.35713747910210547
vn 0.5490218950708001 -0.7556638057887183 -0.35713746842606353
vn 1.1438836071819644e-16 -0.9340518301726828 -0.35713747850241323
vn -0.5490218950708001 -0.7556638057887183 -0.35713746842606353
vn -0.8883360814962237 -0.28863788270517765 -0.35713747910210547
vn -0.8883360814962237 0.2886378827051778 -0.35713747910210536
vn -0.5490218950708001 0.7556638057887184 -0.3571374684260632
vn -2.2877672143639293e-16 0.934051830172683 -0.3571374785024129
vn 0 -2.220446049250314e-16 1
vn 0 -2.220446049250314e-16 1
vn 0 -2.220446049250314e-16 1
vn 0 -2.220446049250314e-16 1
vn 0 -2.220446049250314e-16 1
vn 0 -2.220446049250314e-16 1
vn 0 -2.220446049250314e-16 1
vn 0 -2.220446049250314e-16 1
vn 0 -2.220446049250314e-16 1
vn 0 -2.220446049250314e-16 1
vn 0 -2.220446049250314e-16 1
vn 0 -2.220446049250314e-16 1
vn 0 -2.220446049250314e-16 1
vn 0 -2.220446049250314e-16 1
vn 0 -2.220446049250314e-16 1
vn 0 -2.220446049250314e-16 1
vn 0 -2.220446049250314e-16 1
vn 0 -2.220446049250314e-16 1
vn 0 -2.220446049250314e-16 1
vn 0 -2.220446049250314e-16 1
vn 0 -2.220446049250314e-16 1
f 1428/632/632 1429/633/633 1418/622/622
f 1429/633/633 1430/634/634 1419/623/623
f 1430/634/634 1431/635/635 1420/624/624
f 1431/635/635 1432/636/636 1421/625/625
f 1432/636/636 1433/637/637 1422/626/626
f 1433/637/637 1434/638/638 1423/627/627
f 1434/638/638 1435/639/639 1424/628/628
f 1435/639/639 1436/640/640 1425/629/629
f 1436/640/640 1437/641/641 1426/630/630
f 1437/641/641 1438/642/642 1427/631/631
f 1450/654/654 1449/653/653 1439/643/643
f 1451/655/655 1450/654/654 1440/644/644
f 1452/656/656 1451/655/655 1441/645/645
f 1453/657/657 1452/656/656 1442/646/646
f 1454/658/658 1453/657/657 1443/647/647
f 1455/659/659 1454/658/658 1444/648/648
f 1456/660/660 1455/659/659 1445/649/649
f 1457/661/661 1456/660/660 1446/650/650
f 1458/662/662 1457/661/661 1447/651/651
f 1459/663/663 1458/662/662 1448/652/652
o guia
v -6 2.5999999046325684 0
v -6 4.170000076293945 0
l 1460 1461 
o bomba_base_cuerpo
usemtl relleno_oscuro
v -3.5500000059604644 0.5 0.2750000059604645
v -3.5500000059604644 0.5 -0.2750000059604645
v -3.5500000059604644 0 0.2750000059604645
v -3.5500000059604644 0 -0.2750000059604645
v -4.249999994039536 0.5 -0.2750000059604645
v -4.249999994039536 0.5 0.2750000059604645
v -4.249999994039536 0 -0.2750000059604645
v -4.249999994039536 0 0.2750000059604645
v -4.249999994039536 0.5 -0.2750000059604645
v -3.5500000059604644 0.5 -0.2750000059604645
v -4.249999994039536 0.5 0.2750000059604645
v -3.5500000059604644 0.5 0.2750000059604645
v -4.249999994039536 0 0.2750000059604645
v -3.5500000059604644 0 0.2750000059604645
v -4.249999994039536 0 -0.2750000059604645
v -3.5500000059604644 0 -0.2750000059604645
v -4.249999994039536 0.5 0.2750000059604645
v -3.5500000059604644 0.5 0.2750000059604645
v -4.249999994039536 0 0.2750000059604645
v -3.5500000059604644 0 0.2750000059604645
v -3.5500000059604644 0.5 -0.2750000059604645
v -4.249999994039536 0.5 -0.2750000059604645
v -3.5500000059604644 0 -0.2750000059604645
v -4.249999994039536 0 -0.2750000059604645
vt 0 1
vt 1 1
vt 0 0
vt 1 0
vt 0 1
vt 1 1
vt 0 0
vt 1 0
vt 0 1
vt 1 1
vt 0 0
vt 1 0
vt 0 1
vt 1 1
vt 0 0
vt 1 0
vt 0 1
vt 1 1
vt 0 0
vt 1 0
vt 0 1
vt 1 1
vt 0 0
vt 1 0
vn 1 0 0
vn 1 0 0
vn 1 0 0
vn 1 0 0
vn -1 0 0
vn -1 0 0
vn -1 0 0
vn -1 0 0
vn 0 1 0
vn 0 1 0
vn 0 1 0
vn 0 1 0
vn 0 -1 0
vn 0 -1 0
vn 0 -1 0
vn 0 -1 0
vn 0 0 1
vn 0 0 1
vn 0 0 1
vn 0 0 1
vn 0 0 -1
vn 0 0 -1
vn 0 0 -1
vn 0 0 -1
f 1462/664/664 1464/666/666 1463/665/665
f 1464/666/666 1465/667/667 1463/665/665
f 1466/668/668 1468/670/670 1467/669/669
f 1468/670/670 1469/671/671 1467/669/669
f 1470/672/672 1472/674/674 1471/673/673
f 1472/674/674 1473/675/675 1471/673/673
f 1474/676/676 1476/678/678 1475/677/677
f 1476/678/678 1477/679/679 1475/677/677
f 1478/680/680 1480/682/682 1479/681/681
f 1480/682/682 1481/683/683 1479/681/681
f 1482/684/684 1484/686/686 1483/685/685
f 1484/686/686 1485/687/687 1483/685/685
o bomba_base_aristas
v -4.249999994039536 0.5 -0.2750000059604645
v -4.249999994039536 0.5 0.2750000059604645
v -3.5500000059604644 0.5 0.2750000059604645
v -3.5500000059604644 0.5 -0.2750000059604645
v -4.249999994039536 0 0.2750000059604645
v -4.249999994039536 0 -0.2750000059604645
v -3.5500000059604644 0 -0.2750000059604645
v -3.5500000059604644 0 0.2750000059604645
v -4.249999994039536 0.5 0.2750000059604645
v -4.249999994039536 0 0.2750000059604645
v -3.5500000059604644 0.5 0.2750000059604645
v -4.249999994039536 0.5 0.2750000059604645
v -4.249999994039536 0 0.2750000059604645
v -3.5500000059604644 0 0.2750000059604645
v -3.5500000059604644 0 0.2750000059604645
v -3.5500000059604644 0.5 0.2750000059604645
v -3.5500000059604644 0.5 -0.2750000059604645
v -3.5500000059604644 0 -0.2750000059604645
v -4.249999994039536 0.5 -0.2750000059604645
v -3.5500000059604644 0.5 -0.2750000059604645
v -3.5500000059604644 0 -0.2750000059604645
v -4.249999994039536 0 -0.2750000059604645
v -4.249999994039536 0 -0.2750000059604645
v -4.249999994039536 0.5 -0.2750000059604645
l 1486 1487
l 1488 1489
l 1490 1491
l 1492 1493
l 1494 1495
l 1496 1497
l 1498 1499
l 1500 1501
l 1502 1503
l 1504 1505
l 1506 1507
l 1508 1509
o bomba_motor_cuerpo
usemtl relleno_oscuro
v -4.175000005960465 0.6200000000000001 0.2199999988079071
v -4.175000005960465 0.7154544246196748 0.1982131451368332
v -4.175000005960464 0.7920029264688493 0.13716775178909302
v -4.175000005960464 0.834484140276909 0.04895460605621338
v -4.175000005960464 0.834484140276909 -0.04895460605621338
v -4.175000005960464 0.7920029264688493 -0.13716775178909302
v -4.175000005960465 0.7154544246196748 -0.1982131451368332
v -4.175000005960465 0.6200000000000001 -0.2199999988079071
v -4.175000005960465 0.5245455753803254 -0.1982131451368332
v -4.175000005960465 0.44799707353115087 -0.13716775178909302
v -4.175000005960465 0.4055158597230912 -0.04895460605621338
v -4.175000005960465 0.4055158597230912 0.04895460605621338
v -4.175000005960465 0.44799707353115087 0.13716775178909302
v -4.175000005960465 0.5245455753803254 0.1982131451368332
v -4.175000005960465 0.62 0.2199999988079071
v -3.6249999940395354 0.6199999999999999 0.2199999988079071
v -3.6249999940395354 0.7154544246196746 0.1982131451368332
v -3.6249999940395354 0.7920029264688491 0.13716775178909302
v -3.6249999940395354 0.8344841402769088 0.04895460605621338
v -3.6249999940395354 0.8344841402769088 -0.04895460605621338
v -3.6249999940395354 0.7920029264688491 -0.13716775178909302
v -3.6249999940395354 0.7154544246196746 -0.1982131451368332
v -3.6249999940395354 0.62 -0.2199999988079071
v -3.6249999940395354 0.5245455753803252 -0.1982131451368332
v -3.6249999940395354 0.44799707353115076 -0.13716775178909302
v -3.6249999940395354 0.40551585972309107 -0.04895460605621338
v -3.6249999940395354 0.40551585972309107 0.04895460605621338
v -3.6249999940395354 0.44799707353115076 0.13716775178909302
v -3.6249999940395354 0.5245455753803252 0.1982131451368332
v -3.6249999940395354 0.6199999999999999 0.2199999988079071
v -4.175000005960465 0.6200000000000001 0
v -4.175000005960465 0.6200000000000001 0
v -4.175000005960465 0.6200000000000001 0
v -4.175000005960465 0.6200000000000001 0
v -4.175000005960465 0.6200000000000001 0
v -4.175000005960465 0.6200000000000001 0
v -4.175000005960465 0.6200000000000001 0
v -4.175000005960465 0.6200000000000001 0
v -4.175000005960465 0.6200000000000001 0
v -4.175000005960465 0.6200000000000001 0
v -4.175000005960465 0.6200000000000001 0
v -4.175000005960465 0.6200000000000001 0
v -4.175000005960465 0.6200000000000001 0
v -4.175000005960465 0.6200000000000001 0
v -4.175000005960465 0.6200000000000001 0.2199999988079071
v -4.175000005960465 0.7154544246196748 0.1982131451368332
v -4.175000005960464 0.7920029264688493 0.13716775178909302
v -4.175000005960464 0.834484140276909 0.04895460605621338
v -4.175000005960464 0.834484140276909 -0.04895460605621338
v -4.175000005960464 0.7920029264688493 -0.13716775178909302
v -4.175000005960465 0.7154544246196748 -0.1982131451368332
v -4.175000005960465 0.6200000000000001 -0.2199999988079071
v -4.175000005960465 0.5245455753803254 -0.1982131451368332
v -4.175000005960465 0.44799707353115087 -0.13716775178909302
v -4.175000005960465 0.4055158597230912 -0.04895460605621338
v -4.175000005960465 0.4055158597230912 0.04895460605621338
v -4.175000005960465 0.44799707353115087 0.13716775178909302
v -4.175000005960465 0.5245455753803254 0.1982131451368332
v -4.175000005960465 0.62 0.2199999988079071
v -3.6249999940395354 0.6199999999999999 0
v -3.6249999940395354 0.6199999999999999 0
v -3.6249999940395354 0.6199999999999999 0
v -3.6249999940395354 0.6199999999999999 0
v -3.6249999940395354 0.6199999999999999 0
v -3.6249999940395354 0.6199999999999999 0
v -3.6249999940395354 0.6199999999999999 0
v -3.6249999940395354 0.6199999999999999 0
v -3.6249999940395354 0.6199999999999999 0
v -3.6249999940395354 0.6199999999999999 0
v -3.6249999940395354 0.6199999999999999 0
v -3.6249999940395354 0.6199999999999999 0
v -3.6249999940395354 0.6199999999999999 0
v -3.6249999940395354 0.6199999999999999 0
v -3.6249999940395354 0.6199999999999999 0.2199999988079071
v -3.6249999940395354 0.7154544246196746 0.1982131451368332
v -3.6249999940395354 0.7920029264688491 0.13716775178909302
v -3.6249999940395354 0.8344841402769088 0.04895460605621338
v -3.6249999940395354 0.8344841402769088 -0.04895460605621338
v -3.6249999940395354 0.7920029264688491 -0.13716775178909302
v -3.6249999940395354 0.7154544246196746 -0.1982131451368332
v -3.6249999940395354 0.62 -0.2199999988079071
v -3.6249999940395354 0.5245455753803252 -0.1982131451368332
v -3.6249999940395354 0.44799707353115076 -0.13716775178909302
v -3.6249999940395354 0.40551585972309107 -0.04895460605621338
v -3.6249999940395354 0.40551585972309107 0.04895460605621338
v -3.6249999940395354 0.44799707353115076 0.13716775178909302
v -3.6249999940395354 0.5245455753803252 0.1982131451368332
v -3.6249999940395354 0.6199999999999999 0.2199999988079071
vt 0 1
vt 0.0714285746216774 1
vt 0.1428571492433548 1
vt 0.2142857164144516 1
vt 0.2857142984867096 1
vt 0.3571428656578064 1
vt 0.4285714328289032 1
vt 0.5 1
vt 0.5714285969734192 1
vt 0.6428571343421936 1
vt 0.7142857313156128 1
vt 0.7857142686843872 1
vt 0.8571428656578064 1
vt 0.9285714030265808 1
vt 1 1
vt 0 0
vt 0.0714285746216774 0
vt 0.1428571492433548 0
vt 0.2142857164144516 0
vt 0.2857142984867096 0
vt 0.3571428656578064 0
vt 0.4285714328289032 0
vt 0.5 0
vt 0.5714285969734192 0
vt 0.6428571343421936 0
vt 0.7142857313156128 0
vt 0.7857142686843872 0
vt 0.8571428656578064 0
vt 0.9285714030265808 0
vt 1 0
vt 0.5 0.5
vt 0.5 0.5
vt 0.5 0.5
vt 0.5 0.5
vt 0.5 0.5
vt 0.5 0.5
vt 0.5 0.5
vt 0.5 0.5
vt 0.5 0.5
vt 0.5 0.5
vt 0.5 0.5
vt 0.5 0.5
vt 0.5 0.5
vt 0.5 0.5
vt 1 0.5
vt 0.9504844546318054 0.7169418931007385
vt 0.8117449283599854 0.8909157514572144
vt 0.6112604737281799 0.9874639511108398
vt 0.38873952627182007 0.9874639511108398
vt 0.18825510144233704 0.8909157514572144
vt 0.04951556771993637 0.7169418931007385
vt 0 0.5
vt 0.04951556771993637 0.28305813670158386
vt 0.18825510144233704 0.10908425599336624
vt 0.38873952627182007 0.012536044232547283
vt 0.6112604737281799 0.012536044232547283
vt 0.8117449283599854 0.10908425599336624
vt 0.9504844546318054 0.28305813670158386
vt 1 0.5
vt 0.5 0.5
vt 0.5 0.5
vt 0.5 0.5
vt 0.5 0.5
vt 0.5 0.5
vt 0.5 0.5
vt 0.5 0.5
vt 0.5 0.5
vt 0.5 0.5
vt 0.5 0.5
vt 0.5 0.5
vt 0.5 0.5
vt 0.5 0.5
vt 0.5 0.5
vt 1 0.5
vt 0.9504844546318054 0.28305813670158386
vt 0.8117449283599854 0.10908425599336624
vt 0.6112604737281799 0.012536044232547283
vt 0.38873952627182007 0.012536044232547283
vt 0.18825510144233704 0.10908425599336624
vt 0.04951556771993637 0.28305813670158386
vt 0 0.5
vt 0.04951556771993637 0.7169418931007385
vt 0.18825510144233704 0.8909157514572144
vt 0.38873952627182007 0.9874639511108398
vt 0.6112604737281799 0.9874639511108398
vt 0.8117449283599854 0.8909157514572144
vt 0.9504844546318054 0.7169418931007385
vt 1 0.5
vn 0 0 1
vn 9.634154276251819e-17 0.4338837360855756 0.9009688693625448
vn 1.73601464920868e-16 0.7818314927285933 0.6234897889923936
vn 2.1647748304878302e-16 0.9749279119926021 0.22252093478534796
vn 2.1647748304878302e-16 0.9749279119926021 -0.22252093478534796
vn 1.73601464920868e-16 0.7818314927285933 -0.6234897889923936
vn 9.634154276251819e-17 0.4338837360855756 -0.9009688693625448
vn 2.7192622655495665e-32 1.2246468525851679e-16 -1
vn -9.634154276251819e-17 -0.4338837360855756 -0.9009688693625448
vn -1.73601464920868e-16 -0.7818314927285933 -0.6234897889923936
vn -2.1647748304878302e-16 -0.9749279119926021 -0.22252093478534796
vn -2.1647748304878302e-16 -0.9749279119926021 0.22252093478534796
vn -1.73601464920868e-16 -0.7818314927285933 0.6234897889923936
vn -9.634154276251819e-17 -0.4338837360855756 0.9009688693625448
vn -5.438524531099133e-32 -2.4492937051703357e-16 1
vn 0 0 1
vn 9.634154276251819e-17 0.4338837360855756 0.9009688693625448
vn 1.73601464920868e-16 0.7818314927285933 0.6234897889923936
vn 2.1647748304878302e-16 0.9749279119926021 0.22252093478534796
vn 2.1647748304878302e-16 0.9749279119926021 -0.22252093478534796
vn 1.73601464920868e-16 0.7818314927285933 -0.6234897889923936
vn 9.634154276251819e-17 0.4338837360855756 -0.9009688693625448
vn 2.7192622655495665e-32 1.2246468525851679e-16 -1
vn -9.634154276251819e-17 -0.4338837360855756 -0.9009688693625448
vn -1.73601464920868e-16 -0.7818314927285933 -0.6234897889923936
vn -2.1647748304878302e-16 -0.9749279119926021 -0.22252093478534796
vn -2.1647748304878302e-16 -0.9749279119926021 0.22252093478534796
vn -1.73601464920868e-16 -0.7818314927285933 0.6234897889923936
vn -9.634154276251819e-17 -0.4338837360855756 0.9009688693625448
vn -5.438524531099133e-32 -2.4492937051703357e-16 1
vn -1 2.220446049250313e-16 0
vn -1 2.220446049250313e-16 0
vn -1 2.220446049250313e-16 0
vn -1 2.220446049250313e-16 0
vn -1 2.220446049250313e-16 0
vn -1 2.220446049250313e-16 0
vn -1 2.220446049250313e-16 0
vn -1 2.220446049250313e-16 0
vn -1 2.220446049250313e-16 0
vn -1 2.220446049250313e-16 0
vn -1 2.220446049250313e-16 0
vn -1 2.220446049250313e-16 0
vn -1 2.220446049250313e-16 0
vn -1 2.220446049250313e-16 0
vn -1 2.220446049250313e-16 0
vn -1 2.220446049250313e-16 0
vn -1 2.220446049250313e-16 0
vn -1 2.220446049250313e-16 0
vn -1 2.220446049250313e-16 0
vn -1 2.220446049250313e-16 0
vn -1 2.220446049250313e-16 0
vn -1 2.220446049250313e-16 0
vn -1 2.220446049250313e-16 0
vn -1 2.220446049250313e-16 0
vn -1 2.220446049250313e-16 0
vn -1 2.220446049250313e-16 0
vn -1 2.220446049250313e-16 0
vn -1 2.220446049250313e-16 0
vn -1 2.220446049250313e-16 0
vn 1 -2.220446049250313e-16 0
vn 1 -2.220446049250313e-16 0
vn 1 -2.220446049250313e-16 0
vn 1 -2.220446049250313e-16 0
vn 1 -2.220446049250313e-16 0
vn 1 -2.220446049250313e-16 0
vn 1 -2.220446049250313e-16 0
vn 1 -2.220446049250313e-16 0
vn 1 -2.220446049250313e-16 0
vn 1 -2.220446049250313e-16 0
vn 1 -2.220446049250313e-16 0
vn 1 -2.220446049250313e-16 0
vn 1 -2.220446049250313e-16 0
vn 1 -2.220446049250313e-16 0
vn 1 -2.220446049250313e-16 0
vn 1 -2.220446049250313e-16 0
vn 1 -2.220446049250313e-16 0
vn 1 -2.220446049250313e-16 0
vn 1 -2.220446049250313e-16 0
vn 1 -2.220446049250313e-16 0
vn 1 -2.220446049250313e-16 0
vn 1 -2.220446049250313e-16 0
vn 1 -2.220446049250313e-16 0
vn 1 -2.220446049250313e-16 0
vn 1 -2.220446049250313e-16 0
vn 1 -2.220446049250313e-16 0
vn 1 -2.220446049250313e-16 0
vn 1 -2.220446049250313e-16 0
vn 1 -2.220446049250313e-16 0
f 1510/688/688 1525/703/703 1511/689/689
f 1525/703/703 1526/704/704 1511/689/689
f 1511/689/689 1526/704/704 1512/690/690
f 1526/704/704 1527/705/705 1512/690/690
f 1512/690/690 1527/705/705 1513/691/691
f 1527/705/705 1528/706/706 1513/691/691
f 1513/691/691 1528/706/706 1514/692/692
f 1528/706/706 1529/707/707 1514/692/692
f 1514/692/692 1529/707/707 1515/693/693
f 1529/707/707 1530/708/708 1515/693/693
f 1515/693/693 1530/708/708 1516/694/694
f 1530/708/708 1531/709/709 1516/694/694
f 1516/694/694 1531/709/709 1517/695/695
f 1531/709/709 1532/710/710 1517/695/695
f 1517/695/695 1532/710/710 1518/696/696
f 1532/710/710 1533/711/711 1518/696/696
f 1518/696/696 1533/711/711 1519/697/697
f 1533/711/711 1534/712/712 1519/697/697
f 1519/697/697 1534/712/712 1520/698/698
f 1534/712/712 1535/713/713 1520/698/698
f 1520/698/698 1535/713/713 1521/699/699
f 1535/713/713 1536/714/714 1521/699/699
f 1521/699/699 1536/714/714 1522/700/700
f 1536/714/714 1537/715/715 1522/700/700
f 1522/700/700 1537/715/715 1523/701/701
f 1537/715/715 1538/716/716 1523/701/701
f 1523/701/701 1538/716/716 1524/702/702
f 1538/716/716 1539/717/717 1524/702/702
f 1554/732/732 1555/733/733 1540/718/718
f 1555/733/733 1556/734/734 1541/719/719
f 1556/734/734 1557/735/735 1542/720/720
f 1557/735/735 1558/736/736 1543/721/721
f 1558/736/736 1559/737/737 1544/722/722
f 1559/737/737 1560/738/738 1545/723/723
f 1560/738/738 1561/739/739 1546/724/724
f 1561/739/739 1562/740/740 1547/725/725
f 1562/740/740 1563/741/741 1548/726/726
f 1563/741/741 1564/742/742 1549/727/727
f 1564/742/742 1565/743/743 1550/728/728
f 1565/743/743 1566/744/744 1551/729/729
f 1566/744/744 1567/745/745 1552/730/730
f 1567/745/745 1568/746/746 1553/731/731
f 1584/762/762 1583/761/761 1569/747/747
f 1585/763/763 1584/762/762 1570/748/748
f 1586/764/764 1585/763/763 1571/749/749
f 1587/765/765 1586/764/764 1572/750/750
f 1588/766/766 1587/765/765 1573/751/751
f 1589/767/767 1588/766/766 1574/752/752
f 1590/768/768 1589/767/767 1575/753/753
f 1591/769/769 1590/768/768 1576/754/754
f 1592/770/770 1591/769/769 1577/755/755
f 1593/771/771 1592/770/770 1578/756/756
f 1594/772/772 1593/771/771 1579/757/757
f 1595/773/773 1594/772/772 1580/758/758
f 1596/774/774 1595/773/773 1581/759/759
f 1597/775/775 1596/774/774 1582/760/760
o bomba_motor_aristas
v -4.175000005960465 0.7154544246196748 0.1982131451368332
v -3.6249999940395354 0.7154544246196746 0.1982131451368332
v -4.175000005960464 0.7920029264688493 0.13716775178909302
v -3.6249999940395354 0.7920029264688491 0.13716775178909302
v -4.175000005960464 0.834484140276909 0.04895460605621338
v -3.6249999940395354 0.8344841402769088 0.04895460605621338
v -4.175000005960464 0.834484140276909 -0.04895460605621338
v -3.6249999940395354 0.8344841402769088 -0.04895460605621338
v -4.175000005960464 0.7920029264688493 -0.13716775178909302
v -3.6249999940395354 0.7920029264688491 -0.13716775178909302
v -4.175000005960465 0.7154544246196748 -0.1982131451368332
v -3.6249999940395354 0.7154544246196746 -0.1982131451368332
v -4.175000005960465 0.6200000000000001 -0.2199999988079071
v -3.6249999940395354 0.62 -0.2199999988079071
v -4.175000005960465 0.5245455753803254 -0.1982131451368332
v -3.6249999940395354 0.5245455753803252 -0.1982131451368332
v -4.175000005960465 0.44799707353115087 -0.13716775178909302
v -3.6249999940395354 0.44799707353115076 -0.13716775178909302
v -4.175000005960465 0.4055158597230912 -0.04895460605621338
v -3.6249999940395354 0.40551585972309107 -0.04895460605621338
v -4.175000005960465 0.4055158597230912 0.04895460605621338
v -3.6249999940395354 0.40551585972309107 0.04895460605621338
v -4.175000005960465 0.44799707353115087 0.13716775178909302
v -3.6249999940395354 0.44799707353115076 0.13716775178909302
v -4.175000005960465 0.5245455753803254 0.1982131451368332
v -3.6249999940395354 0.5245455753803252 0.1982131451368332
v -3.6249999940395354 0.6199999999999999 0.2199999988079071
v -4.175000005960465 0.62 0.2199999988079071
v -4.175000005960465 0.6200000000000001 0.2199999988079071
v -4.175000005960465 0.7154544246196748 0.1982131451368332
v -4.175000005960465 0.7154544246196748 0.1982131451368332
v -4.175000005960464 0.7920029264688493 0.13716775178909302
v -4.175000005960464 0.7920029264688493 0.13716775178909302
v -4.175000005960464 0.834484140276909 0.04895460605621338
v -4.175000005960464 0.834484140276909 0.04895460605621338
v -4.175000005960464 0.834484140276909 -0.04895460605621338
v -4.175000005960464 0.834484140276909 -0.04895460605621338
v -4.175000005960464 0.7920029264688493 -0.13716775178909302
v -4.175000005960464 0.7920029264688493 -0.13716775178909302
v -4.175000005960465 0.7154544246196748 -0.1982131451368332
v -4.175000005960465 0.7154544246196748 -0.1982131451368332
v -4.175000005960465 0.6200000000000001 -0.2199999988079071
v -4.175000005960465 0.6200000000000001 -0.2199999988079071
v -4.175000005960465 0.5245455753803254 -0.1982131451368332
v -4.175000005960465 0.5245455753803254 -0.1982131451368332
v -4.175000005960465 0.44799707353115087 -0.13716775178909302
v -4.175000005960465 0.44799707353115087 -0.13716775178909302
v -4.175000005960465 0.4055158597230912 -0.04895460605621338
v -4.175000005960465 0.4055158597230912 -0.04895460605621338
v -4.175000005960465 0.4055158597230912 0.04895460605621338
v -4.175000005960465 0.4055158597230912 0.04895460605621338
v -4.175000005960465 0.44799707353115087 0.13716775178909302
v -4.175000005960465 0.44799707353115087 0.13716775178909302
v -4.175000005960465 0.5245455753803254 0.1982131451368332
v -4.175000005960465 0.5245455753803254 0.1982131451368332
v -4.175000005960465 0.62 0.2199999988079071
v -3.6249999940395354 0.7154544246196746 0.1982131451368332
v -3.6249999940395354 0.6199999999999999 0.2199999988079071
v -3.6249999940395354 0.7920029264688491 0.13716775178909302
v -3.6249999940395354 0.7154544246196746 0.1982131451368332
v -3.6249999940395354 0.8344841402769088 0.04895460605621338
v -3.6249999940395354 0.7920029264688491 0.13716775178909302
v -3.6249999940395354 0.8344841402769088 -0.04895460605621338
v -3.6249999940395354 0.8344841402769088 0.04895460605621338
v -3.6249999940395354 0.7920029264688491 -0.13716775178909302
v -3.6249999940395354 0.8344841402769088 -0.04895460605621338
v -3.6249999940395354 0.7154544246196746 -0.1982131451368332
v -3.6249999940395354 0.7920029264688491 -0.13716775178909302
v -3.6249999940395354 0.62 -0.2199999988079071
v -3.6249999940395354 0.7154544246196746 -0.1982131451368332
v -3.6249999940395354 0.5245455753803252 -0.1982131451368332
v -3.6249999940395354 0.62 -0.2199999988079071
v -3.6249999940395354 0.44799707353115076 -0.13716775178909302
v -3.6249999940395354 0.5245455753803252 -0.1982131451368332
v -3.6249999940395354 0.40551585972309107 -0.04895460605621338
v -3.6249999940395354 0.44799707353115076 -0.13716775178909302
v -3.6249999940395354 0.40551585972309107 0.04895460605621338
v -3.6249999940395354 0.40551585972309107 -0.04895460605621338
v -3.6249999940395354 0.44799707353115076 0.13716775178909302
v -3.6249999940395354 0.40551585972309107 0.04895460605621338
v -3.6249999940395354 0.5245455753803252 0.1982131451368332
v -3.6249999940395354 0.44799707353115076 0.13716775178909302
v -3.6249999940395354 0.6199999999999999 0.2199999988079071
v -3.6249999940395354 0.5245455753803252 0.1982131451368332
l 1598 1599
l 1600 1601
l 1602 1603
l 1604 1605
l 1606 1607
l 1608 1609
l 1610 1611
l 1612 1613
l 1614 1615
l 1616 1617
l 1618 1619
l 1620 1621
l 1622 1623
l 1624 1625
l 1626 1627
l 1628 1629
l 1630 1631
l 1632 1633
l 1634 1635
l 1636 1637
l 1638 1639
l 1640 1641
l 1642 1643
l 1644 1645
l 1646 1647
l 1648 1649
l 1650 1651
l 1652 1653
l 1654 1655
l 1656 1657
l 1658 1659
l 1660 1661
l 1662 1663
l 1664 1665
l 1666 1667
l 1668 1669
l 1670 1671
l 1672 1673
l 1674 1675
l 1676 1677
l 1678 1679
l 1680 1681
o guia
v -3.9000000953674316 0.949999988079071 0
v -3.9000000953674316 2.0799999237060547 0
l 1682 1683 
o digestor_a_tanque_cuerpo
usemtl relleno_oscuro
v 1.4 3.599999952316284 -0.6000000476837157
v 2.549999976158142 3.599999952316284 -0.9081415176391601
v 3.3918584823608398 3.599999952316284 -1.7500000238418578
v 3.699999952316284 3.599999952316284 -2.9
v 3.3918584823608398 3.599999952316284 -4.0499999761581424
v 2.549999976158142 3.599999952316284 -4.89185848236084
v 1.4000000000000001 3.599999952316284 -5.1999999523162845
v 0.2500000238418578 3.599999952316284 -4.89185848236084
v -0.5918584823608399 3.599999952316284 -4.0499999761581424
v -0.8999999523162843 3.599999952316284 -2.9000000000000004
v -0.5918584823608399 3.599999952316284 -1.7500000238418578
v 0.2500000238418578 3.599999952316284 -0.9081415176391601
v 1.3999999999999992 3.599999952316284 -0.6000000476837157
v 1.4 4.768371586472142e-8 -0.6000000476837157
v 2.549999976158142 4.768371586472142e-8 -0.9081415176391601
v 3.3918584823608398 4.768371586472142e-8 -1.7500000238418578
v 3.699999952316284 4.768371586472142e-8 -2.9
v 3.3918584823608398 4.768371586472142e-8 -4.0499999761581424
v 2.549999976158142 4.768371586472142e-8 -4.89185848236084
v 1.4000000000000001 4.768371586472142e-8 -5.1999999523162845
v 0.2500000238418578 4.768371586472142e-8 -4.89185848236084
v -0.5918584823608399 4.768371586472142e-8 -4.0499999761581424
v -0.8999999523162843 4.768371586472142e-8 -2.9000000000000004
v -0.5918584823608399 4.768371586472142e-8 -1.7500000238418578
v 0.2500000238418578 4.768371586472142e-8 -0.9081415176391601
v 1.3999999999999992 4.768371586472142e-8 -0.6000000476837157
v 1.4 3.599999952316284 -2.9
v 1.4 3.599999952316284 -2.9
v 1.4 3.599999952316284 -2.9
v 1.4 3.599999952316284 -2.9
v 1.4 3.599999952316284 -2.9
v 1.4 3.599999952316284 -2.9
v 1.4 3.599999952316284 -2.9
v 1.4 3.599999952316284 -2.9
v 1.4 3.599999952316284 -2.9
v 1.4 3.599999952316284 -2.9
v 1.4 3.599999952316284 -2.9
v 1.4 3.599999952316284 -2.9
v 1.4 3.599999952316284 -0.6000000476837157
v 2.549999976158142 3.599999952316284 -0.9081415176391601
v 3.3918584823608398 3.599999952316284 -1.7500000238418578
v 3.699999952316284 3.599999952316284 -2.9
v 3.3918584823608398 3.599999952316284 -4.0499999761581424
v 2.549999976158142 3.599999952316284 -4.89185848236084
v 1.4000000000000001 3.599999952316284 -5.1999999523162845
v 0.2500000238418578 3.599999952316284 -4.89185848236084
v -0.5918584823608399 3.599999952316284 -4.0499999761581424
v -0.8999999523162843 3.599999952316284 -2.9000000000000004
v -0.5918584823608399 3.599999952316284 -1.7500000238418578
v 0.2500000238418578 3.599999952316284 -0.9081415176391601
v 1.3999999999999992 3.599999952316284 -0.6000000476837157
v 1.4 4.768371586472142e-8 -2.9
v 1.4 4.768371586472142e-8 -2.9
v 1.4 4.768371586472142e-8 -2.9
v 1.4 4.768371586472142e-8 -2.9
v 1.4 4.768371586472142e-8 -2.9
v 1.4 4.768371586472142e-8 -2.9
v 1.4 4.768371586472142e-8 -2.9
v 1.4 4.768371586472142e-8 -2.9
v 1.4 4.768371586472142e-8 -2.9
v 1.4 4.768371586472142e-8 -2.9
v 1.4 4.768371586472142e-8 -2.9
v 1.4 4.768371586472142e-8 -2.9
v 1.4 4.768371586472142e-8 -0.6000000476837157
v 2.549999976158142 4.768371586472142e-8 -0.9081415176391601
v 3.3918584823608398 4.768371586472142e-8 -1.7500000238418578
v 3.699999952316284 4.768371586472142e-8 -2.9
v 3.3918584823608398 4.768371586472142e-8 -4.0499999761581424
v 2.549999976158142 4.768371586472142e-8 -4.89185848236084
v 1.4000000000000001 4.768371586472142e-8 -5.1999999523162845
v 0.2500000238418578 4.768371586472142e-8 -4.89185848236084
v -0.5918584823608399 4.768371586472142e-8 -4.0499999761581424
v -0.8999999523162843 4.768371586472142e-8 -2.9000000000000004
v -0.5918584823608399 4.768371586472142e-8 -1.7500000238418578
v 0.2500000238418578 4.768371586472142e-8 -0.9081415176391601
v 1.3999999999999992 4.768371586472142e-8 -0.6000000476837157
vt 0 1
vt 0.0833333358168602 1
vt 0.1666666716337204 1
vt 0.25 1
vt 0.3333333432674408 1
vt 0.4166666567325592 1
vt 0.5 1
vt 0.5833333134651184 1
vt 0.6666666865348816 1
vt 0.75 1
vt 0.8333333134651184 1
vt 0.9166666865348816 1
vt 1 1
vt 0 0
vt 0.0833333358168602 0
vt 0.1666666716337204 0
vt 0.25 0
vt 0.3333333432674408 0
vt 0.4166666567325592 0
vt 0.5 0
vt 0.5833333134651184 0
vt 0.6666666865348816 0
vt 0.75 0
vt 0.8333333134651184 0
vt 0.9166666865348816 0
vt 1 0
vt 0.5 0.5
vt 0.5 0.5
vt 0.5 0.5
vt 0.5 0.5
vt 0.5 0.5
vt 0.5 0.5
vt 0.5 0.5
vt 0.5 0.5
vt 0.5 0.5
vt 0.5 0.5
vt 0.5 0.5
vt 0.5 0.5
vt 1 0.5
vt 0.9330127239227295 0.75
vt 0.75 0.9330127239227295
vt 0.5 1
vt 0.25 0.9330127239227295
vt 0.0669872984290123 0.75
vt 0 0.5
vt 0.0669872984290123 0.25
vt 0.25 0.0669872984290123
vt 0.5 0
vt 0.75 0.0669872984290123
vt 0.9330127239227295 0.25
vt 1 0.5
vt 0.5 0.5
vt 0.5 0.5
vt 0.5 0.5
vt 0.5 0.5
vt 0.5 0.5
vt 0.5 0.5
vt 0.5 0.5
vt 0.5 0.5
vt 0.5 0.5
vt 0.5 0.5
vt 0.5 0.5
vt 0.5 0.5
vt 1 0.5
vt 0.9330127239227295 0.25
vt 0.75 0.0669872984290123
vt 0.5 0
vt 0.25 0.0669872984290123
vt 0.0669872984290123 0.25
vt 0 0.5
vt 0.0669872984290123 0.75
vt 0.25 0.9330127239227295
vt 0.5 1
vt 0.75 0.9330127239227295
vt 0.9330127239227295 0.75
vt 1 0.5
vn 0 0 1
vn 0.5000000067305869 0 0.8660253998985324
vn 0.8660253998985324 0 0.5000000067305869
vn 1 0 6.123234262925839e-17
vn 0.8660253998985324 0 -0.5000000067305869
vn 0.5000000067305869 0 -0.8660253998985324
vn 1.2246468525851679e-16 0 -1
vn -0.5000000067305869 0 -0.8660253998985324
vn -0.8660253998985324 0 -0.5000000067305869
vn -1 0 -1.8369701465288538e-16
vn -0.8660253998985324 0 0.5000000067305869
vn -0.5000000067305869 0 0.8660253998985324
vn -2.4492937051703357e-16 0 1
vn 0 0 1
vn 0.5000000067305869 0 0.8660253998985324
vn 0.8660253998985324 0 0.5000000067305869
vn 1 0 6.123234262925839e-17
vn 0.8660253998985324 0 -0.5000000067305869
vn 0.5000000067305869 0 -0.8660253998985324
vn 1.2246468525851679e-16 0 -1
vn -0.5000000067305869 0 -0.8660253998985324
vn -0.8660253998985324 0 -0.5000000067305869
vn -1 0 -1.8369701465288538e-16
vn -0.8660253998985324 0 0.5000000067305869
vn -0.5000000067305869 0 0.8660253998985324
vn -2.4492937051703357e-16 0 1
vn 0 1 0
vn 0 1 0
vn 0 1 0
vn 0 1 0
vn 0 1 0
vn 0 1 0
vn 0 1 0
vn 0 1 0
vn 0 1 0
vn 0 1 0
vn 0 1 0
vn 0 1 0
vn 0 1 0
vn 0 1 0
vn 0 1 0
vn 0 1 0
vn 0 1 0
vn 0 1 0
vn 0 1 0
vn 0 1 0
vn 0 1 0
vn 0 1 0
vn 0 1 0
vn 0 1 0
vn 0 1 0
vn 0 -1 0
vn 0 -1 0
vn 0 -1 0
vn 0 -1 0
vn 0 -1 0
vn 0 -1 0
vn 0 -1 0
vn 0 -1 0
vn 0 -1 0
vn 0 -1 0
vn 0 -1 0
vn 0 -1 0
vn 0 -1 0
vn 0 -1 0
vn 0 -1 0
vn 0 -1 0
vn 0 -1 0
vn 0 -1 0
vn 0 -1 0
vn 0 -1 0
vn 0 -1 0
vn 0 -1 0
vn 0 -1 0
vn 0 -1 0
vn 0 -1 0
f 1684/776/776 1697/789/789 1685/777/777
f 1697/789/789 1698/790/790 1685/777/777
f 1685/777/777 1698/790/790 1686/778/778
f 1698/790/790 1699/791/791 1686/778/778
f 1686/778/778 1699/791/791 1687/779/779
f 1699/791/791 1700/792/792 1687/779/779
f 1687/779/779 1700/792/792 1688/780/780
f 1700/792/792 1701/793/793 1688/780/780
f 1688/780/780 1701/793/793 1689/781/781
f 1701/793/793 1702/794/794 1689/781/781
f 1689/781/781 1702/794/794 1690/782/782
f 1702/794/794 1703/795/795 1690/782/782
f 1690/782/782 1703/795/795 1691/783/783
f 1703/795/795 1704/796/796 1691/783/783
f 1691/783/783 1704/796/796 1692/784/784
f 1704/796/796 1705/797/797 1692/784/784
f 1692/784/784 1705/797/797 1693/785/785
f 1705/797/797 1706/798/798 1693/785/785
f 1693/785/785 1706/798/798 1694/786/786
f 1706/798/798 1707/799/799 1694/786/786
f 1694/786/786 1707/799/799 1695/787/787
f 1707/799/799 1708/800/800 1695/787/787
f 1695/787/787 1708/800/800 1696/788/788
f 1708/800/800 1709/801/801 1696/788/788
f 1722/814/814 1723/815/815 1710/802/802
f 1723/815/815 1724/816/816 1711/803/803
f 1724/816/816 1725/817/817 1712/804/804
f 1725/817/817 1726/818/818 1713/805/805
f 1726/818/818 1727/819/819 1714/806/806
f 1727/819/819 1728/820/820 1715/807/807
f 1728/820/820 1729/821/821 1716/808/808
f 1729/821/821 1730/822/822 1717/809/809
f 1730/822/822 1731/823/823 1718/810/810
f 1731/823/823 1732/824/824 1719/811/811
f 1732/824/824 1733/825/825 1720/812/812
f 1733/825/825 1734/826/826 1721/813/813
f 1748/840/840 1747/839/839 1735/827/827
f 1749/841/841 1748/840/840 1736/828/828
f 1750/842/842 1749/841/841 1737/829/829
f 1751/843/843 1750/842/842 1738/830/830
f 1752/844/844 1751/843/843 1739/831/831
f 1753/845/845 1752/844/844 1740/832/832
f 1754/846/846 1753/845/845 1741/833/833
f 1755/847/847 1754/846/846 1742/834/834
f 1756/848/848 1755/847/847 1743/835/835
f 1757/849/849 1756/848/848 1744/836/836
f 1758/850/850 1757/849/849 1745/837/837
f 1759/851/851 1758/850/850 1746/838/838
o digestor_a_tanque_aristas
v 2.549999976158142 3.599999952316284 -0.9081415176391601
v 2.549999976158142 4.768371586472142e-8 -0.9081415176391601
v 3.3918584823608398 3.599999952316284 -1.7500000238418578
v 3.3918584823608398 4.768371586472142e-8 -1.7500000238418578
v 3.699999952316284 3.599999952316284 -2.9
v 3.699999952316284 4.768371586472142e-8 -2.9
v 3.3918584823608398 3.599999952316284 -4.0499999761581424
v 3.3918584823608398 4.768371586472142e-8 -4.0499999761581424
v 2.549999976158142 3.599999952316284 -4.89185848236084
v 2.549999976158142 4.768371586472142e-8 -4.89185848236084
v 1.4000000000000001 3.599999952316284 -5.1999999523162845
v 1.4000000000000001 4.768371586472142e-8 -5.1999999523162845
v 0.2500000238418578 3.599999952316284 -4.89185848236084
v 0.2500000238418578 4.768371586472142e-8 -4.89185848236084
v -0.5918584823608399 3.599999952316284 -4.0499999761581424
v -0.5918584823608399 4.768371586472142e-8 -4.0499999761581424
v -0.8999999523162843 3.599999952316284 -2.9000000000000004
v -0.8999999523162843 4.768371586472142e-8 -2.9000000000000004
v -0.5918584823608399 3.599999952316284 -1.7500000238418578
v -0.5918584823608399 4.768371586472142e-8 -1.7500000238418578
v 0.2500000238418578 3.599999952316284 -0.9081415176391601
v 0.2500000238418578 4.768371586472142e-8 -0.9081415176391601
v 1.3999999999999992 4.768371586472142e-8 -0.6000000476837157
v 1.3999999999999992 3.599999952316284 -0.6000000476837157
v 1.4 3.599999952316284 -0.6000000476837157
v 2.549999976158142 3.599999952316284 -0.9081415176391601
v 2.549999976158142 3.599999952316284 -0.9081415176391601
v 3.3918584823608398 3.599999952316284 -1.7500000238418578
v 3.3918584823608398 3.599999952316284 -1.7500000238418578
v 3.699999952316284 3.599999952316284 -2.9
v 3.699999952316284 3.599999952316284 -2.9
v 3.3918584823608398 3.599999952316284 -4.0499999761581424
v 3.3918584823608398 3.599999952316284 -4.0499999761581424
v 2.549999976158142 3.599999952316284 -4.89185848236084
v 2.549999976158142 3.599999952316284 -4.89185848236084
v 1.4000000000000001 3.599999952316284 -5.1999999523162845
v 1.4000000000000001 3.599999952316284 -5.1999999523162845
v 0.2500000238418578 3.599999952316284 -4.89185848236084
v 0.2500000238418578 3.599999952316284 -4.89185848236084
v -0.5918584823608399 3.599999952316284 -4.0499999761581424
v -0.5918584823608399 3.599999952316284 -4.0499999761581424
v -0.8999999523162843 3.599999952316284 -2.9000000000000004
v -0.8999999523162843 3.599999952316284 -2.9000000000000004
v -0.5918584823608399 3.599999952316284 -1.7500000238418578
v -0.5918584823608399 3.599999952316284 -1.7500000238418578
v 0.2500000238418578 3.599999952316284 -0.9081415176391601
v 0.2500000238418578 3.599999952316284 -0.9081415176391601
v 1.3999999999999992 3.599999952316284 -0.6000000476837157
v 2.549999976158142 4.768371586472142e-8 -0.9081415176391601
v 1.4 4.768371586472142e-8 -0.6000000476837157
v 3.3918584823608398 4.768371586472142e-8 -1.7500000238418578
v 2.549999976158142 4.768371586472142e-8 -0.9081415176391601
v 3.699999952316284 4.768371586472142e-8 -2.9
v 3.3918584823608398 4.768371586472142e-8 -1.7500000238418578
v 3.3918584823608398 4.768371586472142e-8 -4.0499999761581424
v 3.699999952316284 4.768371586472142e-8 -2.9
v 2.549999976158142 4.768371586472142e-8 -4.89185848236084
v 3.3918584823608398 4.768371586472142e-8 -4.0499999761581424
v 1.4000000000000001 4.768371586472142e-8 -5.1999999523162845
v 2.549999976158142 4.768371586472142e-8 -4.89185848236084
v 0.2500000238418578 4.768371586472142e-8 -4.89185848236084
v 1.4000000000000001 4.768371586472142e-8 -5.1999999523162845
v -0.5918584823608399 4.768371586472142e-8 -4.0499999761581424
v 0.2500000238418578 4.768371586472142e-8 -4.89185848236084
v -0.8999999523162843 4.768371586472142e-8 -2.9000000000000004
v -0.5918584823608399 4.768371586472142e-8 -4.0499999761581424
v -0.5918584823608399 4.768371586472142e-8 -1.7500000238418578
v -0.8999999523162843 4.768371586472142e-8 -2.9000000000000004
v 0.2500000238418578 4.768371586472142e-8 -0.9081415176391601
v -0.5918584823608399 4.768371586472142e-8 -1.7500000238418578
v 1.3999999999999992 4.768371586472142e-8 -0.6000000476837157
v 0.2500000238418578 4.768371586472142e-8 -0.9081415176391601
l 1760 1761
l 1762 1763
l 1764 1765
l 1766 1767
l 1768 1769
l 1770 1771
l 1772 1773
l 1774 1775
l 1776 1777
l 1778 1779
l 1780 1781
l 1782 1783
l 1784 1785
l 1786 1787
l 1788 1789
l 1790 1791
l 1792 1793
l 1794 1795
l 1796 1797
l 1798 1799
l 1800 1801
l 1802 1803
l 1804 1805
l 1806 1807
l 1808 1809
l 1810 1811
l 1812 1813
l 1814 1815
l 1816 1817
l 1818 1819
l 1820 1821
l 1822 1823
l 1824 1825
l 1826 1827
l 1828 1829
l 1830 1831
o digestor_a_geomembrana_cuerpo
usemtl relleno_oscuro
v 1.4 4.749999976158142 -2.9
v 1.4 4.749999976158142 -2.9
v 1.4 4.749999976158142 -2.9
v 1.4 4.749999976158142 -2.9
v 1.4 4.749999976158142 -2.9
v 1.4 4.749999976158142 -2.9
v 1.4 4.749999976158142 -2.9
v 1.4 4.749999976158142 -2.9
v 1.4 4.749999976158142 -2.9
v 1.4 4.749999976158142 -2.9
v 1.4 4.749999976158142 -2.9
v 1.4 4.749999976158142 -2.9
v 1.4 4.749999976158142 -2.9
v 1.4 4.749999976158142 -2.9
v 1.4 4.749999976158142 -2.9
v 1.4 4.749999976158142 -2.9
v 1.4 4.749999976158142 -2.9
v 0.8882018566131591 4.721167063713073 -2.9
v 0.9271601676940917 4.721167063713073 -2.704143324494362
v 1.0381040513515472 4.721167063713073 -2.538104051351547
v 1.2041433244943618 4.721167063713073 -2.4271601676940917
v 1.4 4.721167063713073 -2.388201856613159
v 1.595856675505638 4.721167063713073 -2.4271601676940917
v 1.7618959486484527 4.721167063713073 -2.538104051351547
v 1.8728398323059081 4.721167063713073 -2.704143324494362
v 1.9117981433868407 4.721167063713073 -2.9
v 1.8728398323059081 4.721167063713073 -3.095856675505638
v 1.7618959486484527 4.721167063713073 -3.2618959486484527
v 1.595856675505638 4.721167063713073 -3.372839832305908
v 1.4 4.721167063713073 -3.4117981433868407
v 1.2041433244943618 4.721167063713073 -3.372839832305908
v 1.0381040513515472 4.721167063713073 -3.2618959486484527
v 0.9271601676940917 4.721167063713073 -3.095856675505638
v 0.8882018566131591 4.721167063713073 -2.9
v 0.40206738710403434 4.63611421585083 -2.9
v 0.47803046703338614 4.63611421585083 -2.518107736110687
v 0.6943550944328307 4.63611421585083 -2.1943550944328307
v 1.0181077361106872 4.63611421585083 -1.9780304670333861
v 1.4 4.63611421585083 -1.9020673871040343
v 1.7818922638893127 4.63611421585083 -1.9780304670333861
v 2.105644905567169 4.63611421585083 -2.1943550944328307
v 2.3219695329666137 4.63611421585083 -2.518107736110687
v 2.3979326128959655 4.63611421585083 -2.9
v 2.3219695329666137 4.63611421585083 -3.2818922638893127
v 2.105644905567169 4.63611421585083 -3.605644905567169
v 1.7818922638893127 4.63611421585083 -3.8219695329666137
v 1.4000000000000001 4.63611421585083 -3.8979326128959655
v 1.0181077361106872 4.63611421585083 -3.8219695329666137
v 0.6943550944328307 4.63611421585083 -3.605644905567169
v 0.47803046703338614 4.63611421585083 -3.2818922638893127
v 0.40206738710403434 4.63611421585083 -2.9000000000000004
v -0.034026598930358976 4.499106204509735 -2.9
v 0.07513227462768546 4.499106204509735 -2.3512218236923217
v 0.3859900474548339 4.499106204509735 -1.885990047454834
v 0.8512218236923217 4.499106204509735 -1.5751322746276855
v 1.4 4.499106204509735 -1.465973401069641
v 1.9487781763076781 4.499106204509735 -1.5751322746276855
v 2.414009952545166 4.499106204509735 -1.885990047454834
v 2.7248677253723144 4.499106204509735 -2.3512218236923217
v 2.834026598930359 4.499106204509735 -2.9
v 2.7248677253723144 4.499106204509735 -3.448778176307678
v 2.414009952545166 4.499106204509735 -3.914009952545166
v 1.9487781763076781 4.499106204509735 -4.224867725372315
v 1.4000000000000001 4.499106204509735 -4.334026598930359
v 0.8512218236923217 4.499106204509735 -4.224867725372315
v 0.3859900474548339 4.499106204509735 -3.914009952545166
v 0.07513227462768546 4.499106204509735 -3.448778176307678
v -0.034026598930358976 4.499106204509735 -2.9000000000000004
v -0.3982124090194703 4.317013299465179 -2.9
v -0.2613316535949708 4.317013299465179 -2.2118538856506347
v 0.12847175598144522 4.317013299465179 -1.6284717559814452
v 0.7118538856506347 4.317013299465179 -1.2386683464050292
v 1.4 4.317013299465179 -1.1017875909805297
v 2.088146114349365 4.317013299465179 -1.2386683464050292
v 2.6715282440185546 4.317013299465179 -1.6284717559814452
v 3.0613316535949706 4.317013299465179 -2.2118538856506347
v 3.19821240901947 4.317013299465179 -2.9
v 3.0613316535949706 4.317013299465179 -3.588146114349365
v 2.6715282440185546 4.317013299465179 -4.171528244018555
v 2.088146114349365 4.317013299465179 -4.561331653594971
v 1.4000000000000001 4.317013299465179 -4.698212409019471
v 0.7118538856506347 4.317013299465179 -4.561331653594971
v 0.12847175598144522 4.317013299465179 -4.171528244018555
v -0.2613316535949708 4.317013299465179 -3.588146114349365
v -0.3982124090194703 4.317013299465179 -2.9000000000000004
v -0.6722284317016602 4.098966306447982 -2.9
v -0.5144893884658814 4.098966306447982 -2.106992506980896
v -0.06528673171997079 4.098966306447982 -1.4347132682800292
v 0.6069925069808959 4.098966306447982 -0.9855106115341186
v 1.3999999999999997 4.098966306447982 -0.8277715682983398
v 2.193007493019104 4.098966306447982 -0.9855106115341186
v 2.8652867317199706 4.098966306447982 -1.4347132682800292
v 3.3144893884658813 4.098966306447982 -2.106992506980896
v 3.47222843170166 4.098966306447982 -2.8999999999999995
v 3.3144893884658813 4.098966306447982 -3.693007493019104
v 2.8652867317199706 4.098966306447982 -4.365286731719971
v 2.193007493019104 4.098966306447982 -4.814489388465882
v 1.4000000000000004 4.098966306447982 -4.9722284317016605
v 0.6069925069808959 4.098966306447982 -4.814489388465882
v -0.06528673171997079 4.098966306447982 -4.365286731719971
v -0.5144893884658814 4.098966306447982 -3.693007493019104
v -0.6722284317016602 4.098966306447982 -2.9000000000000004
v -0.8423341274261475 3.8558990716934205 -2.9
v -0.6716466903686524 3.8558990716934205 -2.041895830631256
v -0.18556973934173593 3.8558990716934205 -1.314430260658264
v 0.541895830631256 3.8558990716934205 -0.8283533096313476
v 1.3999999999999997 3.8558990716934205 -0.6576658725738525
v 2.258104169368744 3.8558990716934205 -0.8283533096313476
v 2.9855697393417358 3.8558990716934205 -1.314430260658264
v 3.4716466903686523 3.8558990716934205 -2.041895830631256
v 3.6423341274261474 3.8558990716934205 -2.8999999999999995
v 3.4716466903686523 3.8558990716934205 -3.758104169368744
v 2.9855697393417358 3.8558990716934205 -4.485569739341736
v 2.258104169368744 3.8558990716934205 -4.971646690368653
v 1.4000000000000004 3.8558990716934205 -5.142334127426148
v 0.541895830631256 3.8558990716934205 -4.971646690368653
v -0.18556973934173593 3.8558990716934205 -4.485569739341736
v -0.6716466903686524 3.8558990716934205 -3.758104169368744
v -0.8423341274261475 3.8558990716934205 -2.9000000000000004
v -0.8999999523162843 3.6 -2.9
v -0.7249229907989503 3.6 -2.0198281049728393
v -0.2263456344604493 3.6 -1.2736543655395507
v 0.5198281049728393 3.6 -0.7750770092010497
v 1.3999999999999997 3.6 -0.6000000476837157
v 2.2801718950271606 3.6 -0.7750770092010497
v 3.026345634460449 3.6 -1.2736543655395507
v 3.52492299079895 3.6 -2.0198281049728393
v 3.699999952316284 3.6 -2.8999999999999995
v 3.52492299079895 3.6 -3.7801718950271606
v 3.026345634460449 3.6 -4.52634563446045
v 2.2801718950271606 3.6 -5.0249229907989506
v 1.4000000000000004 3.6 -5.1999999523162845
v 0.5198281049728393 3.6 -5.0249229907989506
v -0.2263456344604493 3.6 -4.52634563446045
v -0.7249229907989503 3.6 -3.7801718950271606
v -0.8999999523162843 3.6 -2.9000000000000004
vt 0.03125 1
vt 0.09375 1
vt 0.15625 1
vt 0.21875 1
vt 0.28125 1
vt 0.34375 1
vt 0.40625 1
vt 0.46875 1
vt 0.53125 1
vt 0.59375 1
vt 0.65625 1
vt 0.71875 1
vt 0.78125 1
vt 0.84375 1
vt 0.90625 1
vt 0.96875 1
vt 1.03125 1
vt 0 0.8571428656578064
vt 0.0625 0.8571428656578064
vt 0.125 0.8571428656578064
vt 0.1875 0.8571428656578064
vt 0.25 0.8571428656578064
vt 0.3125 0.8571428656578064
vt 0.375 0.8571428656578064
vt 0.4375 0.8571428656578064
vt 0.5 0.8571428656578064
vt 0.5625 0.8571428656578064
vt 0.625 0.8571428656578064
vt 0.6875 0.8571428656578064
vt 0.75 0.8571428656578064
vt 0.8125 0.8571428656578064
vt 0.875 0.8571428656578064
vt 0.9375 0.8571428656578064
vt 1 0.8571428656578064
vt 0 0.7142857313156128
vt 0.0625 0.7142857313156128
vt 0.125 0.7142857313156128
vt 0.1875 0.7142857313156128
vt 0.25 0.7142857313156128
vt 0.3125 0.7142857313156128
vt 0.375 0.7142857313156128
vt 0.4375 0.7142857313156128
vt 0.5 0.7142857313156128
vt 0.5625 0.7142857313156128
vt 0.625 0.7142857313156128
vt 0.6875 0.7142857313156128
vt 0.75 0.7142857313156128
vt 0.8125 0.7142857313156128
vt 0.875 0.7142857313156128
vt 0.9375 0.7142857313156128
vt 1 0.7142857313156128
vt 0 0.5714285969734192
vt 0.0625 0.5714285969734192
vt 0.125 0.5714285969734192
vt 0.1875 0.5714285969734192
vt 0.25 0.5714285969734192
vt 0.3125 0.5714285969734192
vt 0.375 0.5714285969734192
vt 0.4375 0.5714285969734192
vt 0.5 0.5714285969734192
vt 0.5625 0.5714285969734192
vt 0.625 0.5714285969734192
vt 0.6875 0.5714285969734192
vt 0.75 0.5714285969734192
vt 0.8125 0.5714285969734192
vt 0.875 0.5714285969734192
vt 0.9375 0.5714285969734192
vt 1 0.5714285969734192
vt 0 0.4285714328289032
vt 0.0625 0.4285714328289032
vt 0.125 0.4285714328289032
vt 0.1875 0.4285714328289032
vt 0.25 0.4285714328289032
vt 0.3125 0.4285714328289032
vt 0.375 0.4285714328289032
vt 0.4375 0.4285714328289032
vt 0.5 0.4285714328289032
vt 0.5625 0.4285714328289032
vt 0.625 0.4285714328289032
vt 0.6875 0.4285714328289032
vt 0.75 0.4285714328289032
vt 0.8125 0.4285714328289032
vt 0.875 0.4285714328289032
vt 0.9375 0.4285714328289032
vt 1 0.4285714328289032
vt 0 0.2857142984867096
vt 0.0625 0.2857142984867096
vt 0.125 0.2857142984867096
vt 0.1875 0.2857142984867096
vt 0.25 0.2857142984867096
vt 0.3125 0.2857142984867096
vt 0.375 0.2857142984867096
vt 0.4375 0.2857142984867096
vt 0.5 0.2857142984867096
vt 0.5625 0.2857142984867096
vt 0.625 0.2857142984867096
vt 0.6875 0.2857142984867096
vt 0.75 0.2857142984867096
vt 0.8125 0.2857142984867096
vt 0.875 0.2857142984867096
vt 0.9375 0.2857142984867096
vt 1 0.2857142984867096
vt 0 0.1428571492433548
vt 0.0625 0.1428571492433548
vt 0.125 0.1428571492433548
vt 0.1875 0.1428571492433548
vt 0.25 0.1428571492433548
vt 0.3125 0.1428571492433548
vt 0.375 0.1428571492433548
vt 0.4375 0.1428571492433548
vt 0.5 0.1428571492433548
vt 0.5625 0.1428571492433548
vt 0.625 0.1428571492433548
vt 0.6875 0.1428571492433548
vt 0.75 0.1428571492433548
vt 0.8125 0.1428571492433548
vt 0.875 0.1428571492433548
vt 0.9375 0.1428571492433548
vt 1 0.1428571492433548
vt 0 0
vt 0.0625 0
vt 0.125 0
vt 0.1875 0
vt 0.25 0
vt 0.3125 0
vt 0.375 0
vt 0.4375 0
vt 0.5 0
vt 0.5625 0
vt 0.625 0
vt 0.6875 0
vt 0.75 0
vt 0.8125 0
vt 0.875 0
vt 0.9375 0
vt 1 0
vn 0 1 0
vn 0 1 0
vn 0 1 0
vn 0 1 0
vn 0 1 0
vn 0 1 0
vn 0 1 0
vn 0 1 0
vn 0 1 0
vn 0 1 0
vn 0 1 0
vn 0 1 0
vn 0 1 0
vn 0 1 0
vn 0 1 0
vn 0 1 0
vn 0 1 0
vn -0.11338577099774741 0.9935510389181055 0
vn -0.10475479015436026 0.9935510391609674 0.04339085758403175
vn -0.08017584481914843 0.9935510393608733 0.08017584481914843
vn -0.04339085758403175 0.9935510391609674 0.10475479015436026
vn -6.942876320035687e-18 0.9935510389181055 0.11338577099774741
vn 0.04339085758403175 0.9935510391609674 0.10475479015436026
vn 0.08017584481914843 0.9935510393608733 0.08017584481914843
vn 0.10475479015436026 0.9935510391609674 0.04339085758403175
vn 0.11338577099774741 0.9935510389181055 1.3885752640071375e-17
vn 0.10475479015436026 0.9935510391609674 -0.04339085758403175
vn 0.08017584481914843 0.9935510393608733 -0.08017584481914843
vn 0.04339085758403175 0.9935510391609674 -0.10475479015436026
vn 2.082862896010706e-17 0.9935510389181055 -0.11338577099774741
vn -0.04339085758403175 0.9935510391609674 -0.10475479015436026
vn -0.08017584481914843 0.9935510393608733 -0.08017584481914843
vn -0.10475479015436026 0.9935510391609674 -0.04339085758403175
vn -0.11338577099774741 0.9935510389181055 -2.777150528014275e-17
vn -0.23409663091759533 0.9722133343011867 0
vn -0.2162770969503564 0.972213331439056 0.08958490669135202
vn -0.1655313143903751 0.9722133345682877 0.1655313143903751
vn -0.08958490669135202 0.972213331439056 0.2162770969503564
vn -1.4334284639864008e-17 0.9722133343011867 0.23409663091759533
vn 0.08958490669135202 0.972213331439056 0.2162770969503564
vn 0.1655313143903751 0.9722133345682877 0.1655313143903751
vn 0.2162770969503564 0.972213331439056 0.08958490669135202
vn 0.23409663091759533 0.9722133343011867 2.8668569279728015e-17
vn 0.2162770969503564 0.972213331439056 -0.08958490669135202
vn 0.1655313143903751 0.9722133345682877 -0.1655313143903751
vn 0.08958490669135202 0.972213331439056 -0.2162770969503564
vn 4.3002853027001764e-17 0.9722133343011867 -0.23409663091759533
vn -0.08958490669135202 0.972213331439056 -0.2162770969503564
vn -0.1655313143903751 0.9722133345682877 -0.1655313143903751
vn -0.2162770969503564 0.972213331439056 -0.08958490669135202
vn -0.23409663091759533 0.9722133343011867 -5.733713855945603e-17
vn -0.37037884146320454 0.9288807855674345 0
vn -0.3421854400676019 0.9288807826780736 0.14173784313693666
vn -0.26189738926468353 0.9288807862113876 0.26189738926468353
vn -0.14173784313693666 0.9288807826780736 0.3421854400676019
vn -2.267916378513722e-17 0.9288807855674345 0.37037884146320454
vn 0.14173784313693666 0.9288807826780736 0.3421854400676019
vn 0.26189738926468353 0.9288807862113876 0.26189738926468353
vn 0.3421854400676019 0.9288807826780736 0.14173784313693666
vn 0.37037884146320454 0.9288807855674345 4.535832757027444e-17
vn 0.3421854400676019 0.9288807826780736 -0.14173784313693666
vn 0.26189738926468353 0.9288807862113876 -0.26189738926468353
vn 0.14173784313693666 0.9288807826780736 -0.3421854400676019
vn 6.803748742437447e-17 0.9288807855674345 -0.37037884146320454
vn -0.14173784313693666 0.9288807826780736 -0.3421854400676019
vn -0.26189738926468353 0.9288807862113876 -0.26189738926468353
vn -0.3421854400676019 0.9288807826780736 -0.14173784313693666
vn -0.37037884146320454 0.9288807855674345 -9.071665514054888e-17
vn -0.5312048417086694 0.8472434220135717 0
vn -0.4907692763630878 0.8472434267019967 0.20328328334693305
vn -0.3756185301861438 0.8472434358327021 0.3756185301861438
vn -0.20328328334693305 0.8472434267019967 0.4907692763630878
vn -3.2526915489814265e-17 0.8472434220135717 0.5312048417086694
vn 0.20328328334693305 0.8472434267019967 0.4907692763630878
vn 0.3756185301861438 0.8472434358327021 0.3756185301861438
vn 0.4907692763630878 0.8472434267019967 0.20328328334693305
vn 0.5312048417086694 0.8472434220135717 6.505383097962853e-17
vn 0.4907692763630878 0.8472434267019967 -0.20328328334693305
vn 0.3756185301861438 0.8472434358327021 -0.3756185301861438
vn 0.20328328334693305 0.8472434267019967 -0.4907692763630878
vn 9.758074422137607e-17 0.8472434220135717 -0.5312048417086694
vn -0.20328328334693305 0.8472434267019967 -0.4907692763630878
vn -0.3756185301861438 0.8472434358327021 -0.3756185301861438
vn -0.4907692763630878 0.8472434267019967 -0.20328328334693305
vn -0.5312048417086694 0.8472434220135717 -1.3010766195925706e-16
vn -0.7202531784022537 0.6937112936960528 0
vn -0.6654271640408971 0.6937112936870995 0.27562897229329814
vn -0.5092959153189037 0.6937112809223733 0.5092959153189037
vn -0.27562897229329814 0.6937112936870995 0.6654271640408971
vn -4.4102787121818413e-17 0.6937112936960528 0.7202531784022537
vn 0.27562897229329814 0.6937112936870995 0.6654271640408971
vn 0.5092959153189037 0.6937112809223733 0.5092959153189037
vn 0.6654271640408971 0.6937112936870995 0.27562897229329814
vn 0.7202531784022537 0.6937112936960528 8.820557424363683e-17
vn 0.6654271640408971 0.6937112936870995 -0.27562897229329814
vn 0.5092959153189037 0.6937112809223733 -0.5092959153189037
vn 0.27562897229329814 0.6937112936870995 -0.6654271640408971
vn 1.3230836930063923e-16 0.6937112936960528 -0.7202531784022537
vn -0.27562897229329814 0.6937112936870995 -0.6654271640408971
vn -0.5092959153189037 0.6937112809223733 -0.5092959153189037
vn -0.6654271640408971 0.6937112936870995 -0.27562897229329814
vn -0.7202531784022537 0.6937112936960528 -1.7641114848727365e-16
vn -0.9096999593519888 0.41526616037788366 0
vn -0.8404531789942746 0.415266157439081 0.34812709231572037
vn -0.6432550119578615 0.4152661546311988 0.6432550119578615
vn -0.34812709231572037 0.415266157439081 0.8404531789942746
vn -5.570305579106863e-17 0.41526616037788366 0.9096999593519888
vn 0.34812709231572037 0.415266157439081 0.8404531789942746
vn 0.6432550119578615 0.4152661546311988 0.6432550119578615
vn 0.8404531789942746 0.415266157439081 0.34812709231572037
vn 0.9096999593519888 0.41526616037788366 1.1140611158213727e-16
vn 0.8404531789942746 0.415266157439081 -0.34812709231572037
vn 0.6432550119578615 0.4152661546311988 -0.6432550119578615
vn 0.34812709231572037 0.415266157439081 -0.8404531789942746
vn 1.67109173547908e-16 0.41526616037788366 -0.9096999593519888
vn -0.34812709231572037 0.415266157439081 -0.8404531789942746
vn -0.6432550119578615 0.4152661546311988 -0.6432550119578615
vn -0.8404531789942746 0.415266157439081 -0.34812709231572037
vn -0.9096999593519888 0.41526616037788366 -2.2281222316427453e-16
vn -1 1.2246468525851679e-16 0
vn -0.9238795305660377 1.2246468875295903e-16 0.3826834370613369
vn -0.7071067811865476 1.2246468735441063e-16 0.7071067811865476
vn -0.3826834370613369 1.2246468875295903e-16 0.9238795305660377
vn -6.123234262925839e-17 1.2246468525851679e-16 1
vn 0.3826834370613369 1.2246468875295903e-16 0.9238795305660377
vn 0.7071067811865476 1.2246468735441063e-16 0.7071067811865476
vn 0.9238795305660377 1.2246468875295903e-16 0.3826834370613369
vn 1 1.2246468525851679e-16 1.2246468525851679e-16
vn 0.9238795305660377 1.2246468875295903e-16 -0.3826834370613369
vn 0.7071067811865476 1.2246468735441063e-16 -0.7071067811865476
vn 0.3826834370613369 1.2246468875295903e-16 -0.9238795305660377
vn 1.8369701465288538e-16 1.2246468525851679e-16 -1
vn -0.3826834370613369 1.2246468875295903e-16 -0.9238795305660377
vn -0.7071067811865476 1.2246468735441063e-16 -0.7071067811865476
vn -0.9238795305660377 1.2246468875295903e-16 -0.3826834370613369
vn -1 1.2246468525851679e-16 -2.4492937051703357e-16
f 1832/852/852 1849/869/869 1850/870/870
f 1833/853/853 1850/870/870 1851/871/871
f 1834/854/854 1851/871/871 1852/872/872
f 1835/855/855 1852/872/872 1853/873/873
f 1836/856/856 1853/873/873 1854/874/874
f 1837/857/857 1854/874/874 1855/875/875
f 1838/858/858 1855/875/875 1856/876/876
f 1839/859/859 1856/876/876 1857/877/877
f 1840/860/860 1857/877/877 1858/878/878
f 1841/861/861 1858/878/878 1859/879/879
f 1842/862/862 1859/879/879 1860/880/880
f 1843/863/863 1860/880/880 1861/881/881
f 1844/864/864 1861/881/881 1862/882/882
f 1845/865/865 1862/882/882 1863/883/883
f 1846/866/866 1863/883/883 1864/884/884
f 1847/867/867 1864/884/884 1865/885/885
f 1850/870/870 1849/869/869 1867/887/887
f 1849/869/869 1866/886/886 1867/887/887
f 1851/871/871 1850/870/870 1868/888/888
f 1850/870/870 1867/887/887 1868/888/888
f 1852/872/872 1851/871/871 1869/889/889
f 1851/871/871 1868/888/888 1869/889/889
f 1853/873/873 1852/872/872 1870/890/890
f 1852/872/872 1869/889/889 1870/890/890
f 1854/874/874 1853/873/873 1871/891/891
f 1853/873/873 1870/890/890 1871/891/891
f 1855/875/875 1854/874/874 1872/892/892
f 1854/874/874 1871/891/891 1872/892/892
f 1856/876/876 1855/875/875 1873/893/893
f 1855/875/875 1872/892/892 1873/893/893
f 1857/877/877 1856/876/876 1874/894/894
f 1856/876/876 1873/893/893 1874/894/894
f 1858/878/878 1857/877/877 1875/895/895
f 1857/877/877 1874/894/894 1875/895/895
f 1859/879/879 1858/878/878 1876/896/896
f 1858/878/878 1875/895/895 1876/896/896
f 1860/880/880 1859/879/879 1877/897/897
f 1859/879/879 1876/896/896 1877/897/897
f 1861/881/881 1860/880/880 1878/898/898
f 1860/880/880 1877/897/897 1878/898/898
f 1862/882/882 1861/881/881 1879/899/899
f 1861/881/881 1878/898/898 1879/899/899
f 1863/883/883 1862/882/882 1880/900/900
f 1862/882/882 1879/899/899 1880/900/900
f 1864/884/884 1863/883/883 1881/901/901
f 1863/883/883 1880/900/900 1881/901/901
f 1865/885/885 1864/884/884 1882/902/902
f 1864/884/884 1881/901/901 1882/902/902
f 1867/887/887 1866/886/886 1884/904/904
f 1866/886/886 1883/903/903 1884/904/904
f 1868/888/888 1867/887/887 1885/905/905
f 1867/887/887 1884/904/904 1885/905/905
f 1869/889/889 1868/888/888 1886/906/906
f 1868/888/888 1885/905/905 1886/906/906
f 1870/890/890 1869/889/889 1887/907/907
f 1869/889/889 1886/906/906 1887/907/907
f 1871/891/891 1870/890/890 1888/908/908
f 1870/890/890 1887/907/907 1888/908/908
f 1872/892/892 1871/891/891 1889/909/909
f 1871/891/891 1888/908/908 1889/909/909
f 1873/893/893 1872/892/892 1890/910/910
f 1872/892/892 1889/909/909 1890/910/910
f 1874/894/894 1873/893/893 1891/911/911
f 1873/893/893 1890/910/910 1891/911/911
f 1875/895/895 1874/894/894 1892/912/912
f 1874/894/894 1891/911/911 1892/912/912
f 1876/896/896 1875/895/895 1893/913/913
f 1875/895/895 1892/912/912 1893/913/913
f 1877/897/897 1876/896/896 1894/914/914
f 1876/896/896 1893/913/913 1894/914/914
f 1878/898/898 1877/897/897 1895/915/915
f 1877/897/897 1894/914/914 1895/915/915
f 1879/899/899 1878/898/898 1896/916/916
f 1878/898/898 1895/915/915 1896/916/916
f 1880/900/900 1879/899/899 1897/917/917
f 1879/899/899 1896/916/916 1897/917/917
f 1881/901/901 1880/900/900 1898/918/918
f 1880/900/900 1897/917/917 1898/918/918
f 1882/902/902 1881/901/901 1899/919/919
f 1881/901/901 1898/918/918 1899/919/919
f 1884/904/904 1883/903/903 1901/921/921
f 1883/903/903 1900/920/920 1901/921/921
f 1885/905/905 1884/904/904 1902/922/922
f 1884/904/904 1901/921/921 1902/922/922
f 1886/906/906 1885/905/905 1903/923/923
f 1885/905/905 1902/922/922 1903/923/923
f 1887/907/907 1886/906/906 1904/924/924
f 1886/906/906 1903/923/923 1904/924/924
f 1888/908/908 1887/907/907 1905/925/925
f 1887/907/907 1904/924/924 1905/925/925
f 1889/909/909 1888/908/908 1906/926/926
f 1888/908/908 1905/925/925 1906/926/926
f 1890/910/910 1889/909/909 1907/927/927
f 1889/909/909 1906/926/926 1907/927/927
f 1891/911/911 1890/910/910 1908/928/928
f 1890/910/910 1907/927/927 1908/928/928
f 1892/912/912 1891/911/911 1909/929/929
f 1891/911/911 1908/928/928 1909/929/929
f 1893/913/913 1892/912/912 1910/930/930
f 1892/912/912 1909/929/929 1910/930/930
f 1894/914/914 1893/913/913 1911/931/931
f 1893/913/913 1910/930/930 1911/931/931
f 1895/915/915 1894/914/914 1912/932/932
f 1894/914/914 1911/931/931 1912/932/932
f 1896/916/916 1895/915/915 1913/933/933
f 1895/915/915 1912/932/932 1913/933/933
f 1897/917/917 1896/916/916 1914/934/934
f 1896/916/916 1913/933/933 1914/934/934
f 1898/918/918 1897/917/917 1915/935/935
f 1897/917/917 1914/934/934 1915/935/935
f 1899/919/919 1898/918/918 1916/936/936
f 1898/918/918 1915/935/935 1916/936/936
f 1901/921/921 1900/920/920 1918/938/938
f 1900/920/920 1917/937/937 1918/938/938
f 1902/922/922 1901/921/921 1919/939/939
f 1901/921/921 1918/938/938 1919/939/939
f 1903/923/923 1902/922/922 1920/940/940
f 1902/922/922 1919/939/939 1920/940/940
f 1904/924/924 1903/923/923 1921/941/941
f 1903/923/923 1920/940/940 1921/941/941
f 1905/925/925 1904/924/924 1922/942/942
f 1904/924/924 1921/941/941 1922/942/942
f 1906/926/926 1905/925/925 1923/943/943
f 1905/925/925 1922/942/942 1923/943/943
f 1907/927/927 1906/926/926 1924/944/944
f 1906/926/926 1923/943/943 1924/944/944
f 1908/928/928 1907/927/927 1925/945/945
f 1907/927/927 1924/944/944 1925/945/945
f 1909/929/929 1908/928/928 1926/946/946
f 1908/928/928 1925/945/945 1926/946/946
f 1910/930/930 1909/929/929 1927/947/947
f 1909/929/929 1926/946/946 1927/947/947
f 1911/931/931 1910/930/930 1928/948/948
f 1910/930/930 1927/947/947 1928/948/948
f 1912/932/932 1911/931/931 1929/949/949
f 1911/931/931 1928/948/948 1929/949/949
f 1913/933/933 1912/932/932 1930/950/950
f 1912/932/932 1929/949/949 1930/950/950
f 1914/934/934 1913/933/933 1931/951/951
f 1913/933/933 1930/950/950 1931/951/951
f 1915/935/935 1914/934/934 1932/952/952
f 1914/934/934 1931/951/951 1932/952/952
f 1916/936/936 1915/935/935 1933/953/953
f 1915/935/935 1932/952/952 1933/953/953
f 1918/938/938 1917/937/937 1935/955/955
f 1917/937/937 1934/954/954 1935/955/955
f 1919/939/939 1918/938/938 1936/956/956
f 1918/938/938 1935/955/955 1936/956/956
f 1920/940/940 1919/939/939 1937/957/957
f 1919/939/939 1936/956/956 1937/957/957
f 1921/941/941 1920/940/940 1938/958/958
f 1920/940/940 1937/957/957 1938/958/958
f 1922/942/942 1921/941/941 1939/959/959
f 1921/941/941 1938/958/958 1939/959/959
f 1923/943/943 1922/942/942 1940/960/960
f 1922/942/942 1939/959/959 1940/960/960
f 1924/944/944 1923/943/943 1941/961/961
f 1923/943/943 1940/960/960 1941/961/961
f 1925/945/945 1924/944/944 1942/962/962
f 1924/944/944 1941/961/961 1942/962/962
f 1926/946/946 1925/945/945 1943/963/963
f 1925/945/945 1942/962/962 1943/963/963
f 1927/947/947 1926/946/946 1944/964/964
f 1926/946/946 1943/963/963 1944/964/964
f 1928/948/948 1927/947/947 1945/965/965
f 1927/947/947 1944/964/964 1945/965/965
f 1929/949/949 1928/948/948 1946/966/966
f 1928/948/948 1945/965/965 1946/966/966
f 1930/950/950 1929/949/949 1947/967/967
f 1929/949/949 1946/966/966 1947/967/967
f 1931/951/951 1930/950/950 1948/968/968
f 1930/950/950 1947/967/967 1948/968/968
f 1932/952/952 1931/951/951 1949/969/969
f 1931/951/951 1948/968/968 1949/969/969
f 1933/953/953 1932/952/952 1950/970/970
f 1932/952/952 1949/969/969 1950/970/970
f 1935/955/955 1934/954/954 1952/972/972
f 1934/954/954 1951/971/971 1952/972/972
f 1936/956/956 1935/955/955 1953/973/973
f 1935/955/955 1952/972/972 1953/973/973
f 1937/957/957 1936/956/956 1954/974/974
f 1936/956/956 1953/973/973 1954/974/974
f 1938/958/958 1937/957/957 1955/975/975
f 1937/957/957 1954/974/974 1955/975/975
f 1939/959/959 1938/958/958 1956/976/976
f 1938/958/958 1955/975/975 1956/976/976
f 1940/960/960 1939/959/959 1957/977/977
f 1939/959/959 1956/976/976 1957/977/977
f 1941/961/961 1940/960/960 1958/978/978
f 1940/960/960 1957/977/977 1958/978/978
f 1942/962/962 1941/961/961 1959/979/979
f 1941/961/961 1958/978/978 1959/979/979
f 1943/963/963 1942/962/962 1960/980/980
f 1942/962/962 1959/979/979 1960/980/980
f 1944/964/964 1943/963/963 1961/981/981
f 1943/963/963 1960/980/980 1961/981/981
f 1945/965/965 1944/964/964 1962/982/982
f 1944/964/964 1961/981/981 1962/982/982
f 1946/966/966 1945/965/965 1963/983/983
f 1945/965/965 1962/982/982 1963/983/983
f 1947/967/967 1946/966/966 1964/984/984
f 1946/966/966 1963/983/983 1964/984/984
f 1948/968/968 1947/967/967 1965/985/985
f 1947/967/967 1964/984/984 1965/985/985
f 1949/969/969 1948/968/968 1966/986/986
f 1948/968/968 1965/985/985 1966/986/986
f 1950/970/970 1949/969/969 1967/987/987
f 1949/969/969 1966/986/986 1967/987/987
o digestor_a_geomembrana_aristas
v 1.4 4.749999976158142 -2.9
v 0.9271601676940917 4.721167063713073 -2.704143324494362
v 1.4 4.749999976158142 -2.9
v 1.0381040513515472 4.721167063713073 -2.538104051351547
v 1.4 4.749999976158142 -2.9
v 1.2041433244943618 4.721167063713073 -2.4271601676940917
v 1.4 4.749999976158142 -2.9
v 1.4 4.721167063713073 -2.388201856613159
v 1.4 4.749999976158142 -2.9
v 1.595856675505638 4.721167063713073 -2.4271601676940917
v 1.4 4.749999976158142 -2.9
v 1.7618959486484527 4.721167063713073 -2.538104051351547
v 1.4 4.749999976158142 -2.9
v 1.8728398323059081 4.721167063713073 -2.704143324494362
v 1.4 4.749999976158142 -2.9
v 1.9117981433868407 4.721167063713073 -2.9
v 1.4 4.749999976158142 -2.9
v 1.8728398323059081 4.721167063713073 -3.095856675505638
v 1.4 4.749999976158142 -2.9
v 1.7618959486484527 4.721167063713073 -3.2618959486484527
v 1.4 4.749999976158142 -2.9
v 1.595856675505638 4.721167063713073 -3.372839832305908
v 1.4 4.749999976158142 -2.9
v 1.4 4.721167063713073 -3.4117981433868407
v 1.4 4.749999976158142 -2.9
v 1.2041433244943618 4.721167063713073 -3.372839832305908
v 1.4 4.749999976158142 -2.9
v 1.0381040513515472 4.721167063713073 -3.2618959486484527
v 1.4 4.749999976158142 -2.9
v 0.9271601676940917 4.721167063713073 -3.095856675505638
v 0.8882018566131591 4.721167063713073 -2.9
v 1.4 4.749999976158142 -2.9
v 0.9271601676940917 4.721167063713073 -2.704143324494362
v 0.8882018566131591 4.721167063713073 -2.9
v 1.0381040513515472 4.721167063713073 -2.538104051351547
v 0.9271601676940917 4.721167063713073 -2.704143324494362
v 0.9271601676940917 4.721167063713073 -2.704143324494362
v 0.47803046703338614 4.63611421585083 -2.518107736110687
v 1.2041433244943618 4.721167063713073 -2.4271601676940917
v 1.0381040513515472 4.721167063713073 -2.538104051351547
v 1.0381040513515472 4.721167063713073 -2.538104051351547
v 0.6943550944328307 4.63611421585083 -2.1943550944328307
v 1.4 4.721167063713073 -2.388201856613159
v 1.2041433244943618 4.721167063713073 -2.4271601676940917
v 1.2041433244943618 4.721167063713073 -2.4271601676940917
v 1.0181077361106872 4.63611421585083 -1.9780304670333861
v 1.595856675505638 4.721167063713073 -2.4271601676940917
v 1.4 4.721167063713073 -2.388201856613159
v 1.4 4.721167063713073 -2.388201856613159
v 1.4 4.63611421585083 -1.9020673871040343
v 1.7618959486484527 4.721167063713073 -2.538104051351547
v 1.595856675505638 4.721167063713073 -2.4271601676940917
v 1.595856675505638 4.721167063713073 -2.4271601676940917
v 1.7818922638893127 4.63611421585083 -1.9780304670333861
v 1.8728398323059081 4.721167063713073 -2.704143324494362
v 1.7618959486484527 4.721167063713073 -2.538104051351547
v 1.7618959486484527 4.721167063713073 -2.538104051351547
v 2.105644905567169 4.63611421585083 -2.1943550944328307
v 1.9117981433868407 4.721167063713073 -2.9
v 1.8728398323059081 4.721167063713073 -2.704143324494362
v 1.8728398323059081 4.721167063713073 -2.704143324494362
v 2.3219695329666137 4.63611421585083 -2.518107736110687
v 1.8728398323059081 4.721167063713073 -3.095856675505638
v 1.9117981433868407 4.721167063713073 -2.9
v 1.9117981433868407 4.721167063713073 -2.9
v 2.3979326128959655 4.63611421585083 -2.9
v 1.7618959486484527 4.721167063713073 -3.2618959486484527
v 1.8728398323059081 4.721167063713073 -3.095856675505638
v 1.8728398323059081 4.721167063713073 -3.095856675505638
v 2.3219695329666137 4.63611421585083 -3.2818922638893127
v 1.595856675505638 4.721167063713073 -3.372839832305908
v 1.7618959486484527 4.721167063713073 -3.2618959486484527
v 1.7618959486484527 4.721167063713073 -3.2618959486484527
v 2.105644905567169 4.63611421585083 -3.605644905567169
v 1.4 4.721167063713073 -3.4117981433868407
v 1.595856675505638 4.721167063713073 -3.372839832305908
v 1.595856675505638 4.721167063713073 -3.372839832305908
v 1.7818922638893127 4.63611421585083 -3.8219695329666137
v 1.2041433244943618 4.721167063713073 -3.372839832305908
v 1.4 4.721167063713073 -3.4117981433868407
v 1.4 4.721167063713073 -3.4117981433868407
v 1.4000000000000001 4.63611421585083 -3.8979326128959655
v 1.0381040513515472 4.721167063713073 -3.2618959486484527
v 1.2041433244943618 4.721167063713073 -3.372839832305908
v 1.2041433244943618 4.721167063713073 -3.372839832305908
v 1.0181077361106872 4.63611421585083 -3.8219695329666137
v 0.9271601676940917 4.721167063713073 -3.095856675505638
v 1.0381040513515472 4.721167063713073 -3.2618959486484527
v 1.0381040513515472 4.721167063713073 -3.2618959486484527
v 0.6943550944328307 4.63611421585083 -3.605644905567169
v 0.8882018566131591 4.721167063713073 -2.9
v 0.9271601676940917 4.721167063713073 -3.095856675505638
v 0.40206738710403434 4.63611421585083 -2.9000000000000004
v 0.8882018566131591 4.721167063713073 -2.9
v 0.9271601676940917 4.721167063713073 -3.095856675505638
v 0.47803046703338614 4.63611421585083 -3.2818922638893127
v 0.47803046703338614 4.63611421585083 -2.518107736110687
v 0.40206738710403434 4.63611421585083 -2.9
v 0.6943550944328307 4.63611421585083 -2.1943550944328307
v 0.47803046703338614 4.63611421585083 -2.518107736110687
v 0.47803046703338614 4.63611421585083 -2.518107736110687
v 0.07513227462768546 4.499106204509735 -2.3512218236923217
v 1.0181077361106872 4.63611421585083 -1.9780304670333861
v 0.6943550944328307 4.63611421585083 -2.1943550944328307
v 0.6943550944328307 4.63611421585083 -2.1943550944328307
v 0.3859900474548339 4.499106204509735 -1.885990047454834
v 1.4 4.63611421585083 -1.9020673871040343
v 1.0181077361106872 4.63611421585083 -1.9780304670333861
v 1.0181077361106872 4.63611421585083 -1.9780304670333861
v 0.8512218236923217 4.499106204509735 -1.5751322746276855
v 1.7818922638893127 4.63611421585083 -1.9780304670333861
v 1.4 4.63611421585083 -1.9020673871040343
v 1.4 4.63611421585083 -1.9020673871040343
v 1.4 4.499106204509735 -1.465973401069641
v 2.105644905567169 4.63611421585083 -2.1943550944328307
v 1.7818922638893127 4.63611421585083 -1.9780304670333861
v 1.7818922638893127 4.63611421585083 -1.9780304670333861
v 1.9487781763076781 4.499106204509735 -1.5751322746276855
v 2.3219695329666137 4.63611421585083 -2.518107736110687
v 2.105644905567169 4.63611421585083 -2.1943550944328307
v 2.105644905567169 4.63611421585083 -2.1943550944328307
v 2.414009952545166 4.499106204509735 -1.885990047454834
v 2.3979326128959655 4.63611421585083 -2.9
v 2.3219695329666137 4.63611421585083 -2.518107736110687
v 2.3219695329666137 4.63611421585083 -2.518107736110687
v 2.7248677253723144 4.499106204509735 -2.3512218236923217
v 2.3219695329666137 4.63611421585083 -3.2818922638893127
v 2.3979326128959655 4.63611421585083 -2.9
v 2.3979326128959655 4.63611421585083 -2.9
v 2.834026598930359 4.499106204509735 -2.9
v 2.105644905567169 4.63611421585083 -3.605644905567169
v 2.3219695329666137 4.63611421585083 -3.2818922638893127
v 2.3219695329666137 4.63611421585083 -3.2818922638893127
v 2.7248677253723144 4.499106204509735 -3.448778176307678
v 1.7818922638893127 4.63611421585083 -3.8219695329666137
v 2.105644905567169 4.63611421585083 -3.605644905567169
v 2.105644905567169 4.63611421585083 -3.605644905567169
v 2.414009952545166 4.499106204509735 -3.914009952545166
v 1.4000000000000001 4.63611421585083 -3.8979326128959655
v 1.7818922638893127 4.63611421585083 -3.8219695329666137
v 1.7818922638893127 4.63611421585083 -3.8219695329666137
v 1.9487781763076781 4.499106204509735 -4.224867725372315
v 1.0181077361106872 4.63611421585083 -3.8219695329666137
v 1.4000000000000001 4.63611421585083 -3.8979326128959655
v 1.4000000000000001 4.63611421585083 -3.8979326128959655
v 1.4000000000000001 4.499106204509735 -4.334026598930359
v 0.6943550944328307 4.63611421585083 -3.605644905567169
v 1.0181077361106872 4.63611421585083 -3.8219695329666137
v 1.0181077361106872 4.63611421585083 -3.8219695329666137
v 0.8512218236923217 4.499106204509735 -4.224867725372315
v 0.47803046703338614 4.63611421585083 -3.2818922638893127
v 0.6943550944328307 4.63611421585083 -3.605644905567169
v 0.6943550944328307 4.63611421585083 -3.605644905567169
v 0.3859900474548339 4.499106204509735 -3.914009952545166
v 0.40206738710403434 4.63611421585083 -2.9000000000000004
v 0.47803046703338614 4.63611421585083 -3.2818922638893127
v -0.034026598930358976 4.499106204509735 -2.9000000000000004
v 0.40206738710403434 4.63611421585083 -2.9000000000000004
v 0.47803046703338614 4.63611421585083 -3.2818922638893127
v 0.07513227462768546 4.499106204509735 -3.448778176307678
v 0.07513227462768546 4.499106204509735 -2.3512218236923217
v -0.034026598930358976 4.499106204509735 -2.9
v 0.3859900474548339 4.499106204509735 -1.885990047454834
v 0.07513227462768546 4.499106204509735 -2.3512218236923217
v 0.07513227462768546 4.499106204509735 -2.3512218236923217
v -0.2613316535949708 4.317013299465179 -2.2118538856506347
v 0.8512218236923217 4.499106204509735 -1.5751322746276855
v 0.3859900474548339 4.499106204509735 -1.885990047454834
v 0.3859900474548339 4.499106204509735 -1.885990047454834
v 0.12847175598144522 4.317013299465179 -1.6284717559814452
v 1.4 4.499106204509735 -1.465973401069641
v 0.8512218236923217 4.499106204509735 -1.5751322746276855
v 0.8512218236923217 4.499106204509735 -1.5751322746276855
v 0.7118538856506347 4.317013299465179 -1.2386683464050292
v 1.9487781763076781 4.499106204509735 -1.5751322746276855
v 1.4 4.499106204509735 -1.465973401069641
v 1.4 4.499106204509735 -1.465973401069641
v 1.4 4.317013299465179 -1.1017875909805297
v 2.414009952545166 4.499106204509735 -1.885990047454834
v 1.9487781763076781 4.499106204509735 -1.5751322746276855
v 1.9487781763076781 4.499106204509735 -1.5751322746276855
v 2.088146114349365 4.317013299465179 -1.2386683464050292
v 2.7248677253723144 4.499106204509735 -2.3512218236923217
v 2.414009952545166 4.499106204509735 -1.885990047454834
v 2.414009952545166 4.499106204509735 -1.885990047454834
v 2.6715282440185546 4.317013299465179 -1.6284717559814452
v 2.834026598930359 4.499106204509735 -2.9
v 2.7248677253723144 4.499106204509735 -2.3512218236923217
v 2.7248677253723144 4.499106204509735 -2.3512218236923217
v 3.0613316535949706 4.317013299465179 -2.2118538856506347
v 2.7248677253723144 4.499106204509735 -3.448778176307678
v 2.834026598930359 4.499106204509735 -2.9
v 2.834026598930359 4.499106204509735 -2.9
v 3.19821240901947 4.317013299465179 -2.9
v 2.414009952545166 4.499106204509735 -3.914009952545166
v 2.7248677253723144 4.499106204509735 -3.448778176307678
v 2.7248677253723144 4.499106204509735 -3.448778176307678
v 3.0613316535949706 4.317013299465179 -3.588146114349365
v 1.9487781763076781 4.499106204509735 -4.224867725372315
v 2.414009952545166 4.499106204509735 -3.914009952545166
v 2.414009952545166 4.499106204509735 -3.914009952545166
v 2.6715282440185546 4.317013299465179 -4.171528244018555
v 1.4000000000000001 4.499106204509735 -4.334026598930359
v 1.9487781763076781 4.499106204509735 -4.224867725372315
v 1.9487781763076781 4.499106204509735 -4.224867725372315
v 2.088146114349365 4.317013299465179 -4.561331653594971
v 0.8512218236923217 4.499106204509735 -4.224867725372315
v 1.4000000000000001 4.499106204509735 -4.334026598930359
v 1.4000000000000001 4.499106204509735 -4.334026598930359
v 1.4000000000000001 4.317013299465179 -4.698212409019471
v 0.3859900474548339 4.499106204509735 -3.914009952545166
v 0.8512218236923217 4.499106204509735 -4.224867725372315
v 0.8512218236923217 4.499106204509735 -4.224867725372315
v 0.7118538856506347 4.317013299465179 -4.561331653594971
v 0.07513227462768546 4.499106204509735 -3.448778176307678
v 0.3859900474548339 4.499106204509735 -3.914009952545166
v 0.3859900474548339 4.499106204509735 -3.914009952545166
v 0.12847175598144522 4.317013299465179 -4.171528244018555
v -0.034026598930358976 4.499106204509735 -2.9000000000000004
v 0.07513227462768546 4.499106204509735 -3.448778176307678
v -0.3982124090194703 4.317013299465179 -2.9000000000000004
v -0.034026598930358976 4.499106204509735 -2.9000000000000004
v 0.07513227462768546 4.499106204509735 -3.448778176307678
v -0.2613316535949708 4.317013299465179 -3.588146114349365
v -0.2613316535949708 4.317013299465179 -2.2118538856506347
v -0.3982124090194703 4.317013299465179 -2.9
v 0.12847175598144522 4.317013299465179 -1.6284717559814452
v -0.2613316535949708 4.317013299465179 -2.2118538856506347
v -0.2613316535949708 4.317013299465179 -2.2118538856506347
v -0.5144893884658814 4.098966306447982 -2.106992506980896
v 0.7118538856506347 4.317013299465179 -1.2386683464050292
v 0.12847175598144522 4.317013299465179 -1.6284717559814452
v 0.12847175598144522 4.317013299465179 -1.6284717559814452
v -0.06528673171997079 4.098966306447982 -1.4347132682800292
v 1.4 4.317013299465179 -1.1017875909805297
v 0.7118538856506347 4.317013299465179 -1.2386683464050292
v 0.7118538856506347 4.317013299465179 -1.2386683464050292
v 0.6069925069808959 4.098966306447982 -0.9855106115341186
v 2.088146114349365 4.317013299465179 -1.2386683464050292
v 1.4 4.317013299465179 -1.1017875909805297
v 1.4 4.317013299465179 -1.1017875909805297
v 1.3999999999999997 4.098966306447982 -0.8277715682983398
v 2.6715282440185546 4.317013299465179 -1.6284717559814452
v 2.088146114349365 4.317013299465179 -1.2386683464050292
v 2.088146114349365 4.317013299465179 -1.2386683464050292
v 2.193007493019104 4.098966306447982 -0.9855106115341186
v 3.0613316535949706 4.317013299465179 -2.2118538856506347
v 2.6715282440185546 4.317013299465179 -1.6284717559814452
v 2.6715282440185546 4.317013299465179 -1.6284717559814452
v 2.8652867317199706 4.098966306447982 -1.4347132682800292
v 3.19821240901947 4.317013299465179 -2.9
v 3.0613316535949706 4.317013299465179 -2.2118538856506347
v 3.0613316535949706 4.317013299465179 -2.2118538856506347
v 3.3144893884658813 4.098966306447982 -2.106992506980896
v 3.0613316535949706 4.317013299465179 -3.588146114349365
v 3.19821240901947 4.317013299465179 -2.9
v 3.19821240901947 4.317013299465179 -2.9
v 3.47222843170166 4.098966306447982 -2.8999999999999995
v 2.6715282440185546 4.317013299465179 -4.171528244018555
v 3.0613316535949706 4.317013299465179 -3.588146114349365
v 3.0613316535949706 4.317013299465179 -3.588146114349365
v 3.3144893884658813 4.098966306447982 -3.693007493019104
v 2.088146114349365 4.317013299465179 -4.561331653594971
v 2.6715282440185546 4.317013299465179 -4.171528244018555
v 2.6715282440185546 4.317013299465179 -4.171528244018555
v 2.8652867317199706 4.098966306447982 -4.365286731719971
v 1.4000000000000001 4.317013299465179 -4.698212409019471
v 2.088146114349365 4.317013299465179 -4.561331653594971
v 2.088146114349365 4.317013299465179 -4.561331653594971
v 2.193007493019104 4.098966306447982 -4.814489388465882
v 0.7118538856506347 4.317013299465179 -4.561331653594971
v 1.4000000000000001 4.317013299465179 -4.698212409019471
v 1.4000000000000001 4.317013299465179 -4.698212409019471
v 1.4000000000000004 4.098966306447982 -4.9722284317016605
v 0.12847175598144522 4.317013299465179 -4.171528244018555
v 0.7118538856506347 4.317013299465179 -4.561331653594971
v 0.7118538856506347 4.317013299465179 -4.561331653594971
v 0.6069925069808959 4.098966306447982 -4.814489388465882
v -0.2613316535949708 4.317013299465179 -3.588146114349365
v 0.12847175598144522 4.317013299465179 -4.171528244018555
v 0.12847175598144522 4.317013299465179 -4.171528244018555
v -0.06528673171997079 4.098966306447982 -4.365286731719971
v -0.3982124090194703 4.317013299465179 -2.9000000000000004
v -0.2613316535949708 4.317013299465179 -3.588146114349365
v -0.6722284317016602 4.098966306447982 -2.9000000000000004
v -0.3982124090194703 4.317013299465179 -2.9000000000000004
v -0.2613316535949708 4.317013299465179 -3.588146114349365
v -0.5144893884658814 4.098966306447982 -3.693007493019104
v -0.5144893884658814 4.098966306447982 -2.106992506980896
v -0.6722284317016602 4.098966306447982 -2.9
v -0.06528673171997079 4.098966306447982 -1.4347132682800292
v -0.5144893884658814 4.098966306447982 -2.106992506980896
v -0.5144893884658814 4.098966306447982 -2.106992506980896
v -0.6716466903686524 3.8558990716934205 -2.041895830631256
v 0.6069925069808959 4.098966306447982 -0.9855106115341186
v -0.06528673171997079 4.098966306447982 -1.4347132682800292
v -0.06528673171997079 4.098966306447982 -1.4347132682800292
v -0.18556973934173593 3.8558990716934205 -1.314430260658264
v 1.3999999999999997 4.098966306447982 -0.8277715682983398
v 0.6069925069808959 4.098966306447982 -0.9855106115341186
v 0.6069925069808959 4.098966306447982 -0.9855106115341186
v 0.541895830631256 3.8558990716934205 -0.8283533096313476
v 2.193007493019104 4.098966306447982 -0.9855106115341186
v 1.3999999999999997 4.098966306447982 -0.8277715682983398
v 1.3999999999999997 4.098966306447982 -0.8277715682983398
v 1.3999999999999997 3.8558990716934205 -0.6576658725738525
v 2.8652867317199706 4.098966306447982 -1.4347132682800292
v 2.193007493019104 4.098966306447982 -0.9855106115341186
v 2.193007493019104 4.098966306447982 -0.9855106115341186
v 2.258104169368744 3.8558990716934205 -0.8283533096313476
v 3.3144893884658813 4.098966306447982 -2.106992506980896
v 2.8652867317199706 4.098966306447982 -1.4347132682800292
v 2.8652867317199706 4.098966306447982 -1.4347132682800292
v 2.9855697393417358 3.8558990716934205 -1.314430260658264
v 3.47222843170166 4.098966306447982 -2.8999999999999995
v 3.3144893884658813 4.098966306447982 -2.106992506980896
v 3.3144893884658813 4.098966306447982 -2.106992506980896
v 3.4716466903686523 3.8558990716934205 -2.041895830631256
v 3.3144893884658813 4.098966306447982 -3.693007493019104
v 3.47222843170166 4.098966306447982 -2.8999999999999995
v 3.47222843170166 4.098966306447982 -2.8999999999999995
v 3.6423341274261474 3.8558990716934205 -2.8999999999999995
v 2.8652867317199706 4.098966306447982 -4.365286731719971
v 3.3144893884658813 4.098966306447982 -3.693007493019104
v 3.3144893884658813 4.098966306447982 -3.693007493019104
v 3.4716466903686523 3.8558990716934205 -3.758104169368744
v 2.193007493019104 4.098966306447982 -4.814489388465882
v 2.8652867317199706 4.098966306447982 -4.365286731719971
v 2.8652867317199706 4.098966306447982 -4.365286731719971
v 2.9855697393417358 3.8558990716934205 -4.485569739341736
v 1.4000000000000004 4.098966306447982 -4.9722284317016605
v 2.193007493019104 4.098966306447982 -4.814489388465882
v 2.193007493019104 4.098966306447982 -4.814489388465882
v 2.258104169368744 3.8558990716934205 -4.971646690368653
v 0.6069925069808959 4.098966306447982 -4.814489388465882
v 1.4000000000000004 4.098966306447982 -4.9722284317016605
v 1.4000000000000004 4.098966306447982 -4.9722284317016605
v 1.4000000000000004 3.8558990716934205 -5.142334127426148
v -0.06528673171997079 4.098966306447982 -4.365286731719971
v 0.6069925069808959 4.098966306447982 -4.814489388465882
v 0.6069925069808959 4.098966306447982 -4.814489388465882
v 0.541895830631256 3.8558990716934205 -4.971646690368653
v -0.5144893884658814 4.098966306447982 -3.693007493019104
v -0.06528673171997079 4.098966306447982 -4.365286731719971
v -0.06528673171997079 4.098966306447982 -4.365286731719971
v -0.18556973934173593 3.8558990716934205 -4.485569739341736
v -0.6722284317016602 4.098966306447982 -2.9000000000000004
v -0.5144893884658814 4.098966306447982 -3.693007493019104
v -0.8423341274261475 3.8558990716934205 -2.9000000000000004
v -0.6722284317016602 4.098966306447982 -2.9000000000000004
v -0.5144893884658814 4.098966306447982 -3.693007493019104
v -0.6716466903686524 3.8558990716934205 -3.758104169368744
v -0.6716466903686524 3.8558990716934205 -2.041895830631256
v -0.8423341274261475 3.8558990716934205 -2.9
v -0.18556973934173593 3.8558990716934205 -1.314430260658264
v -0.6716466903686524 3.8558990716934205 -2.041895830631256
v -0.6716466903686524 3.8558990716934205 -2.041895830631256
v -0.7249229907989503 3.6 -2.0198281049728393
v 0.541895830631256 3.8558990716934205 -0.8283533096313476
v -0.18556973934173593 3.8558990716934205 -1.314430260658264
v -0.18556973934173593 3.8558990716934205 -1.314430260658264
v -0.2263456344604493 3.6 -1.2736543655395507
v 1.3999999999999997 3.8558990716934205 -0.6576658725738525
v 0.541895830631256 3.8558990716934205 -0.8283533096313476
v 0.541895830631256 3.8558990716934205 -0.8283533096313476
v 0.5198281049728393 3.6 -0.7750770092010497
v 2.258104169368744 3.8558990716934205 -0.8283533096313476
v 1.3999999999999997 3.8558990716934205 -0.6576658725738525
v 1.3999999999999997 3.8558990716934205 -0.6576658725738525
v 1.3999999999999997 3.6 -0.6000000476837157
v 2.9855697393417358 3.8558990716934205 -1.314430260658264
v 2.258104169368744 3.8558990716934205 -0.8283533096313476
v 2.258104169368744 3.8558990716934205 -0.8283533096313476
v 2.2801718950271606 3.6 -0.7750770092010497
v 3.4716466903686523 3.8558990716934205 -2.041895830631256
v 2.9855697393417358 3.8558990716934205 -1.314430260658264
v 2.9855697393417358 3.8558990716934205 -1.314430260658264
v 3.026345634460449 3.6 -1.2736543655395507
v 3.6423341274261474 3.8558990716934205 -2.8999999999999995
v 3.4716466903686523 3.8558990716934205 -2.041895830631256
v 3.4716466903686523 3.8558990716934205 -2.041895830631256
v 3.52492299079895 3.6 -2.0198281049728393
v 3.4716466903686523 3.8558990716934205 -3.758104169368744
v 3.6423341274261474 3.8558990716934205 -2.8999999999999995
v 3.6423341274261474 3.8558990716934205 -2.8999999999999995
v 3.699999952316284 3.6 -2.8999999999999995
v 2.9855697393417358 3.8558990716934205 -4.485569739341736
v 3.4716466903686523 3.8558990716934205 -3.758104169368744
v 3.4716466903686523 3.8558990716934205 -3.758104169368744
v 3.52492299079895 3.6 -3.7801718950271606
v 2.258104169368744 3.8558990716934205 -4.971646690368653
v 2.9855697393417358 3.8558990716934205 -4.485569739341736
v 2.9855697393417358 3.8558990716934205 -4.485569739341736
v 3.026345634460449 3.6 -4.52634563446045
v 1.4000000000000004 3.8558990716934205 -5.142334127426148
v 2.258104169368744 3.8558990716934205 -4.971646690368653
v 2.258104169368744 3.8558990716934205 -4.971646690368653
v 2.2801718950271606 3.6 -5.0249229907989506
v 0.541895830631256 3.8558990716934205 -4.971646690368653
v 1.4000000000000004 3.8558990716934205 -5.142334127426148
v 1.4000000000000004 3.8558990716934205 -5.142334127426148
v 1.4000000000000004 3.6 -5.1999999523162845
v -0.18556973934173593 3.8558990716934205 -4.485569739341736
v 0.541895830631256 3.8558990716934205 -4.971646690368653
v 0.541895830631256 3.8558990716934205 -4.971646690368653
v 0.5198281049728393 3.6 -5.0249229907989506
v -0.6716466903686524 3.8558990716934205 -3.758104169368744
v -0.18556973934173593 3.8558990716934205 -4.485569739341736
v -0.18556973934173593 3.8558990716934205 -4.485569739341736
v -0.2263456344604493 3.6 -4.52634563446045
v -0.8423341274261475 3.8558990716934205 -2.9000000000000004
v -0.6716466903686524 3.8558990716934205 -3.758104169368744
v -0.8999999523162843 3.6 -2.9000000000000004
v -0.8423341274261475 3.8558990716934205 -2.9000000000000004
v -0.6716466903686524 3.8558990716934205 -3.758104169368744
v -0.7249229907989503 3.6 -3.7801718950271606
v -0.8999999523162843 3.6 -2.9
v -0.7249229907989503 3.6 -2.0198281049728393
v -0.7249229907989503 3.6 -2.0198281049728393
v -0.2263456344604493 3.6 -1.2736543655395507
v -0.2263456344604493 3.6 -1.2736543655395507
v 0.5198281049728393 3.6 -0.7750770092010497
v 0.5198281049728393 3.6 -0.7750770092010497
v 1.3999999999999997 3.6 -0.6000000476837157
v 1.3999999999999997 3.6 -0.6000000476837157
v 2.2801718950271606 3.6 -0.7750770092010497
v 2.2801718950271606 3.6 -0.7750770092010497
v 3.026345634460449 3.6 -1.2736543655395507
v 3.026345634460449 3.6 -1.2736543655395507
v 3.52492299079895 3.6 -2.0198281049728393
v 3.52492299079895 3.6 -2.0198281049728393
v 3.699999952316284 3.6 -2.8999999999999995
v 3.699999952316284 3.6 -2.8999999999999995
v 3.52492299079895 3.6 -3.7801718950271606
v 3.52492299079895 3.6 -3.7801718950271606
v 3.026345634460449 3.6 -4.52634563446045
v 3.026345634460449 3.6 -4.52634563446045
v 2.2801718950271606 3.6 -5.0249229907989506
v 2.2801718950271606 3.6 -5.0249229907989506
v 1.4000000000000004 3.6 -5.1999999523162845
v 1.4000000000000004 3.6 -5.1999999523162845
v 0.5198281049728393 3.6 -5.0249229907989506
v 0.5198281049728393 3.6 -5.0249229907989506
v -0.2263456344604493 3.6 -4.52634563446045
v -0.2263456344604493 3.6 -4.52634563446045
v -0.7249229907989503 3.6 -3.7801718950271606
v -0.7249229907989503 3.6 -3.7801718950271606
v -0.8999999523162843 3.6 -2.9000000000000004
l 1968 1969
l 1970 1971
l 1972 1973
l 1974 1975
l 1976 1977
l 1978 1979
l 1980 1981
l 1982 1983
l 1984 1985
l 1986 1987
l 1988 1989
l 1990 1991
l 1992 1993
l 1994 1995
l 1996 1997
l 1998 1999
l 2000 2001
l 2002 2003
l 2004 2005
l 2006 2007
l 2008 2009
l 2010 2011
l 2012 2013
l 2014 2015
l 2016 2017
l 2018 2019
l 2020 2021
l 2022 2023
l 2024 2025
l 2026 2027
l 2028 2029
l 2030 2031
l 2032 2033
l 2034 2035
l 2036 2037
l 2038 2039
l 2040 2041
l 2042 2043
l 2044 2045
l 2046 2047
l 2048 2049
l 2050 2051
l 2052 2053
l 2054 2055
l 2056 2057
l 2058 2059
l 2060 2061
l 2062 2063
l 2064 2065
l 2066 2067
l 2068 2069
l 2070 2071
l 2072 2073
l 2074 2075
l 2076 2077
l 2078 2079
l 2080 2081
l 2082 2083
l 2084 2085
l 2086 2087
l 2088 2089
l 2090 2091
l 2092 2093
l 2094 2095
l 2096 2097
l 2098 2099
l 2100 2101
l 2102 2103
l 2104 2105
l 2106 2107
l 2108 2109
l 2110 2111
l 2112 2113
l 2114 2115
l 2116 2117
l 2118 2119
l 2120 2121
l 2122 2123
l 2124 2125
l 2126 2127
l 2128 2129
l 2130 2131
l 2132 2133
l 2134 2135
l 2136 2137
l 2138 2139
l 2140 2141
l 2142 2143
l 2144 2145
l 2146 2147
l 2148 2149
l 2150 2151
l 2152 2153
l 2154 2155
l 2156 2157
l 2158 2159
l 2160 2161
l 2162 2163
l 2164 2165
l 2166 2167
l 2168 2169
l 2170 2171
l 2172 2173
l 2174 2175
l 2176 2177
l 2178 2179
l 2180 2181
l 2182 2183
l 2184 2185
l 2186 2187
l 2188 2189
l 2190 2191
l 2192 2193
l 2194 2195
l 2196 2197
l 2198 2199
l 2200 2201
l 2202 2203
l 2204 2205
l 2206 2207
l 2208 2209
l 2210 2211
l 2212 2213
l 2214 2215
l 2216 2217
l 2218 2219
l 2220 2221
l 2222 2223
l 2224 2225
l 2226 2227
l 2228 2229
l 2230 2231
l 2232 2233
l 2234 2235
l 2236 2237
l 2238 2239
l 2240 2241
l 2242 2243
l 2244 2245
l 2246 2247
l 2248 2249
l 2250 2251
l 2252 2253
l 2254 2255
l 2256 2257
l 2258 2259
l 2260 2261
l 2262 2263
l 2264 2265
l 2266 2267
l 2268 2269
l 2270 2271
l 2272 2273
l 2274 2275
l 2276 2277
l 2278 2279
l 2280 2281
l 2282 2283
l 2284 2285
l 2286 2287
l 2288 2289
l 2290 2291
l 2292 2293
l 2294 2295
l 2296 2297
l 2298 2299
l 2300 2301
l 2302 2303
l 2304 2305
l 2306 2307
l 2308 2309
l 2310 2311
l 2312 2313
l 2314 2315
l 2316 2317
l 2318 2319
l 2320 2321
l 2322 2323
l 2324 2325
l 2326 2327
l 2328 2329
l 2330 2331
l 2332 2333
l 2334 2335
l 2336 2337
l 2338 2339
l 2340 2341
l 2342 2343
l 2344 2345
l 2346 2347
l 2348 2349
l 2350 2351
l 2352 2353
l 2354 2355
l 2356 2357
l 2358 2359
l 2360 2361
l 2362 2363
l 2364 2365
l 2366 2367
l 2368 2369
l 2370 2371
l 2372 2373
l 2374 2375
l 2376 2377
l 2378 2379
l 2380 2381
l 2382 2383
l 2384 2385
l 2386 2387
l 2388 2389
l 2390 2391
l 2392 2393
l 2394 2395
l 2396 2397
l 2398 2399
l 2400 2401
l 2402 2403
l 2404 2405
l 2406 2407
l 2408 2409
l 2410 2411
l 2412 2413
l 2414 2415
o digestor_a_anillo_cuerpo
usemtl relleno_oscuro
v 3.7900001049041747 3.6 -2.9
v 3.744076871871948 3.6 -2.433734142780304
v 3.6080721855163573 3.6 -1.985386574268341
v 3.3872124195098876 3.6000000000000005 -1.5721870899200439
v 3.089985156059265 3.6000000000000005 -1.2100148439407348
v 2.727812910079956 3.6000000000000005 -0.9127875804901122
v 2.314613425731659 3.6000000000000005 -0.6919278144836425
v 1.866265857219696 3.6000000000000005 -0.5559231281280517
v 1.4000000000000001 3.6000000000000005 -0.5099998950958251
v 0.9337341427803039 3.6000000000000005 -0.5559231281280517
v 0.485386574268341 3.6000000000000005 -0.6919278144836425
v 0.07218708992004386 3.6000000000000005 -0.9127875804901122
v -0.2899851560592652 3.6000000000000005 -1.2100148439407348
v -0.5872124195098878 3.6000000000000005 -1.5721870899200439
v -0.8080721855163575 3.6 -1.985386574268341
v -0.9440768718719483 3.6 -2.433734142780304
v -0.9900001049041749 3.6 -2.8999999999999995
v -0.9440768718719483 3.6 -3.366265857219696
v -0.8080721855163575 3.6 -3.814613425731659
v -0.5872124195098878 3.5999999999999996 -4.227812910079956
v -0.2899851560592652 3.5999999999999996 -4.5899851560592655
v 0.07218708992004386 3.5999999999999996 -4.887212419509888
v 0.485386574268341 3.5999999999999996 -5.108072185516358
v 0.9337341427803039 3.5999999999999996 -5.244076871871949
v 1.3999999999999995 3.5999999999999996 -5.290000104904175
v 1.866265857219696 3.5999999999999996 -5.244076871871949
v 2.314613425731659 3.5999999999999996 -5.108072185516358
v 2.727812910079956 3.5999999999999996 -4.887212419509888
v 3.089985156059265 3.5999999999999996 -4.5899851560592655
v 3.3872124195098876 3.5999999999999996 -4.227812910079956
v 3.6080721855163573 3.6 -3.814613425731659
v 3.744076871871948 3.6 -3.366265857219696
v 3.7900001049041747 3.6 -2.9000000000000004
v 3.7753552436828612 3.5646446593105794 -2.9
v 3.7297135829925536 3.5646446593105794 -2.4365911722183227
v 3.5945421695709228 3.5646446593105794 -1.9909908413887023
v 3.375035786628723 3.56464465931058 -1.5803232431411742
v 3.079629921913147 3.56464465931058 -1.220370078086853
v 2.7196767568588256 3.56464465931058 -0.9249642133712768
v 2.3090091586112975 3.56464465931058 -0.7054578304290771
v 1.8634088277816772 3.56464465931058 -0.5702864170074462
v 1.4000000000000001 3.56464465931058 -0.5246447563171386
v 0.9365911722183227 3.56464465931058 -0.5702864170074462
v 0.4909908413887023 3.56464465931058 -0.7054578304290771
v 0.08032324314117423 3.56464465931058 -0.9249642133712768
v -0.27962992191314706 3.56464465931058 -1.220370078086853
v -0.5750357866287232 3.56464465931058 -1.5803232431411742
v -0.7945421695709229 3.5646446593105794 -1.9909908413887023
v -0.9297135829925538 3.5646446593105794 -2.4365911722183227
v -0.9753552436828614 3.5646446593105794 -2.8999999999999995
v -0.9297135829925538 3.5646446593105794 -3.363408827781677
v -0.7945421695709229 3.5646446593105794 -3.8090091586112975
v -0.5750357866287232 3.564644659310579 -4.219676756858826
v -0.27962992191314706 3.564644659310579 -4.579629921913147
v 0.08032324314117423 3.564644659310579 -4.8750357866287235
v 0.4909908413887023 3.564644659310579 -5.094542169570923
v 0.9365911722183227 3.564644659310579 -5.229713582992554
v 1.3999999999999995 3.564644659310579 -5.275355243682862
v 1.8634088277816772 3.564644659310579 -5.229713582992554
v 2.3090091586112975 3.564644659310579 -5.094542169570923
v 2.7196767568588256 3.564644659310579 -4.8750357866287235
v 3.079629921913147 3.564644659310579 -4.579629921913147
v 3.375035786628723 3.564644659310579 -4.219676756858826
v 3.5945421695709228 3.5646446593105794 -3.8090091586112975
v 3.7297135829925536 3.5646446593105794 -3.363408827781677
v 3.7753552436828612 3.5646446593105794 -2.9000000000000004
v 3.7399999141693114 3.549999999254942 -2.9
v 3.695037508010864 3.549999999254942 -2.4434886515140533
v 3.5618781089782714 3.549999999254942 -2.004520797729492
v 3.34563889503479 3.5499999992549425 -1.5999655961990356
v 3.0546298265457152 3.5499999992549425 -1.2453701734542846
v 2.7000344038009643 3.5499999992549425 -0.9543611049652099
v 2.2954792022705077 3.5499999992549425 -0.7381218910217284
v 1.8565113484859466 3.5499999992549425 -0.6049624919891357
v 1.4000000000000001 3.5499999992549425 -0.5600000858306884
v 0.9434886515140533 3.5499999992549425 -0.6049624919891357
v 0.5045207977294921 3.5499999992549425 -0.7381218910217284
v 0.09996559619903556 3.5499999992549425 -0.9543611049652099
v -0.2546298265457154 3.5499999992549425 -1.2453701734542846
v -0.5456388950347901 3.5499999992549425 -1.5999655961990356
v -0.7618781089782716 3.549999999254942 -2.004520797729492
v -0.8950375080108643 3.549999999254942 -2.4434886515140533
v -0.9399999141693116 3.549999999254942 -2.8999999999999995
v -0.8950375080108643 3.549999999254942 -3.3565113484859466
v -0.7618781089782716 3.549999999254942 -3.7954792022705077
v -0.5456388950347901 3.5499999992549416 -4.200034403800965
v -0.2546298265457154 3.5499999992549416 -4.554629826545716
v 0.09996559619903556 3.5499999992549416 -4.84563889503479
v 0.5045207977294921 3.5499999992549416 -5.061878108978272
v 0.9434886515140533 3.5499999992549416 -5.195037508010865
v 1.3999999999999995 3.5499999992549416 -5.239999914169312
v 1.8565113484859466 3.5499999992549416 -5.195037508010865
v 2.2954792022705077 3.5499999992549416 -5.061878108978272
v 2.7000344038009643 3.5499999992549416 -4.84563889503479
v 3.0546298265457152 3.5499999992549416 -4.554629826545716
v 3.34563889503479 3.5499999992549416 -4.200034403800965
v 3.5618781089782714 3.549999999254942 -3.7954792022705077
v 3.695037508010864 3.549999999254942 -3.3565113484859466
v 3.7399999141693114 3.549999999254942 -2.9000000000000004
v 3.7046445846557616 3.5646446593105794 -2.9
v 3.660361671447754 3.5646446593105794 -2.450386130809784
v 3.52921404838562 3.5646446593105794 -2.018050694465637
v 3.316242003440857 3.56464465931058 -1.6196080684661864
v 3.029629850387573 3.56464465931058 -1.2703701496124267
v 2.6803919315338134 3.56464465931058 -0.983757996559143
v 2.2819493055343627 3.56464465931058 -0.7707859516143798
v 1.849613869190216 3.56464465931058 -0.639638328552246
v 1.4000000000000001 3.56464465931058 -0.5953554153442382
v 0.9503861308097838 3.56464465931058 -0.639638328552246
v 0.5180506944656371 3.56464465931058 -0.7707859516143798
v 0.11960806846618643 3.56464465931058 -0.983757996559143
v -0.22962985038757333 3.56464465931058 -1.2703701496124267
v -0.516242003440857 3.56464465931058 -1.6196080684661864
v -0.7292140483856202 3.5646446593105794 -2.018050694465637
v -0.860361671447754 3.5646446593105794 -2.450386130809784
v -0.9046445846557618 3.5646446593105794 -2.8999999999999995
v -0.860361671447754 3.5646446593105794 -3.349613869190216
v -0.7292140483856202 3.5646446593105794 -3.7819493055343627
v -0.516242003440857 3.564644659310579 -4.180391931533814
v -0.22962985038757333 3.564644659310579 -4.529629850387574
v 0.11960806846618643 3.564644659310579 -4.816242003440857
v 0.5180506944656371 3.564644659310579 -5.0292140483856205
v 0.9503861308097838 3.564644659310579 -5.160361671447754
v 1.3999999999999995 3.564644659310579 -5.204644584655762
v 1.849613869190216 3.564644659310579 -5.160361671447754
v 2.2819493055343627 3.564644659310579 -5.0292140483856205
v 2.6803919315338134 3.564644659310579 -4.816242003440857
v 3.029629850387573 3.564644659310579 -4.529629850387574
v 3.316242003440857 3.564644659310579 -4.180391931533814
v 3.52921404838562 3.5646446593105794 -3.7819493055343627
v 3.660361671447754 3.5646446593105794 -3.349613869190216
v 3.7046445846557616 3.5646446593105794 -2.9000000000000004
v 3.6899999618530273 3.6 -2.9
v 3.6459983825683593 3.6 -2.4532431602478026
v 3.5156840324401855 3.6 -2.0236549615859984
v 3.3040653705596923 3.6000000000000005 -1.6277442216873168
v 3.0192744970321654 3.6000000000000005 -1.2807255029678344
v 2.672255778312683 3.6000000000000005 -0.9959346294403075
v 2.2763450384140014 3.6000000000000005 -0.7843159675598144
v 1.8467568397521972 3.6000000000000005 -0.6540016174316405
v 1.4000000000000001 3.6000000000000005 -0.6100000381469726
v 0.9532431602478026 3.6000000000000005 -0.6540016174316405
v 0.5236549615859984 3.6000000000000005 -0.7843159675598144
v 0.1277442216873168 3.6000000000000005 -0.9959346294403075
v -0.21927449703216562 3.6000000000000005 -1.2807255029678344
v -0.5040653705596925 3.6000000000000005 -1.6277442216873168
v -0.7156840324401856 3.6 -2.0236549615859984
v -0.8459983825683595 3.6 -2.4532431602478026
v -0.8899999618530274 3.6 -2.8999999999999995
v -0.8459983825683595 3.6 -3.346756839752197
v -0.7156840324401856 3.6 -3.7763450384140014
v -0.5040653705596925 3.5999999999999996 -4.1722557783126835
v -0.21927449703216562 3.5999999999999996 -4.519274497032166
v 0.1277442216873168 3.5999999999999996 -4.804065370559693
v 0.5236549615859984 3.5999999999999996 -5.015684032440186
v 0.9532431602478026 3.5999999999999996 -5.14599838256836
v 1.3999999999999995 3.5999999999999996 -5.189999961853028
v 1.8467568397521972 3.5999999999999996 -5.14599838256836
v 2.2763450384140014 3.5999999999999996 -5.015684032440186
v 2.672255778312683 3.5999999999999996 -4.804065370559693
v 3.0192744970321654 3.5999999999999996 -4.519274497032166
v 3.3040653705596923 3.5999999999999996 -4.1722557783126835
v 3.5156840324401855 3.6 -3.7763450384140014
v 3.6459983825683593 3.6 -3.346756839752197
v 3.6899999618530273 3.6 -2.9000000000000004
v 3.7046445846557616 3.635355340689421 -2.9
v 3.660361671447754 3.635355340689421 -2.450386130809784
v 3.52921404838562 3.635355340689421 -2.018050694465637
v 3.316242003440857 3.6353553406894212 -1.6196080684661864
v 3.029629850387573 3.6353553406894212 -1.2703701496124267
v 2.6803919315338134 3.6353553406894212 -0.983757996559143
v 2.2819493055343627 3.6353553406894212 -0.7707859516143798
v 1.849613869190216 3.6353553406894212 -0.639638328552246
v 1.4000000000000001 3.6353553406894212 -0.5953554153442382
v 0.9503861308097838 3.6353553406894212 -0.639638328552246
v 0.5180506944656371 3.6353553406894212 -0.7707859516143798
v 0.11960806846618643 3.6353553406894212 -0.983757996559143
v -0.22962985038757333 3.6353553406894212 -1.2703701496124267
v -0.516242003440857 3.6353553406894212 -1.6196080684661864
v -0.7292140483856202 3.635355340689421 -2.018050694465637
v -0.860361671447754 3.635355340689421 -2.450386130809784
v -0.9046445846557618 3.635355340689421 -2.8999999999999995
v -0.860361671447754 3.635355340689421 -3.349613869190216
v -0.7292140483856202 3.635355340689421 -3.7819493055343627
v -0.516242003440857 3.6353553406894203 -4.180391931533814
v -0.22962985038757333 3.6353553406894203 -4.529629850387574
v 0.11960806846618643 3.6353553406894203 -4.816242003440857
v 0.5180506944656371 3.6353553406894203 -5.0292140483856205
v 0.9503861308097838 3.6353553406894203 -5.160361671447754
v 1.3999999999999995 3.6353553406894203 -5.204644584655762
v 1.849613869190216 3.6353553406894203 -5.160361671447754
v 2.2819493055343627 3.6353553406894203 -5.0292140483856205
v 2.6803919315338134 3.6353553406894203 -4.816242003440857
v 3.029629850387573 3.6353553406894203 -4.529629850387574
v 3.316242003440857 3.6353553406894203 -4.180391931533814
v 3.52921404838562 3.635355340689421 -3.7819493055343627
v 3.660361671447754 3.635355340689421 -3.349613869190216
v 3.7046445846557616 3.635355340689421 -2.9000000000000004
v 3.7399999141693114 3.650000000745058 -2.9
v 3.695037508010864 3.650000000745058 -2.4434886515140533
v 3.5618781089782714 3.650000000745058 -2.004520797729492
v 3.34563889503479 3.6500000007450586 -1.5999655961990356
v 3.0546298265457152 3.6500000007450586 -1.2453701734542846
v 2.7000344038009643 3.6500000007450586 -0.9543611049652099
v 2.2954792022705077 3.6500000007450586 -0.7381218910217284
v 1.8565113484859466 3.6500000007450586 -0.6049624919891357
v 1.4000000000000001 3.6500000007450586 -0.5600000858306884
v 0.9434886515140533 3.6500000007450586 -0.6049624919891357
v 0.5045207977294921 3.6500000007450586 -0.7381218910217284
v 0.09996559619903556 3.6500000007450586 -0.9543611049652099
v -0.2546298265457154 3.6500000007450586 -1.2453701734542846
v -0.5456388950347901 3.6500000007450586 -1.5999655961990356
v -0.7618781089782716 3.650000000745058 -2.004520797729492
v -0.8950375080108643 3.650000000745058 -2.4434886515140533
v -0.9399999141693116 3.650000000745058 -2.8999999999999995
v -0.8950375080108643 3.650000000745058 -3.3565113484859466
v -0.7618781089782716 3.650000000745058 -3.7954792022705077
v -0.5456388950347901 3.6500000007450577 -4.200034403800965
v -0.2546298265457154 3.6500000007450577 -4.554629826545716
v 0.09996559619903556 3.6500000007450577 -4.84563889503479
v 0.5045207977294921 3.6500000007450577 -5.061878108978272
v 0.9434886515140533 3.6500000007450577 -5.195037508010865
v 1.3999999999999995 3.6500000007450577 -5.239999914169312
v 1.8565113484859466 3.6500000007450577 -5.195037508010865
v 2.2954792022705077 3.6500000007450577 -5.061878108978272
v 2.7000344038009643 3.6500000007450577 -4.84563889503479
v 3.0546298265457152 3.6500000007450577 -4.554629826545716
v 3.34563889503479 3.6500000007450577 -4.200034403800965
v 3.5618781089782714 3.650000000745058 -3.7954792022705077
v 3.695037508010864 3.650000000745058 -3.3565113484859466
v 3.7399999141693114 3.650000000745058 -2.9000000000000004
v 3.7753552436828612 3.635355340689421 -2.9
v 3.7297135829925536 3.635355340689421 -2.4365911722183227
v 3.5945421695709228 3.635355340689421 -1.9909908413887023
v 3.375035786628723 3.6353553406894212 -1.5803232431411742
v 3.079629921913147 3.6353553406894212 -1.220370078086853
v 2.7196767568588256 3.6353553406894212 -0.9249642133712768
v 2.3090091586112975 3.6353553406894212 -0.7054578304290771
v 1.8634088277816772 3.6353553406894212 -0.5702864170074462
v 1.4000000000000001 3.6353553406894212 -0.5246447563171386
v 0.9365911722183227 3.6353553406894212 -0.5702864170074462
v 0.4909908413887023 3.6353553406894212 -0.7054578304290771
v 0.08032324314117423 3.6353553406894212 -0.9249642133712768
v -0.27962992191314706 3.6353553406894212 -1.220370078086853
v -0.5750357866287232 3.6353553406894212 -1.5803232431411742
v -0.7945421695709229 3.635355340689421 -1.9909908413887023
v -0.9297135829925538 3.635355340689421 -2.4365911722183227
v -0.9753552436828614 3.635355340689421 -2.8999999999999995
v -0.9297135829925538 3.635355340689421 -3.363408827781677
v -0.7945421695709229 3.635355340689421 -3.8090091586112975
v -0.5750357866287232 3.6353553406894203 -4.219676756858826
v -0.27962992191314706 3.6353553406894203 -4.579629921913147
v 0.08032324314117423 3.6353553406894203 -4.8750357866287235
v 0.4909908413887023 3.6353553406894203 -5.094542169570923
v 0.9365911722183227 3.6353553406894203 -5.229713582992554
v 1.3999999999999995 3.6353553406894203 -5.275355243682862
v 1.8634088277816772 3.6353553406894203 -5.229713582992554
v 2.3090091586112975 3.6353553406894203 -5.094542169570923
v 2.7196767568588256 3.6353553406894203 -4.8750357866287235
v 3.079629921913147 3.6353553406894203 -4.579629921913147
v 3.375035786628723 3.6353553406894203 -4.219676756858826
v 3.5945421695709228 3.635355340689421 -3.8090091586112975
v 3.7297135829925536 3.635355340689421 -3.363408827781677
v 3.7753552436828612 3.635355340689421 -2.9000000000000004
v 3.7900001049041747 3.6 -2.9
v 3.744076871871948 3.6 -2.433734142780304
v 3.6080721855163573 3.6 -1.985386574268341
v 3.3872124195098876 3.6000000000000005 -1.5721870899200439
v 3.089985156059265 3.6000000000000005 -1.2100148439407348
v 2.727812910079956 3.6000000000000005 -0.9127875804901122
v 2.314613425731659 3.6000000000000005 -0.6919278144836425
v 1.866265857219696 3.6000000000000005 -0.5559231281280517
v 1.4000000000000001 3.6000000000000005 -0.5099998950958251
v 0.9337341427803039 3.6000000000000005 -0.5559231281280517
v 0.485386574268341 3.6000000000000005 -0.6919278144836425
v 0.07218708992004386 3.6000000000000005 -0.9127875804901122
v -0.2899851560592652 3.6000000000000005 -1.2100148439407348
v -0.5872124195098878 3.6000000000000005 -1.5721870899200439
v -0.8080721855163575 3.6 -1.985386574268341
v -0.9440768718719483 3.6 -2.433734142780304
v -0.9900001049041749 3.6 -2.8999999999999995
v -0.9440768718719483 3.6 -3.366265857219696
v -0.8080721855163575 3.6 -3.814613425731659
v -0.5872124195098878 3.5999999999999996 -4.227812910079956
v -0.2899851560592652 3.5999999999999996 -4.5899851560592655
v 0.07218708992004386 3.5999999999999996 -4.887212419509888
v 0.485386574268341 3.5999999999999996 -5.108072185516358
v 0.9337341427803039 3.5999999999999996 -5.244076871871949
v 1.3999999999999995 3.5999999999999996 -5.290000104904175
v 1.866265857219696 3.5999999999999996 -5.244076871871949
v 2.314613425731659 3.5999999999999996 -5.108072185516358
v 2.727812910079956 3.5999999999999996 -4.887212419509888
v 3.089985156059265 3.5999999999999996 -4.5899851560592655
v 3.3872124195098876 3.5999999999999996 -4.227812910079956
v 3.6080721855163573 3.6 -3.814613425731659
v 3.744076871871948 3.6 -3.366265857219696
v 3.7900001049041747 3.6 -2.9000000000000004
vt 0 0
vt 0.03125 0
vt 0.0625 0
vt 0.09375 0
vt 0.125 0
vt 0.15625 0
vt 0.1875 0
vt 0.21875 0
vt 0.25 0
vt 0.28125 0
vt 0.3125 0
vt 0.34375 0
vt 0.375 0
vt 0.40625 0
vt 0.4375 0
vt 0.46875 0
vt 0.5 0
vt 0.53125 0
vt 0.5625 0
vt 0.59375 0
vt 0.625 0
vt 0.65625 0
vt 0.6875 0
vt 0.71875 0
vt 0.75 0
vt 0.78125 0
vt 0.8125 0
vt 0.84375 0
vt 0.875 0
vt 0.90625 0
vt 0.9375 0
vt 0.96875 0
vt 1 0
vt 0 0.125
vt 0.03125 0.125
vt 0.0625 0.125
vt 0.09375 0.125
vt 0.125 0.125
vt 0.15625 0.125
vt 0.1875 0.125
vt 0.21875 0.125
vt 0.25 0.125
vt 0.28125 0.125
vt 0.3125 0.125
vt 0.34375 0.125
vt 0.375 0.125
vt 0.40625 0.125
vt 0.4375 0.125
vt 0.46875 0.125
vt 0.5 0.125
vt 0.53125 0.125
vt 0.5625 0.125
vt 0.59375 0.125
vt 0.625 0.125
vt 0.65625 0.125
vt 0.6875 0.125
vt 0.71875 0.125
vt 0.75 0.125
vt 0.78125 0.125
vt 0.8125 0.125
vt 0.84375 0.125
vt 0.875 0.125
vt 0.90625 0.125
vt 0.9375 0.125
vt 0.96875 0.125
vt 1 0.125
vt 0 0.25
vt 0.03125 0.25
vt 0.0625 0.25
vt 0.09375 0.25
vt 0.125 0.25
vt 0.15625 0.25
vt 0.1875 0.25
vt 0.21875 0.25
vt 0.25 0.25
vt 0.28125 0.25
vt 0.3125 0.25
vt 0.34375 0.25
vt 0.375 0.25
vt 0.40625 0.25
vt 0.4375 0.25
vt 0.46875 0.25
vt 0.5 0.25
vt 0.53125 0.25
vt 0.5625 0.25
vt 0.59375 0.25
vt 0.625 0.25
vt 0.65625 0.25
vt 0.6875 0.25
vt 0.71875 0.25
vt 0.75 0.25
vt 0.78125 0.25
vt 0.8125 0.25
vt 0.84375 0.25
vt 0.875 0.25
vt 0.90625 0.25
vt 0.9375 0.25
vt 0.96875 0.25
vt 1 0.25
vt 0 0.375
vt 0.03125 0.375
vt 0.0625 0.375
vt 0.09375 0.375
vt 0.125 0.375
vt 0.15625 0.375
vt 0.1875 0.375
vt 0.21875 0.375
vt 0.25 0.375
vt 0.28125 0.375
vt 0.3125 0.375
vt 0.34375 0.375
vt 0.375 0.375
vt 0.40625 0.375
vt 0.4375 0.375
vt 0.46875 0.375
vt 0.5 0.375
vt 0.53125 0.375
vt 0.5625 0.375
vt 0.59375 0.375
vt 0.625 0.375
vt 0.65625 0.375
vt 0.6875 0.375
vt 0.71875 0.375
vt 0.75 0.375
vt 0.78125 0.375
vt 0.8125 0.375
vt 0.84375 0.375
vt 0.875 0.375
vt 0.90625 0.375
vt 0.9375 0.375
vt 0.96875 0.375
vt 1 0.375
vt 0 0.5
vt 0.03125 0.5
vt 0.0625 0.5
vt 0.09375 0.5
vt 0.125 0.5
vt 0.15625 0.5
vt 0.1875 0.5
vt 0.21875 0.5
vt 0.25 0.5
vt 0.28125 0.5
vt 0.3125 0.5
vt 0.34375 0.5
vt 0.375 0.5
vt 0.40625 0.5
vt 0.4375 0.5
vt 0.46875 0.5
vt 0.5 0.5
vt 0.53125 0.5
vt 0.5625 0.5
vt 0.59375 0.5
vt 0.625 0.5
vt 0.65625 0.5
vt 0.6875 0.5
vt 0.71875 0.5
vt 0.75 0.5
vt 0.78125 0.5
vt 0.8125 0.5
vt 0.84375 0.5
vt 0.875 0.5
vt 0.90625 0.5
vt 0.9375 0.5
vt 0.96875 0.5
vt 1 0.5
vt 0 0.625
vt 0.03125 0.625
vt 0.0625 0.625
vt 0.09375 0.625
vt 0.125 0.625
vt 0.15625 0.625
vt 0.1875 0.625
vt 0.21875 0.625
vt 0.25 0.625
vt 0.28125 0.625
vt 0.3125 0.625
vt 0.34375 0.625
vt 0.375 0.625
vt 0.40625 0.625
vt 0.4375 0.625
vt 0.46875 0.625
vt 0.5 0.625
vt 0.53125 0.625
vt 0.5625 0.625
vt 0.59375 0.625
vt 0.625 0.625
vt 0.65625 0.625
vt 0.6875 0.625
vt 0.71875 0.625
vt 0.75 0.625
vt 0.78125 0.625
vt 0.8125 0.625
vt 0.84375 0.625
vt 0.875 0.625
vt 0.90625 0.625
vt 0.9375 0.625
vt 0.96875 0.625
vt 1 0.625
vt 0 0.75
vt 0.03125 0.75
vt 0.0625 0.75
vt 0.09375 0.75
vt 0.125 0.75
vt 0.15625 0.75
vt 0.1875 0.75
vt 0.21875 0.75
vt 0.25 0.75
vt 0.28125 0.75
vt 0.3125 0.75
vt 0.34375 0.75
vt 0.375 0.75
vt 0.40625 0.75
vt 0.4375 0.75
vt 0.46875 0.75
vt 0.5 0.75
vt 0.53125 0.75
vt 0.5625 0.75
vt 0.59375 0.75
vt 0.625 0.75
vt 0.65625 0.75
vt 0.6875 0.75
vt 0.71875 0.75
vt 0.75 0.75
vt 0.78125 0.75
vt 0.8125 0.75
vt 0.84375 0.75
vt 0.875 0.75
vt 0.90625 0.75
vt 0.9375 0.75
vt 0.96875 0.75
vt 1 0.75
vt 0 0.875
vt 0.03125 0.875
vt 0.0625 0.875
vt 0.09375 0.875
vt 0.125 0.875
vt 0.15625 0.875
vt 0.1875 0.875
vt 0.21875 0.875
vt 0.25 0.875
vt 0.28125 0.875
vt 0.3125 0.875
vt 0.34375 0.875
vt 0.375 0.875
vt 0.40625 0.875
vt 0.4375 0.875
vt 0.46875 0.875
vt 0.5 0.875
vt 0.53125 0.875
vt 0.5625 0.875
vt 0.59375 0.875
vt 0.625 0.875
vt 0.65625 0.875
vt 0.6875 0.875
vt 0.71875 0.875
vt 0.75 0.875
vt 0.78125 0.875
vt 0.8125 0.875
vt 0.84375 0.875
vt 0.875 0.875
vt 0.90625 0.875
vt 0.9375 0.875
vt 0.96875 0.875
vt 1 0.875
vt 0 1
vt 0.03125 1
vt 0.0625 1
vt 0.09375 1
vt 0.125 1
vt 0.15625 1
vt 0.1875 1
vt 0.21875 1
vt 0.25 1
vt 0.28125 1
vt 0.3125 1
vt 0.34375 1
vt 0.375 1
vt 0.40625 1
vt 0.4375 1
vt 0.46875 1
vt 0.5 1
vt 0.53125 1
vt 0.5625 1
vt 0.59375 1
vt 0.625 1
vt 0.65625 1
vt 0.6875 1
vt 0.71875 1
vt 0.75 1
vt 0.78125 1
vt 0.8125 1
vt 0.84375 1
vt 0.875 1
vt 0.90625 1
vt 0.9375 1
vt 0.96875 1
vt 1 1
vn 1 0 0
vn 0.9807852789517083 4.331875509709332e-17 0.19509032931342324
vn 0.9238795305660377 8.497279259363763e-17 0.3826834370613369
vn 0.8314696016585884 1.233613764360728e-16 0.555570248949409
vn 0.7071067811865476 1.5700924586837752e-16 0.7071067811865476
vn 0.555570248949409 1.8462333920745442e-16 0.8314696016585884
vn 0.3826834370613369 2.0514246536285922e-16 0.9238795305660377
vn 0.19509032931342324 2.177780797811187e-16 0.9807852789517083
vn 6.123234262925839e-17 2.220446049250313e-16 1
vn -0.19509032931342324 2.177780797811187e-16 0.9807852789517083
vn -0.3826834370613369 2.0514246536285922e-16 0.9238795305660377
vn -0.555570248949409 1.8462333920745442e-16 0.8314696016585884
vn -0.7071067811865476 1.5700924586837752e-16 0.7071067811865476
vn -0.8314696016585884 1.233613764360728e-16 0.555570248949409
vn -0.9238795305660377 8.497279259363763e-17 0.3826834370613369
vn -0.9807852789517083 4.331875509709332e-17 0.19509032931342324
vn -1 2.7192622655495665e-32 1.2246468525851679e-16
vn -0.9807852789517083 -4.331875509709332e-17 -0.19509032931342324
vn -0.9238795305660377 -8.497279259363763e-17 -0.3826834370613369
vn -0.8314696016585884 -1.233613764360728e-16 -0.555570248949409
vn -0.7071067811865476 -1.5700924586837752e-16 -0.7071067811865476
vn -0.555570248949409 -1.8462333920745442e-16 -0.8314696016585884
vn -0.3826834370613369 -2.0514246536285922e-16 -0.9238795305660377
vn -0.19509032931342324 -2.177780797811187e-16 -0.9807852789517083
vn -1.8369701465288538e-16 -2.220446049250313e-16 -1
vn 0.19509032931342324 -2.177780797811187e-16 -0.9807852789517083
vn 0.3826834370613369 -2.0514246536285922e-16 -0.9238795305660377
vn 0.555570248949409 -1.8462333920745442e-16 -0.8314696016585884
vn 0.7071067811865476 -1.5700924586837752e-16 -0.7071067811865476
vn 0.8314696016585884 -1.233613764360728e-16 -0.555570248949409
vn 0.9238795305660377 -8.497279259363763e-17 -0.3826834370613369
vn 0.9807852789517083 -4.331875509709332e-17 -0.19509032931342324
vn 1 -5.438524531099133e-32 -2.4492937051703357e-16
vn 0.7071067811865476 -0.7071067811865476 1.5700924586837752e-16
vn 0.6935199426845902 -0.7071067617148827 0.13794968878491534
vn 0.6532815030743457 -0.7071067617226013 0.2705980511147487
vn 0.5879377874929517 -0.7071067873885876 0.39284748855870744
vn 0.5000000042785678 -0.7071067751357388 0.5000000042785679
vn 0.39284748855870727 -0.7071067873885876 0.5879377874929518
vn 0.2705980511147485 -0.7071067617226011 0.6532815030743457
vn 0.13794968878491518 -0.7071067617148826 0.6935199426845903
vn 4.329780375814312e-17 -0.7071067811865475 0.7071067811865477
vn -0.13794968878491518 -0.7071067617148826 0.6935199426845903
vn -0.2705980511147485 -0.7071067617226011 0.6532815030743457
vn -0.39284748855870727 -0.7071067873885876 0.5879377874929518
vn -0.5000000042785678 -0.7071067751357388 0.5000000042785679
vn -0.5879377874929517 -0.7071067873885876 0.39284748855870744
vn -0.6532815030743457 -0.7071067617226013 0.2705980511147487
vn -0.6935199426845902 -0.7071067617148827 0.13794968878491534
vn -0.7071067811865476 -0.7071067811865476 2.4360485338466374e-16
vn -0.6935199426845902 -0.7071067617148827 -0.137949688784915
vn -0.6532815030743456 -0.7071067617226013 -0.27059805111474833
vn -0.5879377874929517 -0.7071067873885878 -0.3928474885587071
vn -0.5000000042785677 -0.7071067751357389 -0.5000000042785675
vn -0.39284748855870727 -0.7071067873885878 -0.5879377874929516
vn -0.2705980511147485 -0.7071067617226013 -0.6532815030743455
vn -0.13794968878491518 -0.7071067617148828 -0.69351994268459
vn -1.2989340465698435e-16 -0.7071067811865477 -0.7071067811865475
vn 0.13794968878491518 -0.7071067617148828 -0.69351994268459
vn 0.2705980511147485 -0.7071067617226013 -0.6532815030743455
vn 0.39284748855870727 -0.7071067873885878 -0.5879377874929516
vn 0.5000000042785677 -0.7071067751357389 -0.5000000042785675
vn 0.5879377874929517 -0.7071067873885878 -0.3928474885587071
vn 0.6532815030743456 -0.7071067617226013 -0.27059805111474833
vn 0.6935199426845902 -0.7071067617148827 -0.137949688784915
vn 0.7071067811865476 -0.7071067811865476 -1.6181969164194976e-17
vn 0 -1 2.220446049250313e-16
vn 0 -1 2.220446049250313e-16
vn 0 -1 2.220446049250313e-16
vn 0 -1 2.220446049250313e-16
vn 0 -1 2.220446049250313e-16
vn 0 -1 2.220446049250313e-16
vn 0 -1 2.220446049250313e-16
vn 0 -1 2.220446049250313e-16
vn 0 -1 2.220446049250313e-16
vn 0 -1 2.220446049250313e-16
vn 0 -1 2.220446049250313e-16
vn 0 -1 2.220446049250313e-16
vn 0 -1 2.220446049250313e-16
vn 0 -1 2.220446049250313e-16
vn 0 -1 2.220446049250313e-16
vn 0 -1 2.220446049250313e-16
vn 0 -1 2.220446049250313e-16
vn 0 -1 2.220446049250313e-16
vn 0 -1 2.220446049250313e-16
vn 0 -1 2.220446049250313e-16
vn 0 -1 2.220446049250313e-16
vn 0 -1 2.220446049250313e-16
vn 0 -1 2.220446049250313e-16
vn 0 -1 2.220446049250313e-16
vn 0 -1 2.220446049250313e-16
vn 0 -1 2.220446049250313e-16
vn 0 -1 2.220446049250313e-16
vn 0 -1 2.220446049250313e-16
vn 0 -1 2.220446049250313e-16
vn 0 -1 2.220446049250313e-16
vn 0 -1 2.220446049250313e-16
vn 0 -1 2.220446049250313e-16
vn 0 -1 2.220446049250313e-16
vn -0.7071067811865476 -0.7071067811865476 1.5700924586837752e-16
vn -0.6935199426845902 -0.7071067617148827 -0.137949688784915
vn -0.6532815030743456 -0.7071067617226013 -0.27059805111474833
vn -0.5879377874929517 -0.7071067873885878 -0.3928474885587071
vn -0.5000000042785677 -0.7071067751357389 -0.5000000042785675
vn -0.39284748855870727 -0.7071067873885878 -0.5879377874929516
vn -0.2705980511147485 -0.7071067617226013 -0.6532815030743455
vn -0.13794968878491518 -0.7071067617148828 -0.69351994268459
vn -4.329780375814312e-17 -0.7071067811865477 -0.7071067811865475
vn 0.13794968878491518 -0.7071067617148828 -0.69351994268459
vn 0.2705980511147485 -0.7071067617226013 -0.6532815030743455
vn 0.39284748855870727 -0.7071067873885878 -0.5879377874929516
vn 0.5000000042785677 -0.7071067751357389 -0.5000000042785675
vn 0.5879377874929517 -0.7071067873885878 -0.3928474885587071
vn 0.6532815030743456 -0.7071067617226013 -0.27059805111474833
vn 0.6935199426845902 -0.7071067617148827 -0.137949688784915
vn 0.7071067811865476 -0.7071067811865476 7.041363835209127e-17
vn 0.6935199426845902 -0.7071067617148827 0.13794968878491534
vn 0.6532815030743457 -0.7071067617226013 0.2705980511147487
vn 0.5879377874929517 -0.7071067873885876 0.39284748855870744
vn 0.5000000042785678 -0.7071067751357388 0.5000000042785679
vn 0.39284748855870727 -0.7071067873885876 0.5879377874929518
vn 0.2705980511147485 -0.7071067617226011 0.6532815030743457
vn 0.13794968878491518 -0.7071067617148826 0.6935199426845903
vn 1.2989340465698435e-16 -0.7071067811865475 0.7071067811865477
vn -0.13794968878491518 -0.7071067617148826 0.6935199426845903
vn -0.2705980511147485 -0.7071067617226011 0.6532815030743457
vn -0.39284748855870727 -0.7071067873885876 0.5879377874929518
vn -0.5000000042785678 -0.7071067751357388 0.5000000042785679
vn -0.5879377874929517 -0.7071067873885876 0.39284748855870744
vn -0.6532815030743457 -0.7071067617226013 0.2705980511147487
vn -0.6935199426845902 -0.7071067617148827 0.13794968878491534
vn -0.7071067811865476 -0.7071067811865476 3.3020046090095e-16
vn -1 -1.2246468525851679e-16 2.7192622655495665e-32
vn -0.9807852789517083 -1.657834438877544e-16 -0.19509032931342324
vn -0.9238795305660377 -2.0743748134659667e-16 -0.3826834370613369
vn -0.8314696016585884 -2.458260626116438e-16 -0.555570248949409
vn -0.7071067811865476 -2.7947393322278815e-16 -0.7071067811865476
vn -0.555570248949409 -3.0708802538302543e-16 -0.8314696016585884
vn -0.3826834370613369 -3.2760715411581825e-16 -0.9238795305660377
vn -0.19509032931342324 -3.4024276857177973e-16 -0.9807852789517083
vn -6.123234262925839e-17 -3.445092901835481e-16 -1
vn 0.19509032931342324 -3.4024276857177973e-16 -0.9807852789517083
vn 0.3826834370613369 -3.2760715411581825e-16 -0.9238795305660377
vn 0.555570248949409 -3.0708802538302543e-16 -0.8314696016585884
vn 0.7071067811865476 -2.7947393322278815e-16 -0.7071067811865476
vn 0.8314696016585884 -2.458260626116438e-16 -0.555570248949409
vn 0.9238795305660377 -2.0743748134659667e-16 -0.3826834370613369
vn 0.9807852789517083 -1.657834438877544e-16 -0.19509032931342324
vn 1 -1.224646852585168e-16 -1.2246468525851676e-16
vn 0.9807852789517083 -7.914593369356774e-17 0.19509032931342324
vn 0.9238795305660377 -3.74918961593214e-17 0.3826834370613369
vn 0.8314696016585884 8.966902605017834e-19 0.555570248949409
vn 0.7071067811865476 3.454455851396687e-17 0.7071067811865476
vn 0.555570248949409 6.215865303188339e-17 0.8314696016585884
vn 0.3826834370613369 8.267777660990017e-17 0.9238795305660377
vn 0.19509032931342324 9.531339099045763e-17 0.9807852789517083
vn 1.8369701465288538e-16 9.957991966651452e-17 1
vn -0.19509032931342324 9.531339099045763e-17 0.9807852789517083
vn -0.3826834370613369 8.267777660990017e-17 0.9238795305660377
vn -0.555570248949409 6.215865303188339e-17 0.8314696016585884
vn -0.7071067811865476 3.454455851396687e-17 0.7071067811865476
vn -0.8314696016585884 8.966902605017834e-19 0.555570248949409
vn -0.9238795305660377 -3.74918961593214e-17 0.3826834370613369
vn -0.9807852789517083 -7.914593369356774e-17 0.19509032931342324
vn -1 -1.2246468525851674e-16 2.449293705170336e-16
vn -0.7071067811865476 0.7071067811865476 -1.5700924586837752e-16
vn -0.6935199426845902 0.7071067617148827 -0.13794968878491534
vn -0.6532815030743457 0.7071067617226013 -0.2705980511147487
vn -0.5879377874929517 0.7071067873885876 -0.39284748855870744
vn -0.5000000042785678 0.7071067751357388 -0.5000000042785679
vn -0.39284748855870727 0.7071067873885876 -0.5879377874929518
vn -0.2705980511147485 0.7071067617226011 -0.6532815030743457
vn -0.13794968878491518 0.7071067617148826 -0.6935199426845903
vn -4.329780375814312e-17 0.7071067811865475 -0.7071067811865477
vn 0.13794968878491518 0.7071067617148826 -0.6935199426845903
vn 0.2705980511147485 0.7071067617226011 -0.6532815030743457
vn 0.39284748855870727 0.7071067873885876 -0.5879377874929518
vn 0.5000000042785678 0.7071067751357388 -0.5000000042785679
vn 0.5879377874929517 0.7071067873885876 -0.39284748855870744
vn 0.6532815030743457 0.7071067617226013 -0.2705980511147487
vn 0.6935199426845902 0.7071067617148827 -0.13794968878491534
vn 0.7071067811865476 0.7071067811865476 -2.4360485338466374e-16
vn 0.6935199426845902 0.7071067617148827 0.137949688784915
vn 0.6532815030743456 0.7071067617226013 0.27059805111474833
vn 0.5879377874929517 0.7071067873885878 0.3928474885587071
vn 0.5000000042785677 0.7071067751357389 0.5000000042785675
vn 0.39284748855870727 0.7071067873885878 0.5879377874929516
vn 0.2705980511147485 0.7071067617226013 0.6532815030743455
vn 0.13794968878491518 0.7071067617148828 0.69351994268459
vn 1.2989340465698435e-16 0.7071067811865477 0.7071067811865475
vn -0.13794968878491518 0.7071067617148828 0.69351994268459
vn -0.2705980511147485 0.7071067617226013 0.6532815030743455
vn -0.39284748855870727 0.7071067873885878 0.5879377874929516
vn -0.5000000042785677 0.7071067751357389 0.5000000042785675
vn -0.5879377874929517 0.7071067873885878 0.3928474885587071
vn -0.6532815030743456 0.7071067617226013 0.27059805111474833
vn -0.6935199426845902 0.7071067617148827 0.137949688784915
vn -0.7071067811865476 0.7071067811865476 1.6181969164194976e-17
vn 0 1 -2.220446049250313e-16
vn 0 1 -2.220446049250313e-16
vn 0 1 -2.220446049250313e-16
vn 0 1 -2.220446049250313e-16
vn 0 1 -2.220446049250313e-16
vn 0 1 -2.220446049250313e-16
vn 0 1 -2.220446049250313e-16
vn 0 1 -2.220446049250313e-16
vn 0 1 -2.220446049250313e-16
vn 0 1 -2.220446049250313e-16
vn 0 1 -2.220446049250313e-16
vn 0 1 -2.220446049250313e-16
vn 0 1 -2.220446049250313e-16
vn 0 1 -2.220446049250313e-16
vn 0 1 -2.220446049250313e-16
vn 0 1 -2.220446049250313e-16
vn 0 1 -2.220446049250313e-16
vn 0 1 -2.220446049250313e-16
vn 0 1 -2.220446049250313e-16
vn 0 1 -2.220446049250313e-16
vn 0 1 -2.220446049250313e-16
vn 0 1 -2.220446049250313e-16
vn 0 1 -2.220446049250313e-16
vn 0 1 -2.220446049250313e-16
vn 0 1 -2.220446049250313e-16
vn 0 1 -2.220446049250313e-16
vn 0 1 -2.220446049250313e-16
vn 0 1 -2.220446049250313e-16
vn 0 1 -2.220446049250313e-16
vn 0 1 -2.220446049250313e-16
vn 0 1 -2.220446049250313e-16
vn 0 1 -2.220446049250313e-16
vn 0 1 -2.220446049250313e-16
vn 0.7071067811865476 0.7071067811865476 -1.5700924586837752e-16
vn 0.6935199426845902 0.7071067617148827 0.137949688784915
vn 0.6532815030743456 0.7071067617226013 0.27059805111474833
vn 0.5879377874929517 0.7071067873885878 0.3928474885587071
vn 0.5000000042785677 0.7071067751357389 0.5000000042785675
vn 0.39284748855870727 0.7071067873885878 0.5879377874929516
vn 0.2705980511147485 0.7071067617226013 0.6532815030743455
vn 0.13794968878491518 0.7071067617148828 0.69351994268459
vn 4.329780375814312e-17 0.7071067811865477 0.7071067811865475
vn -0.13794968878491518 0.7071067617148828 0.69351994268459
vn -0.2705980511147485 0.7071067617226013 0.6532815030743455
vn -0.39284748855870727 0.7071067873885878 0.5879377874929516
vn -0.5000000042785677 0.7071067751357389 0.5000000042785675
vn -0.5879377874929517 0.7071067873885878 0.3928474885587071
vn -0.6532815030743456 0.7071067617226013 0.27059805111474833
vn -0.6935199426845902 0.7071067617148827 0.137949688784915
vn -0.7071067811865476 0.7071067811865476 -7.041363835209127e-17
vn -0.6935199426845902 0.7071067617148827 -0.13794968878491534
vn -0.6532815030743457 0.7071067617226013 -0.2705980511147487
vn -0.5879377874929517 0.7071067873885876 -0.39284748855870744
vn -0.5000000042785678 0.7071067751357388 -0.5000000042785679
vn -0.39284748855870727 0.7071067873885876 -0.5879377874929518
vn -0.2705980511147485 0.7071067617226011 -0.6532815030743457
vn -0.13794968878491518 0.7071067617148826 -0.6935199426845903
vn -1.2989340465698435e-16 0.7071067811865475 -0.7071067811865477
vn 0.13794968878491518 0.7071067617148826 -0.6935199426845903
vn 0.2705980511147485 0.7071067617226011 -0.6532815030743457
vn 0.39284748855870727 0.7071067873885876 -0.5879377874929518
vn 0.5000000042785678 0.7071067751357388 -0.5000000042785679
vn 0.5879377874929517 0.7071067873885876 -0.39284748855870744
vn 0.6532815030743457 0.7071067617226013 -0.2705980511147487
vn 0.6935199426845902 0.7071067617148827 -0.13794968878491534
vn 0.7071067811865476 0.7071067811865476 -3.3020046090095e-16
vn 1 2.4492937051703357e-16 -5.438524531099133e-32
vn 0.9807852789517083 2.8824813267841543e-16 0.19509032931342324
vn 0.9238795305660377 3.2990217009955573e-16 0.3826834370613369
vn 0.8314696016585884 3.6829074878721484e-16 0.555570248949409
vn 0.7071067811865476 4.0193862057719876e-16 0.7071067811865476
vn 0.555570248949409 4.295527115585964e-16 0.8314696016585884
vn 0.3826834370613369 4.500718428687773e-16 0.9238795305660377
vn 0.19509032931342324 4.627074573624408e-16 0.9807852789517083
vn 6.123234262925839e-17 4.669739754420649e-16 1
vn -0.19509032931342324 4.627074573624408e-16 0.9807852789517083
vn -0.3826834370613369 4.500718428687773e-16 0.9238795305660377
vn -0.555570248949409 4.295527115585964e-16 0.8314696016585884
vn -0.7071067811865476 4.0193862057719876e-16 0.7071067811865476
vn -0.8314696016585884 3.6829074878721484e-16 0.555570248949409
vn -0.9238795305660377 3.2990217009955573e-16 0.3826834370613369
vn -0.9807852789517083 2.8824813267841543e-16 0.19509032931342324
vn -1 2.449293705170336e-16 1.2246468525851674e-16
vn -0.9807852789517083 2.0161062248422882e-16 -0.19509032931342324
vn -0.9238795305660377 1.5995658491228043e-16 -0.3826834370613369
vn -0.8314696016585884 1.2156799591506922e-16 -0.555570248949409
vn -0.7071067811865476 8.792012884044377e-17 -0.7071067811865476
vn -0.555570248949409 6.030603314368762e-17 -0.8314696016585884
vn -0.3826834370613369 3.9786912143058864e-17 -0.9238795305660377
vn -0.19509032931342324 2.7151297800203435e-17 -0.9807852789517083
vn -1.8369701465288538e-16 2.2884765592002263e-17 -1
vn 0.19509032931342324 2.7151297800203435e-17 -0.9807852789517083
vn 0.3826834370613369 3.9786912143058864e-17 -0.9238795305660377
vn 0.555570248949409 6.030603314368762e-17 -0.8314696016585884
vn 0.7071067811865476 8.792012884044377e-17 -0.7071067811865476
vn 0.8314696016585884 1.2156799591506922e-16 -0.555570248949409
vn 0.9238795305660377 1.5995658491228043e-16 -0.3826834370613369
vn 0.9807852789517083 2.0161062248422882e-16 -0.19509032931342324
vn 1 2.449293705170335e-16 -2.449293705170336e-16
f 2449/1021/1021 2416/988/988 2450/1022/1022
f 2416/988/988 2417/989/989 2450/1022/1022
f 2450/1022/1022 2417/989/989 2451/1023/1023
f 2417/989/989 2418/990/990 2451/1023/1023
f 2451/1023/1023 2418/990/990 2452/1024/1024
f 2418/990/990 2419/991/991 2452/1024/1024
f 2452/1024/1024 2419/991/991 2453/1025/1025
f 2419/991/991 2420/992/992 2453/1025/1025
f 2453/1025/1025 2420/992/992 2454/1026/1026
f 2420/992/992 2421/993/993 2454/1026/1026
f 2454/1026/1026 2421/993/993 2455/1027/1027
f 2421/993/993 2422/994/994 2455/1027/1027
f 2455/1027/1027 2422/994/994 2456/1028/1028
f 2422/994/994 2423/995/995 2456/1028/1028
f 2456/1028/1028 2423/995/995 2457/1029/1029
f 2423/995/995 2424/996/996 2457/1029/1029
f 2457/1029/1029 2424/996/996 2458/1030/1030
f 2424/996/996 2425/997/997 2458/1030/1030
f 2458/1030/1030 2425/997/997 2459/1031/1031
f 2425/997/997 2426/998/998 2459/1031/1031
f 2459/1031/1031 2426/998/998 2460/1032/1032
f 2426/998/998 2427/999/999 2460/1032/1032
f 2460/1032/1032 2427/999/999 2461/1033/1033
f 2427/999/999 2428/1000/1000 2461/1033/1033
f 2461/1033/1033 2428/1000/1000 2462/1034/1034
f 2428/1000/1000 2429/1001/1001 2462/1034/1034
f 2462/1034/1034 2429/1001/1001 2463/1035/1035
f 2429/1001/1001 2430/1002/1002 2463/1035/1035
f 2463/1035/1035 2430/1002/1002 2464/1036/1036
f 2430/1002/1002 2431/1003/1003 2464/1036/1036
f 2464/1036/1036 2431/1003/1003 2465/1037/1037
f 2431/1003/1003 2432/1004/1004 2465/1037/1037
f 2465/1037/1037 2432/1004/1004 2466/1038/1038
f 2432/1004/1004 2433/1005/1005 2466/1038/1038
f 2466/1038/1038 2433/1005/1005 2467/1039/1039
f 2433/1005/1005 2434/1006/1006 2467/1039/1039
f 2467/1039/1039 2434/1006/1006 2468/1040/1040
f 2434/1006/1006 2435/1007/1007 2468/1040/1040
f 2468/1040/1040 2435/1007/1007 2469/1041/1041
f 2435/1007/1007 2436/1008/1008 2469/1041/1041
f 2469/1041/1041 2436/1008/1008 2470/1042/1042
f 2436/1008/1008 2437/1009/1009 2470/1042/1042
f 2470/1042/1042 2437/1009/1009 2471/1043/1043
f 2437/1009/1009 2438/1010/1010 2471/1043/1043
f 2471/1043/1043 2438/1010/1010 2472/1044/1044
f 2438/1010/1010 2439/1011/1011 2472/1044/1044
f 2472/1044/1044 2439/1011/1011 2473/1045/1045
f 2439/1011/1011 2440/1012/1012 2473/1045/1045
f 2473/1045/1045 2440/1012/1012 2474/1046/1046
f 2440/1012/1012 2441/1013/1013 2474/1046/1046
f 2474/1046/1046 2441/1013/1013 2475/1047/1047
f 2441/1013/1013 2442/1014/1014 2475/1047/1047
f 2475/1047/1047 2442/1014/1014 2476/1048/1048
f 2442/1014/1014 2443/1015/1015 2476/1048/1048
f 2476/1048/1048 2443/1015/1015 2477/1049/1049
f 2443/1015/1015 2444/1016/1016 2477/1049/1049
f 2477/1049/1049 2444/1016/1016 2478/1050/1050
f 2444/1016/1016 2445/1017/1017 2478/1050/1050
f 2478/1050/1050 2445/1017/1017 2479/1051/1051
f 2445/1017/1017 2446/1018/1018 2479/1051/1051
f 2479/1051/1051 2446/1018/1018 2480/1052/1052
f 2446/1018/1018 2447/1019/1019 2480/1052/1052
f 2480/1052/1052 2447/1019/1019 2481/1053/1053
f 2447/1019/1019 2448/1020/1020 2481/1053/1053
f 2482/1054/1054 2449/1021/1021 2483/1055/1055
f 2449/1021/1021 2450/1022/1022 2483/1055/1055
f 2483/1055/1055 2450/1022/1022 2484/1056/1056
f 2450/1022/1022 2451/1023/1023 2484/1056/1056
f 2484/1056/1056 2451/1023/1023 2485/1057/1057
f 2451/1023/1023 2452/1024/1024 2485/1057/1057
f 2485/1057/1057 2452/1024/1024 2486/1058/1058
f 2452/1024/1024 2453/1025/1025 2486/1058/1058
f 2486/1058/1058 2453/1025/1025 2487/1059/1059
f 2453/1025/1025 2454/1026/1026 2487/1059/1059
f 2487/1059/1059 2454/1026/1026 2488/1060/1060
f 2454/1026/1026 2455/1027/1027 2488/1060/1060
f 2488/1060/1060 2455/1027/1027 2489/1061/1061
f 2455/1027/1027 2456/1028/1028 2489/1061/1061
f 2489/1061/1061 2456/1028/1028 2490/1062/1062
f 2456/1028/1028 2457/1029/1029 2490/1062/1062
f 2490/1062/1062 2457/1029/1029 2491/1063/1063
f 2457/1029/1029 2458/1030/1030 2491/1063/1063
f 2491/1063/1063 2458/1030/1030 2492/1064/1064
f 2458/1030/1030 2459/1031/1031 2492/1064/1064
f 2492/1064/1064 2459/1031/1031 2493/1065/1065
f 2459/1031/1031 2460/1032/1032 2493/1065/1065
f 2493/1065/1065 2460/1032/1032 2494/1066/1066
f 2460/1032/1032 2461/1033/1033 2494/1066/1066
f 2494/1066/1066 2461/1033/1033 2495/1067/1067
f 2461/1033/1033 2462/1034/1034 2495/1067/1067
f 2495/1067/1067 2462/1034/1034 2496/1068/1068
f 2462/1034/1034 2463/1035/1035 2496/1068/1068
f 2496/1068/1068 2463/1035/1035 2497/1069/1069
f 2463/1035/1035 2464/1036/1036 2497/1069/1069
f 2497/1069/1069 2464/1036/1036 2498/1070/1070
f 2464/1036/1036 2465/1037/1037 2498/1070/1070
f 2498/1070/1070 2465/1037/1037 2499/1071/1071
f 2465/1037/1037 2466/1038/1038 2499/1071/1071
f 2499/1071/1071 2466/1038/1038 2500/1072/1072
f 2466/1038/1038 2467/1039/1039 2500/1072/1072
f 2500/1072/1072 2467/1039/1039 2501/1073/1073
f 2467/1039/1039 2468/1040/1040 2501/1073/1073
f 2501/1073/1073 2468/1040/1040 2502/1074/1074
f 2468/1040/1040 2469/1041/1041 2502/1074/1074
f 2502/1074/1074 2469/1041/1041 2503/1075/1075
f 2469/1041/1041 2470/1042/1042 2503/1075/1075
f 2503/1075/1075 2470/1042/1042 2504/1076/1076
f 2470/1042/1042 2471/1043/1043 2504/1076/1076
f 2504/1076/1076 2471/1043/1043 2505/1077/1077
f 2471/1043/1043 2472/1044/1044 2505/1077/1077
f 2505/1077/1077 2472/1044/1044 2506/1078/1078
f 2472/1044/1044 2473/1045/1045 2506/1078/1078
f 2506/1078/1078 2473/1045/1045 2507/1079/1079
f 2473/1045/1045 2474/1046/1046 2507/1079/1079
f 2507/1079/1079 2474/1046/1046 2508/1080/1080
f 2474/1046/1046 2475/1047/1047 2508/1080/1080
f 2508/1080/1080 2475/1047/1047 2509/1081/1081
f 2475/1047/1047 2476/1048/1048 2509/1081/1081
f 2509/1081/1081 2476/1048/1048 2510/1082/1082
f 2476/1048/1048 2477/1049/1049 2510/1082/1082
f 2510/1082/1082 2477/1049/1049 2511/1083/1083
f 2477/1049/1049 2478/1050/1050 2511/1083/1083
f 2511/1083/1083 2478/1050/1050 2512/1084/1084
f 2478/1050/1050 2479/1051/1051 2512/1084/1084
f 2512/1084/1084 2479/1051/1051 2513/1085/1085
f 2479/1051/1051 2480/1052/1052 2513/1085/1085
f 2513/1085/1085 2480/1052/1052 2514/1086/1086
f 2480/1052/1052 2481/1053/1053 2514/1086/1086
f 2515/1087/1087 2482/1054/1054 2516/1088/1088
f 2482/1054/1054 2483/1055/1055 2516/1088/1088
f 2516/1088/1088 2483/1055/1055 2517/1089/1089
f 2483/1055/1055 2484/1056/1056 2517/1089/1089
f 2517/1089/1089 2484/1056/1056 2518/1090/1090
f 2484/1056/1056 2485/1057/1057 2518/1090/1090
f 2518/1090/1090 2485/1057/1057 2519/1091/1091
f 2485/1057/1057 2486/1058/1058 2519/1091/1091
f 2519/1091/1091 2486/1058/1058 2520/1092/1092
f 2486/1058/1058 2487/1059/1059 2520/1092/1092
f 2520/1092/1092 2487/1059/1059 2521/1093/1093
f 2487/1059/1059 2488/1060/1060 2521/1093/1093
f 2521/1093/1093 2488/1060/1060 2522/1094/1094
f 2488/1060/1060 2489/1061/1061 2522/1094/1094
f 2522/1094/1094 2489/1061/1061 2523/1095/1095
f 2489/1061/1061 2490/1062/1062 2523/1095/1095
f 2523/1095/1095 2490/1062/1062 2524/1096/1096
f 2490/1062/1062 2491/1063/1063 2524/1096/1096
f 2524/1096/1096 2491/1063/1063 2525/1097/1097
f 2491/1063/1063 2492/1064/1064 2525/1097/1097
f 2525/1097/1097 2492/1064/1064 2526/1098/1098
f 2492/1064/1064 2493/1065/1065 2526/1098/1098
f 2526/1098/1098 2493/1065/1065 2527/1099/1099
f 2493/1065/1065 2494/1066/1066 2527/1099/1099
f 2527/1099/1099 2494/1066/1066 2528/1100/1100
f 2494/1066/1066 2495/1067/1067 2528/1100/1100
f 2528/1100/1100 2495/1067/1067 2529/1101/1101
f 2495/1067/1067 2496/1068/1068 2529/1101/1101
f 2529/1101/1101 2496/1068/1068 2530/1102/1102
f 2496/1068/1068 2497/1069/1069 2530/1102/1102
f 2530/1102/1102 2497/1069/1069 2531/1103/1103
f 2497/1069/1069 2498/1070/1070 2531/1103/1103
f 2531/1103/1103 2498/1070/1070 2532/1104/1104
f 2498/1070/1070 2499/1071/1071 2532/1104/1104
f 2532/1104/1104 2499/1071/1071 2533/1105/1105
f 2499/1071/1071 2500/1072/1072 2533/1105/1105
f 2533/1105/1105 2500/1072/1072 2534/1106/1106
f 2500/1072/1072 2501/1073/1073 2534/1106/1106
f 2534/1106/1106 2501/1073/1073 2535/1107/1107
f 2501/1073/1073 2502/1074/1074 2535/1107/1107
f 2535/1107/1107 2502/1074/1074 2536/1108/1108
f 2502/1074/1074 2503/1075/1075 2536/1108/1108
f 2536/1108/1108 2503/1075/1075 2537/1109/1109
f 2503/1075/1075 2504/1076/1076 2537/1109/1109
f 2537/1109/1109 2504/1076/1076 2538/1110/1110
f 2504/1076/1076 2505/1077/1077 2538/1110/1110
f 2538/1110/1110 2505/1077/1077 2539/1111/1111
f 2505/1077/1077 2506/1078/1078 2539/1111/1111
f 2539/1111/1111 2506/1078/1078 2540/1112/1112
f 2506/1078/1078 2507/1079/1079 2540/1112/1112
f 2540/1112/1112 2507/1079/1079 2541/1113/1113
f 2507/1079/1079 2508/1080/1080 2541/1113/1113
f 2541/1113/1113 2508/1080/1080 2542/1114/1114
f 2508/1080/1080 2509/1081/1081 2542/1114/1114
f 2542/1114/1114 2509/1081/1081 2543/1115/1115
f 2509/1081/1081 2510/1082/1082 2543/1115/1115
f 2543/1115/1115 2510/1082/1082 2544/1116/1116
f 2510/1082/1082 2511/1083/1083 2544/1116/1116
f 2544/1116/1116 2511/1083/1083 2545/1117/1117
f 2511/1083/1083 2512/1084/1084 2545/1117/1117
f 2545/1117/1117 2512/1084/1084 2546/1118/1118
f 2512/1084/1084 2513/1085/1085 2546/1118/1118
f 2546/1118/1118 2513/1085/1085 2547/1119/1119
f 2513/1085/1085 2514/1086/1086 2547/1119/1119
f 2548/1120/1120 2515/1087/1087 2549/1121/1121
f 2515/1087/1087 2516/1088/1088 2549/1121/1121
f 2549/1121/1121 2516/1088/1088 2550/1122/1122
f 2516/1088/1088 2517/1089/1089 2550/1122/1122
f 2550/1122/1122 2517/1089/1089 2551/1123/1123
f 2517/1089/1089 2518/1090/1090 2551/1123/1123
f 2551/1123/1123 2518/1090/1090 2552/1124/1124
f 2518/1090/1090 2519/1091/1091 2552/1124/1124
f 2552/1124/1124 2519/1091/1091 2553/1125/1125
f 2519/1091/1091 2520/1092/1092 2553/1125/1125
f 2553/1125/1125 2520/1092/1092 2554/1126/1126
f 2520/1092/1092 2521/1093/1093 2554/1126/1126
f 2554/1126/1126 2521/1093/1093 2555/1127/1127
f 2521/1093/1093 2522/1094/1094 2555/1127/1127
f 2555/1127/1127 2522/1094/1094 2556/1128/1128
f 2522/1094/1094 2523/1095/1095 2556/1128/1128
f 2556/1128/1128 2523/1095/1095 2557/1129/1129
f 2523/1095/1095 2524/1096/1096 2557/1129/1129
f 2557/1129/1129 2524/1096/1096 2558/1130/1130
f 2524/1096/1096 2525/1097/1097 2558/1130/1130
f 2558/1130/1130 2525/1097/1097 2559/1131/1131
f 2525/1097/1097 2526/1098/1098 2559/1131/1131
f 2559/1131/1131 2526/1098/1098 2560/1132/1132
f 2526/1098/1098 2527/1099/1099 2560/1132/1132
f 2560/1132/1132 2527/1099/1099 2561/1133/1133
f 2527/1099/1099 2528/1100/1100 2561/1133/1133
f 2561/1133/1133 2528/1100/1100 2562/1134/1134
f 2528/1100/1100 2529/1101/1101 2562/1134/1134
f 2562/1134/1134 2529/1101/1101 2563/1135/1135
f 2529/1101/1101 2530/1102/1102 2563/1135/1135
f 2563/1135/1135 2530/1102/1102 2564/1136/1136
f 2530/1102/1102 2531/1103/1103 2564/1136/1136
f 2564/1136/1136 2531/1103/1103 2565/1137/1137
f 2531/1103/1103 2532/1104/1104 2565/1137/1137
f 2565/1137/1137 2532/1104/1104 2566/1138/1138
f 2532/1104/1104 2533/1105/1105 2566/1138/1138
f 2566/1138/1138 2533/1105/1105 2567/1139/1139
f 2533/1105/1105 2534/1106/1106 2567/1139/1139
f 2567/1139/1139 2534/1106/1106 2568/1140/1140
f 2534/1106/1106 2535/1107/1107 2568/1140/1140
f 2568/1140/1140 2535/1107/1107 2569/1141/1141
f 2535/1107/1107 2536/1108/1108 2569/1141/1141
f 2569/1141/1141 2536/1108/1108 2570/1142/1142
f 2536/1108/1108 2537/1109/1109 2570/1142/1142
f 2570/1142/1142 2537/1109/1109 2571/1143/1143
f 2537/1109/1109 2538/1110/1110 2571/1143/1143
f 2571/1143/1143 2538/1110/1110 2572/1144/1144
f 2538/1110/1110 2539/1111/1111 2572/1144/1144
f 2572/1144/1144 2539/1111/1111 2573/1145/1145
f 2539/1111/1111 2540/1112/1112 2573/1145/1145
f 2573/1145/1145 2540/1112/1112 2574/1146/1146
f 2540/1112/1112 2541/1113/1113 2574/1146/1146
f 2574/1146/1146 2541/1113/1113 2575/1147/1147
f 2541/1113/1113 2542/1114/1114 2575/1147/1147
f 2575/1147/1147 2542/1114/1114 2576/1148/1148
f 2542/1114/1114 2543/1115/1115 2576/1148/1148
f 2576/1148/1148 2543/1115/1115 2577/1149/1149
f 2543/1115/1115 2544/1116/1116 2577/1149/1149
f 2577/1149/1149 2544/1116/1116 2578/1150/1150
f 2544/1116/1116 2545/1117/1117 2578/1150/1150
f 2578/1150/1150 2545/1117/1117 2579/1151/1151
f 2545/1117/1117 2546/1118/1118 2579/1151/1151
f 2579/1151/1151 2546/1118/1118 2580/1152/1152
f 2546/1118/1118 2547/1119/1119 2580/1152/1152
f 2581/1153/1153 2548/1120/1120 2582/1154/1154
f 2548/1120/1120 2549/1121/1121 2582/1154/1154
f 2582/1154/1154 2549/1121/1121 2583/1155/1155
f 2549/1121/1121 2550/1122/1122 2583/1155/1155
f 2583/1155/1155 2550/1122/1122 2584/1156/1156
f 2550/1122/1122 2551/1123/1123 2584/1156/1156
f 2584/1156/1156 2551/1123/1123 2585/1157/1157
f 2551/1123/1123 2552/1124/1124 2585/1157/1157
f 2585/1157/1157 2552/1124/1124 2586/1158/1158
f 2552/1124/1124 2553/1125/1125 2586/1158/1158
f 2586/1158/1158 2553/1125/1125 2587/1159/1159
f 2553/1125/1125 2554/1126/1126 2587/1159/1159
f 2587/1159/1159 2554/1126/1126 2588/1160/1160
f 2554/1126/1126 2555/1127/1127 2588/1160/1160
f 2588/1160/1160 2555/1127/1127 2589/1161/1161
f 2555/1127/1127 2556/1128/1128 2589/1161/1161
f 2589/1161/1161 2556/1128/1128 2590/1162/1162
f 2556/1128/1128 2557/1129/1129 2590/1162/1162
f 2590/1162/1162 2557/1129/1129 2591/1163/1163
f 2557/1129/1129 2558/1130/1130 2591/1163/1163
f 2591/1163/1163 2558/1130/1130 2592/1164/1164
f 2558/1130/1130 2559/1131/1131 2592/1164/1164
f 2592/1164/1164 2559/1131/1131 2593/1165/1165
f 2559/1131/1131 2560/1132/1132 2593/1165/1165
f 2593/1165/1165 2560/1132/1132 2594/1166/1166
f 2560/1132/1132 2561/1133/1133 2594/1166/1166
f 2594/1166/1166 2561/1133/1133 2595/1167/1167
f 2561/1133/1133 2562/1134/1134 2595/1167/1167
f 2595/1167/1167 2562/1134/1134 2596/1168/1168
f 2562/1134/1134 2563/1135/1135 2596/1168/1168
f 2596/1168/1168 2563/1135/1135 2597/1169/1169
f 2563/1135/1135 2564/1136/1136 2597/1169/1169
f 2597/1169/1169 2564/1136/1136 2598/1170/1170
f 2564/1136/1136 2565/1137/1137 2598/1170/1170
f 2598/1170/1170 2565/1137/1137 2599/1171/1171
f 2565/1137/1137 2566/1138/1138 2599/1171/1171
f 2599/1171/1171 2566/1138/1138 2600/1172/1172
f 2566/1138/1138 2567/1139/1139 2600/1172/1172
f 2600/1172/1172 2567/1139/1139 2601/1173/1173
f 2567/1139/1139 2568/1140/1140 2601/1173/1173
f 2601/1173/1173 2568/1140/1140 2602/1174/1174
f 2568/1140/1140 2569/1141/1141 2602/1174/1174
f 2602/1174/1174 2569/1141/1141 2603/1175/1175
f 2569/1141/1141 2570/1142/1142 2603/1175/1175
f 2603/1175/1175 2570/1142/1142 2604/1176/1176
f 2570/1142/1142 2571/1143/1143 2604/1176/1176
f 2604/1176/1176 2571/1143/1143 2605/1177/1177
f 2571/1143/1143 2572/1144/1144 2605/1177/1177
f 2605/1177/1177 2572/1144/1144 2606/1178/1178
f 2572/1144/1144 2573/1145/1145 2606/1178/1178
f 2606/1178/1178 2573/1145/1145 2607/1179/1179
f 2573/1145/1145 2574/1146/1146 2607/1179/1179
f 2607/1179/1179 2574/1146/1146 2608/1180/1180
f 2574/1146/1146 2575/1147/1147 2608/1180/1180
f 2608/1180/1180 2575/1147/1147 2609/1181/1181
f 2575/1147/1147 2576/1148/1148 2609/1181/1181
f 2609/1181/1181 2576/1148/1148 2610/1182/1182
f 2576/1148/1148 2577/1149/1149 2610/1182/1182
f 2610/1182/1182 2577/1149/1149 2611/1183/1183
f 2577/1149/1149 2578/1150/1150 2611/1183/1183
f 2611/1183/1183 2578/1150/1150 2612/1184/1184
f 2578/1150/1150 2579/1151/1151 2612/1184/1184
f 2612/1184/1184 2579/1151/1151 2613/1185/1185
f 2579/1151/1151 2580/1152/1152 2613/1185/1185
f 2614/1186/1186 2581/1153/1153 2615/1187/1187
f 2581/1153/1153 2582/1154/1154 2615/1187/1187
f 2615/1187/1187 2582/1154/1154 2616/1188/1188
f 2582/1154/1154 2583/1155/1155 2616/1188/1188
f 2616/1188/1188 2583/1155/1155 2617/1189/1189
f 2583/1155/1155 2584/1156/1156 2617/1189/1189
f 2617/1189/1189 2584/1156/1156 2618/1190/1190
f 2584/1156/1156 2585/1157/1157 2618/1190/1190
f 2618/1190/1190 2585/1157/1157 2619/1191/1191
f 2585/1157/1157 2586/1158/1158 2619/1191/1191
f 2619/1191/1191 2586/1158/1158 2620/1192/1192
f 2586/1158/1158 2587/1159/1159 2620/1192/1192
f 2620/1192/1192 2587/1159/1159 2621/1193/1193
f 2587/1159/1159 2588/1160/1160 2621/1193/1193
f 2621/1193/1193 2588/1160/1160 2622/1194/1194
f 2588/1160/1160 2589/1161/1161 2622/1194/1194
f 2622/1194/1194 2589/1161/1161 2623/1195/1195
f 2589/1161/1161 2590/1162/1162 2623/1195/1195
f 2623/1195/1195 2590/1162/1162 2624/1196/1196
f 2590/1162/1162 2591/1163/1163 2624/1196/1196
f 2624/1196/1196 2591/1163/1163 2625/1197/1197
f 2591/1163/1163 2592/1164/1164 2625/1197/1197
f 2625/1197/1197 2592/1164/1164 2626/1198/1198
f 2592/1164/1164 2593/1165/1165 2626/1198/1198
f 2626/1198/1198 2593/1165/1165 2627/1199/1199
f 2593/1165/1165 2594/1166/1166 2627/1199/1199
f 2627/1199/1199 2594/1166/1166 2628/1200/1200
f 2594/1166/1166 2595/1167/1167 2628/1200/1200
f 2628/1200/1200 2595/1167/1167 2629/1201/1201
f 2595/1167/1167 2596/1168/1168 2629/1201/1201
f 2629/1201/1201 2596/1168/1168 2630/1202/1202
f 2596/1168/1168 2597/1169/1169 2630/1202/1202
f 2630/1202/1202 2597/1169/1169 2631/1203/1203
f 2597/1169/1169 2598/1170/1170 2631/1203/1203
f 2631/1203/1203 2598/1170/1170 2632/1204/1204
f 2598/1170/1170 2599/1171/1171 2632/1204/1204
f 2632/1204/1204 2599/1171/1171 2633/1205/1205
f 2599/1171/1171 2600/1172/1172 2633/1205/1205
f 2633/1205/1205 2600/1172/1172 2634/1206/1206
f 2600/1172/1172 2601/1173/1173 2634/1206/1206
f 2634/1206/1206 2601/1173/1173 2635/1207/1207
f 2601/1173/1173 2602/1174/1174 2635/1207/1207
f 2635/1207/1207 2602/1174/1174 2636/1208/1208
f 2602/1174/1174 2603/1175/1175 2636/1208/1208
f 2636/1208/1208 2603/1175/1175 2637/1209/1209
f 2603/1175/1175 2604/1176/1176 2637/1209/1209
f 2637/1209/1209 2604/1176/1176 2638/1210/1210
f 2604/1176/1176 2605/1177/1177 2638/1210/1210
f 2638/1210/1210 2605/1177/1177 2639/1211/1211
f 2605/1177/1177 2606/1178/1178 2639/1211/1211
f 2639/1211/1211 2606/1178/1178 2640/1212/1212
f 2606/1178/1178 2607/1179/1179 2640/1212/1212
f 2640/1212/1212 2607/1179/1179 2641/1213/1213
f 2607/1179/1179 2608/1180/1180 2641/1213/1213
f 2641/1213/1213 2608/1180/1180 2642/1214/1214
f 2608/1180/1180 2609/1181/1181 2642/1214/1214
f 2642/1214/1214 2609/1181/1181 2643/1215/1215
f 2609/1181/1181 2610/1182/1182 2643/1215/1215
f 2643/1215/1215 2610/1182/1182 2644/1216/1216
f 2610/1182/1182 2611/1183/1183 2644/1216/1216
f 2644/1216/1216 2611/1183/1183 2645/1217/1217
f 2611/1183/1183 2612/1184/1184 2645/1217/1217
f 2645/1217/1217 2612/1184/1184 2646/1218/1218
f 2612/1184/1184 2613/1185/1185 2646/1218/1218
f 2647/1219/1219 2614/1186/1186 2648/1220/1220
f 2614/1186/1186 2615/1187/1187 2648/1220/1220
f 2648/1220/1220 2615/1187/1187 2649/1221/1221
f 2615/1187/1187 2616/1188/1188 2649/1221/1221
f 2649/1221/1221 2616/1188/1188 2650/1222/1222
f 2616/1188/1188 2617/1189/1189 2650/1222/1222
f 2650/1222/1222 2617/1189/1189 2651/1223/1223
f 2617/1189/1189 2618/1190/1190 2651/1223/1223
f 2651/1223/1223 2618/1190/1190 2652/1224/1224
f 2618/1190/1190 2619/1191/1191 2652/1224/1224
f 2652/1224/1224 2619/1191/1191 2653/1225/1225
f 2619/1191/1191 2620/1192/1192 2653/1225/1225
f 2653/1225/1225 2620/1192/1192 2654/1226/1226
f 2620/1192/1192 2621/1193/1193 2654/1226/1226
f 2654/1226/1226 2621/1193/1193 2655/1227/1227
f 2621/1193/1193 2622/1194/1194 2655/1227/1227
f 2655/1227/1227 2622/1194/1194 2656/1228/1228
f 2622/1194/1194 2623/1195/1195 2656/1228/1228
f 2656/1228/1228 2623/1195/1195 2657/1229/1229
f 2623/1195/1195 2624/1196/1196 2657/1229/1229
f 2657/1229/1229 2624/1196/1196 2658/1230/1230
f 2624/1196/1196 2625/1197/1197 2658/1230/1230
f 2658/1230/1230 2625/1197/1197 2659/1231/1231
f 2625/1197/1197 2626/1198/1198 2659/1231/1231
f 2659/1231/1231 2626/1198/1198 2660/1232/1232
f 2626/1198/1198 2627/1199/1199 2660/1232/1232
f 2660/1232/1232 2627/1199/1199 2661/1233/1233
f 2627/1199/1199 2628/1200/1200 2661/1233/1233
f 2661/1233/1233 2628/1200/1200 2662/1234/1234
f 2628/1200/1200 2629/1201/1201 2662/1234/1234
f 2662/1234/1234 2629/1201/1201 2663/1235/1235
f 2629/1201/1201 2630/1202/1202 2663/1235/1235
f 2663/1235/1235 2630/1202/1202 2664/1236/1236
f 2630/1202/1202 2631/1203/1203 2664/1236/1236
f 2664/1236/1236 2631/1203/1203 2665/1237/1237
f 2631/1203/1203 2632/1204/1204 2665/1237/1237
f 2665/1237/1237 2632/1204/1204 2666/1238/1238
f 2632/1204/1204 2633/1205/1205 2666/1238/1238
f 2666/1238/1238 2633/1205/1205 2667/1239/1239
f 2633/1205/1205 2634/1206/1206 2667/1239/1239
f 2667/1239/1239 2634/1206/1206 2668/1240/1240
f 2634/1206/1206 2635/1207/1207 2668/1240/1240
f 2668/1240/1240 2635/1207/1207 2669/1241/1241
f 2635/1207/1207 2636/1208/1208 2669/1241/1241
f 2669/1241/1241 2636/1208/1208 2670/1242/1242
f 2636/1208/1208 2637/1209/1209 2670/1242/1242
f 2670/1242/1242 2637/1209/1209 2671/1243/1243
f 2637/1209/1209 2638/1210/1210 2671/1243/1243
f 2671/1243/1243 2638/1210/1210 2672/1244/1244
f 2638/1210/1210 2639/1211/1211 2672/1244/1244
f 2672/1244/1244 2639/1211/1211 2673/1245/1245
f 2639/1211/1211 2640/1212/1212 2673/1245/1245
f 2673/1245/1245 2640/1212/1212 2674/1246/1246
f 2640/1212/1212 2641/1213/1213 2674/1246/1246
f 2674/1246/1246 2641/1213/1213 2675/1247/1247
f 2641/1213/1213 2642/1214/1214 2675/1247/1247
f 2675/1247/1247 2642/1214/1214 2676/1248/1248
f 2642/1214/1214 2643/1215/1215 2676/1248/1248
f 2676/1248/1248 2643/1215/1215 2677/1249/1249
f 2643/1215/1215 2644/1216/1216 2677/1249/1249
f 2677/1249/1249 2644/1216/1216 2678/1250/1250
f 2644/1216/1216 2645/1217/1217 2678/1250/1250
f 2678/1250/1250 2645/1217/1217 2679/1251/1251
f 2645/1217/1217 2646/1218/1218 2679/1251/1251
f 2680/1252/1252 2647/1219/1219 2681/1253/1253
f 2647/1219/1219 2648/1220/1220 2681/1253/1253
f 2681/1253/1253 2648/1220/1220 2682/1254/1254
f 2648/1220/1220 2649/1221/1221 2682/1254/1254
f 2682/1254/1254 2649/1221/1221 2683/1255/1255
f 2649/1221/1221 2650/1222/1222 2683/1255/1255
f 2683/1255/1255 2650/1222/1222 2684/1256/1256
f 2650/1222/1222 2651/1223/1223 2684/1256/1256
f 2684/1256/1256 2651/1223/1223 2685/1257/1257
f 2651/1223/1223 2652/1224/1224 2685/1257/1257
f 2685/1257/1257 2652/1224/1224 2686/1258/1258
f 2652/1224/1224 2653/1225/1225 2686/1258/1258
f 2686/1258/1258 2653/1225/1225 2687/1259/1259
f 2653/1225/1225 2654/1226/1226 2687/1259/1259
f 2687/1259/1259 2654/1226/1226 2688/1260/1260
f 2654/1226/1226 2655/1227/1227 2688/1260/1260
f 2688/1260/1260 2655/1227/1227 2689/1261/1261
f 2655/1227/1227 2656/1228/1228 2689/1261/1261
f 2689/1261/1261 2656/1228/1228 2690/1262/1262
f 2656/1228/1228 2657/1229/1229 2690/1262/1262
f 2690/1262/1262 2657/1229/1229 2691/1263/1263
f 2657/1229/1229 2658/1230/1230 2691/1263/1263
f 2691/1263/1263 2658/1230/1230 2692/1264/1264
f 2658/1230/1230 2659/1231/1231 2692/1264/1264
f 2692/1264/1264 2659/1231/1231 2693/1265/1265
f 2659/1231/1231 2660/1232/1232 2693/1265/1265
f 2693/1265/1265 2660/1232/1232 2694/1266/1266
f 2660/1232/1232 2661/1233/1233 2694/1266/1266
f 2694/1266/1266 2661/1233/1233 2695/1267/1267
f 2661/1233/1233 2662/1234/1234 2695/1267/1267
f 2695/1267/1267 2662/1234/1234 2696/1268/1268
f 2662/1234/1234 2663/1235/1235 2696/1268/1268
f 2696/1268/1268 2663/1235/1235 2697/1269/1269
f 2663/1235/1235 2664/1236/1236 2697/1269/1269
f 2697/1269/1269 2664/1236/1236 2698/1270/1270
f 2664/1236/1236 2665/1237/1237 2698/1270/1270
f 2698/1270/1270 2665/1237/1237 2699/1271/1271
f 2665/1237/1237 2666/1238/1238 2699/1271/1271
f 2699/1271/1271 2666/1238/1238 2700/1272/1272
f 2666/1238/1238 2667/1239/1239 2700/1272/1272
f 2700/1272/1272 2667/1239/1239 2701/1273/1273
f 2667/1239/1239 2668/1240/1240 2701/1273/1273
f 2701/1273/1273 2668/1240/1240 2702/1274/1274
f 2668/1240/1240 2669/1241/1241 2702/1274/1274
f 2702/1274/1274 2669/1241/1241 2703/1275/1275
f 2669/1241/1241 2670/1242/1242 2703/1275/1275
f 2703/1275/1275 2670/1242/1242 2704/1276/1276
f 2670/1242/1242 2671/1243/1243 2704/1276/1276
f 2704/1276/1276 2671/1243/1243 2705/1277/1277
f 2671/1243/1243 2672/1244/1244 2705/1277/1277
f 2705/1277/1277 2672/1244/1244 2706/1278/1278
f 2672/1244/1244 2673/1245/1245 2706/1278/1278
f 2706/1278/1278 2673/1245/1245 2707/1279/1279
f 2673/1245/1245 2674/1246/1246 2707/1279/1279
f 2707/1279/1279 2674/1246/1246 2708/1280/1280
f 2674/1246/1246 2675/1247/1247 2708/1280/1280
f 2708/1280/1280 2675/1247/1247 2709/1281/1281
f 2675/1247/1247 2676/1248/1248 2709/1281/1281
f 2709/1281/1281 2676/1248/1248 2710/1282/1282
f 2676/1248/1248 2677/1249/1249 2710/1282/1282
f 2710/1282/1282 2677/1249/1249 2711/1283/1283
f 2677/1249/1249 2678/1250/1250 2711/1283/1283
f 2711/1283/1283 2678/1250/1250 2712/1284/1284
f 2678/1250/1250 2679/1251/1251 2712/1284/1284
o digestor_a_anillo_aristas
v 3.7753552436828612 3.5646446593105794 -2.9
v 3.7297135829925536 3.5646446593105794 -2.4365911722183227
v 3.7297135829925536 3.5646446593105794 -2.4365911722183227
v 3.5945421695709228 3.5646446593105794 -1.9909908413887023
v 3.5945421695709228 3.5646446593105794 -1.9909908413887023
v 3.375035786628723 3.56464465931058 -1.5803232431411742
v 3.375035786628723 3.56464465931058 -1.5803232431411742
v 3.079629921913147 3.56464465931058 -1.220370078086853
v 3.079629921913147 3.56464465931058 -1.220370078086853
v 2.7196767568588256 3.56464465931058 -0.9249642133712768
v 2.7196767568588256 3.56464465931058 -0.9249642133712768
v 2.3090091586112975 3.56464465931058 -0.7054578304290771
v 2.3090091586112975 3.56464465931058 -0.7054578304290771
v 1.8634088277816772 3.56464465931058 -0.5702864170074462
v 1.8634088277816772 3.56464465931058 -0.5702864170074462
v 1.4000000000000001 3.56464465931058 -0.5246447563171386
v 1.4000000000000001 3.56464465931058 -0.5246447563171386
v 0.9365911722183227 3.56464465931058 -0.5702864170074462
v 0.9365911722183227 3.56464465931058 -0.5702864170074462
v 0.4909908413887023 3.56464465931058 -0.7054578304290771
v 0.4909908413887023 3.56464465931058 -0.7054578304290771
v 0.08032324314117423 3.56464465931058 -0.9249642133712768
v 0.08032324314117423 3.56464465931058 -0.9249642133712768
v -0.27962992191314706 3.56464465931058 -1.220370078086853
v -0.27962992191314706 3.56464465931058 -1.220370078086853
v -0.5750357866287232 3.56464465931058 -1.5803232431411742
v -0.5750357866287232 3.56464465931058 -1.5803232431411742
v -0.7945421695709229 3.5646446593105794 -1.9909908413887023
v -0.7945421695709229 3.5646446593105794 -1.9909908413887023
v -0.9297135829925538 3.5646446593105794 -2.4365911722183227
v -0.9297135829925538 3.5646446593105794 -2.4365911722183227
v -0.9753552436828614 3.5646446593105794 -2.8999999999999995
v -0.9753552436828614 3.5646446593105794 -2.8999999999999995
v -0.9297135829925538 3.5646446593105794 -3.363408827781677
v -0.9297135829925538 3.5646446593105794 -3.363408827781677
v -0.7945421695709229 3.5646446593105794 -3.8090091586112975
v -0.7945421695709229 3.5646446593105794 -3.8090091586112975
v -0.5750357866287232 3.564644659310579 -4.219676756858826
v -0.5750357866287232 3.564644659310579 -4.219676756858826
v -0.27962992191314706 3.564644659310579 -4.579629921913147
v -0.27962992191314706 3.564644659310579 -4.579629921913147
v 0.08032324314117423 3.564644659310579 -4.8750357866287235
v 0.08032324314117423 3.564644659310579 -4.8750357866287235
v 0.4909908413887023 3.564644659310579 -5.094542169570923
v 0.4909908413887023 3.564644659310579 -5.094542169570923
v 0.9365911722183227 3.564644659310579 -5.229713582992554
v 0.9365911722183227 3.564644659310579 -5.229713582992554
v 1.3999999999999995 3.564644659310579 -5.275355243682862
v 1.3999999999999995 3.564644659310579 -5.275355243682862
v 1.8634088277816772 3.564644659310579 -5.229713582992554
v 1.8634088277816772 3.564644659310579 -5.229713582992554
v 2.3090091586112975 3.564644659310579 -5.094542169570923
v 2.3090091586112975 3.564644659310579 -5.094542169570923
v 2.7196767568588256 3.564644659310579 -4.8750357866287235
v 2.7196767568588256 3.564644659310579 -4.8750357866287235
v 3.079629921913147 3.564644659310579 -4.579629921913147
v 3.079629921913147 3.564644659310579 -4.579629921913147
v 3.375035786628723 3.564644659310579 -4.219676756858826
v 3.375035786628723 3.564644659310579 -4.219676756858826
v 3.5945421695709228 3.5646446593105794 -3.8090091586112975
v 3.5945421695709228 3.5646446593105794 -3.8090091586112975
v 3.7297135829925536 3.5646446593105794 -3.363408827781677
v 3.7297135829925536 3.5646446593105794 -3.363408827781677
v 3.7753552436828612 3.5646446593105794 -2.9000000000000004
v 3.7399999141693114 3.549999999254942 -2.9
v 3.695037508010864 3.549999999254942 -2.4434886515140533
v 3.695037508010864 3.549999999254942 -2.4434886515140533
v 3.5618781089782714 3.549999999254942 -2.004520797729492
v 3.5618781089782714 3.549999999254942 -2.004520797729492
v 3.34563889503479 3.5499999992549425 -1.5999655961990356
v 3.34563889503479 3.5499999992549425 -1.5999655961990356
v 3.0546298265457152 3.5499999992549425 -1.2453701734542846
v 3.0546298265457152 3.5499999992549425 -1.2453701734542846
v 2.7000344038009643 3.5499999992549425 -0.9543611049652099
v 2.7000344038009643 3.5499999992549425 -0.9543611049652099
v 2.2954792022705077 3.5499999992549425 -0.7381218910217284
v 2.2954792022705077 3.5499999992549425 -0.7381218910217284
v 1.8565113484859466 3.5499999992549425 -0.6049624919891357
v 1.8565113484859466 3.5499999992549425 -0.6049624919891357
v 1.4000000000000001 3.5499999992549425 -0.5600000858306884
v 1.4000000000000001 3.5499999992549425 -0.5600000858306884
v 0.9434886515140533 3.5499999992549425 -0.6049624919891357
v 0.9434886515140533 3.5499999992549425 -0.6049624919891357
v 0.5045207977294921 3.5499999992549425 -0.7381218910217284
v 0.5045207977294921 3.5499999992549425 -0.7381218910217284
v 0.09996559619903556 3.5499999992549425 -0.9543611049652099
v 0.09996559619903556 3.5499999992549425 -0.9543611049652099
v -0.2546298265457154 3.5499999992549425 -1.2453701734542846
v -0.2546298265457154 3.5499999992549425 -1.2453701734542846
v -0.5456388950347901 3.5499999992549425 -1.5999655961990356
v -0.5456388950347901 3.5499999992549425 -1.5999655961990356
v -0.7618781089782716 3.549999999254942 -2.004520797729492
v -0.7618781089782716 3.549999999254942 -2.004520797729492
v -0.8950375080108643 3.549999999254942 -2.4434886515140533
v -0.8950375080108643 3.549999999254942 -2.4434886515140533
v -0.9399999141693116 3.549999999254942 -2.8999999999999995
v -0.9399999141693116 3.549999999254942 -2.8999999999999995
v -0.8950375080108643 3.549999999254942 -3.3565113484859466
v -0.8950375080108643 3.549999999254942 -3.3565113484859466
v -0.7618781089782716 3.549999999254942 -3.7954792022705077
v -0.7618781089782716 3.549999999254942 -3.7954792022705077
v -0.5456388950347901 3.5499999992549416 -4.200034403800965
v -0.5456388950347901 3.5499999992549416 -4.200034403800965
v -0.2546298265457154 3.5499999992549416 -4.554629826545716
v -0.2546298265457154 3.5499999992549416 -4.554629826545716
v 0.09996559619903556 3.5499999992549416 -4.84563889503479
v 0.09996559619903556 3.5499999992549416 -4.84563889503479
v 0.5045207977294921 3.5499999992549416 -5.061878108978272
v 0.5045207977294921 3.5499999992549416 -5.061878108978272
v 0.9434886515140533 3.5499999992549416 -5.195037508010865
v 0.9434886515140533 3.5499999992549416 -5.195037508010865
v 1.3999999999999995 3.5499999992549416 -5.239999914169312
v 1.3999999999999995 3.5499999992549416 -5.239999914169312
v 1.8565113484859466 3.5499999992549416 -5.195037508010865
v 1.8565113484859466 3.5499999992549416 -5.195037508010865
v 2.2954792022705077 3.5499999992549416 -5.061878108978272
v 2.2954792022705077 3.5499999992549416 -5.061878108978272
v 2.7000344038009643 3.5499999992549416 -4.84563889503479
v 2.7000344038009643 3.5499999992549416 -4.84563889503479
v 3.0546298265457152 3.5499999992549416 -4.554629826545716
v 3.0546298265457152 3.5499999992549416 -4.554629826545716
v 3.34563889503479 3.5499999992549416 -4.200034403800965
v 3.34563889503479 3.5499999992549416 -4.200034403800965
v 3.5618781089782714 3.549999999254942 -3.7954792022705077
v 3.5618781089782714 3.549999999254942 -3.7954792022705077
v 3.695037508010864 3.549999999254942 -3.3565113484859466
v 3.695037508010864 3.549999999254942 -3.3565113484859466
v 3.7399999141693114 3.549999999254942 -2.9000000000000004
v 3.7046445846557616 3.5646446593105794 -2.9
v 3.660361671447754 3.5646446593105794 -2.450386130809784
v 3.660361671447754 3.5646446593105794 -2.450386130809784
v 3.52921404838562 3.5646446593105794 -2.018050694465637
v 3.52921404838562 3.5646446593105794 -2.018050694465637
v 3.316242003440857 3.56464465931058 -1.6196080684661864
v 3.316242003440857 3.56464465931058 -1.6196080684661864
v 3.029629850387573 3.56464465931058 -1.2703701496124267
v 3.029629850387573 3.56464465931058 -1.2703701496124267
v 2.6803919315338134 3.56464465931058 -0.983757996559143
v 2.6803919315338134 3.56464465931058 -0.983757996559143
v 2.2819493055343627 3.56464465931058 -0.7707859516143798
v 2.2819493055343627 3.56464465931058 -0.7707859516143798
v 1.849613869190216 3.56464465931058 -0.639638328552246
v 1.849613869190216 3.56464465931058 -0.639638328552246
v 1.4000000000000001 3.56464465931058 -0.5953554153442382
v 1.4000000000000001 3.56464465931058 -0.5953554153442382
v 0.9503861308097838 3.56464465931058 -0.639638328552246
v 0.9503861308097838 3.56464465931058 -0.639638328552246
v 0.5180506944656371 3.56464465931058 -0.7707859516143798
v 0.5180506944656371 3.56464465931058 -0.7707859516143798
v 0.11960806846618643 3.56464465931058 -0.983757996559143
v 0.11960806846618643 3.56464465931058 -0.983757996559143
v -0.22962985038757333 3.56464465931058 -1.2703701496124267
v -0.22962985038757333 3.56464465931058 -1.2703701496124267
v -0.516242003440857 3.56464465931058 -1.6196080684661864
v -0.516242003440857 3.56464465931058 -1.6196080684661864
v -0.7292140483856202 3.5646446593105794 -2.018050694465637
v -0.7292140483856202 3.5646446593105794 -2.018050694465637
v -0.860361671447754 3.5646446593105794 -2.450386130809784
v -0.860361671447754 3.5646446593105794 -2.450386130809784
v -0.9046445846557618 3.5646446593105794 -2.8999999999999995
v -0.9046445846557618 3.5646446593105794 -2.8999999999999995
v -0.860361671447754 3.5646446593105794 -3.349613869190216
v -0.860361671447754 3.5646446593105794 -3.349613869190216
v -0.7292140483856202 3.5646446593105794 -3.7819493055343627
v -0.7292140483856202 3.5646446593105794 -3.7819493055343627
v -0.516242003440857 3.564644659310579 -4.180391931533814
v -0.516242003440857 3.564644659310579 -4.180391931533814
v -0.22962985038757333 3.564644659310579 -4.529629850387574
v -0.22962985038757333 3.564644659310579 -4.529629850387574
v 0.11960806846618643 3.564644659310579 -4.816242003440857
v 0.11960806846618643 3.564644659310579 -4.816242003440857
v 0.5180506944656371 3.564644659310579 -5.0292140483856205
v 0.5180506944656371 3.564644659310579 -5.0292140483856205
v 0.9503861308097838 3.564644659310579 -5.160361671447754
v 0.9503861308097838 3.564644659310579 -5.160361671447754
v 1.3999999999999995 3.564644659310579 -5.204644584655762
v 1.3999999999999995 3.564644659310579 -5.204644584655762
v 1.849613869190216 3.564644659310579 -5.160361671447754
v 1.849613869190216 3.564644659310579 -5.160361671447754
v 2.2819493055343627 3.564644659310579 -5.0292140483856205
v 2.2819493055343627 3.564644659310579 -5.0292140483856205
v 2.6803919315338134 3.564644659310579 -4.816242003440857
v 2.6803919315338134 3.564644659310579 -4.816242003440857
v 3.029629850387573 3.564644659310579 -4.529629850387574
v 3.029629850387573 3.564644659310579 -4.529629850387574
v 3.316242003440857 3.564644659310579 -4.180391931533814
v 3.316242003440857 3.564644659310579 -4.180391931533814
v 3.52921404838562 3.5646446593105794 -3.7819493055343627
v 3.52921404838562 3.5646446593105794 -3.7819493055343627
v 3.660361671447754 3.5646446593105794 -3.349613869190216
v 3.660361671447754 3.5646446593105794 -3.349613869190216
v 3.7046445846557616 3.5646446593105794 -2.9000000000000004
v 3.6899999618530273 3.6 -2.9
v 3.6459983825683593 3.6 -2.4532431602478026
v 3.6459983825683593 3.6 -2.4532431602478026
v 3.5156840324401855 3.6 -2.0236549615859984
v 3.5156840324401855 3.6 -2.0236549615859984
v 3.3040653705596923 3.6000000000000005 -1.6277442216873168
v 3.3040653705596923 3.6000000000000005 -1.6277442216873168
v 3.0192744970321654 3.6000000000000005 -1.2807255029678344
v 3.0192744970321654 3.6000000000000005 -1.2807255029678344
v 2.672255778312683 3.6000000000000005 -0.9959346294403075
v 2.672255778312683 3.6000000000000005 -0.9959346294403075
v 2.2763450384140014 3.6000000000000005 -0.7843159675598144
v 2.2763450384140014 3.6000000000000005 -0.7843159675598144
v 1.8467568397521972 3.6000000000000005 -0.6540016174316405
v 1.8467568397521972 3.6000000000000005 -0.6540016174316405
v 1.4000000000000001 3.6000000000000005 -0.6100000381469726
v 1.4000000000000001 3.6000000000000005 -0.6100000381469726
v 0.9532431602478026 3.6000000000000005 -0.6540016174316405
v 0.9532431602478026 3.6000000000000005 -0.6540016174316405
v 0.5236549615859984 3.6000000000000005 -0.7843159675598144
v 0.5236549615859984 3.6000000000000005 -0.7843159675598144
v 0.1277442216873168 3.6000000000000005 -0.9959346294403075
v 0.1277442216873168 3.6000000000000005 -0.9959346294403075
v -0.21927449703216562 3.6000000000000005 -1.2807255029678344
v -0.21927449703216562 3.6000000000000005 -1.2807255029678344
v -0.5040653705596925 3.6000000000000005 -1.6277442216873168
v -0.5040653705596925 3.6000000000000005 -1.6277442216873168
v -0.7156840324401856 3.6 -2.0236549615859984
v -0.7156840324401856 3.6 -2.0236549615859984
v -0.8459983825683595 3.6 -2.4532431602478026
v -0.8459983825683595 3.6 -2.4532431602478026
v -0.8899999618530274 3.6 -2.8999999999999995
v -0.8899999618530274 3.6 -2.8999999999999995
v -0.8459983825683595 3.6 -3.346756839752197
v -0.8459983825683595 3.6 -3.346756839752197
v -0.7156840324401856 3.6 -3.7763450384140014
v -0.7156840324401856 3.6 -3.7763450384140014
v -0.5040653705596925 3.5999999999999996 -4.1722557783126835
v -0.5040653705596925 3.5999999999999996 -4.1722557783126835
v -0.21927449703216562 3.5999999999999996 -4.519274497032166
v -0.21927449703216562 3.5999999999999996 -4.519274497032166
v 0.1277442216873168 3.5999999999999996 -4.804065370559693
v 0.1277442216873168 3.5999999999999996 -4.804065370559693
v 0.5236549615859984 3.5999999999999996 -5.015684032440186
v 0.5236549615859984 3.5999999999999996 -5.015684032440186
v 0.9532431602478026 3.5999999999999996 -5.14599838256836
v 0.9532431602478026 3.5999999999999996 -5.14599838256836
v 1.3999999999999995 3.5999999999999996 -5.189999961853028
v 1.3999999999999995 3.5999999999999996 -5.189999961853028
v 1.8467568397521972 3.5999999999999996 -5.14599838256836
v 1.8467568397521972 3.5999999999999996 -5.14599838256836
v 2.2763450384140014 3.5999999999999996 -5.015684032440186
v 2.2763450384140014 3.5999999999999996 -5.015684032440186
v 2.672255778312683 3.5999999999999996 -4.804065370559693
v 2.672255778312683 3.5999999999999996 -4.804065370559693
v 3.0192744970321654 3.5999999999999996 -4.519274497032166
v 3.0192744970321654 3.5999999999999996 -4.519274497032166
v 3.3040653705596923 3.5999999999999996 -4.1722557783126835
v 3.3040653705596923 3.5999999999999996 -4.1722557783126835
v 3.5156840324401855 3.6 -3.7763450384140014
v 3.5156840324401855 3.6 -3.7763450384140014
v 3.6459983825683593 3.6 -3.346756839752197
v 3.6459983825683593 3.6 -3.346756839752197
v 3.6899999618530273 3.6 -2.9000000000000004
v 3.7046445846557616 3.635355340689421 -2.9
v 3.660361671447754 3.635355340689421 -2.450386130809784
v 3.660361671447754 3.635355340689421 -2.450386130809784
v 3.52921404838562 3.635355340689421 -2.018050694465637
v 3.52921404838562 3.635355340689421 -2.018050694465637
v 3.316242003440857 3.6353553406894212 -1.6196080684661864
v 3.316242003440857 3.6353553406894212 -1.6196080684661864
v 3.029629850387573 3.6353553406894212 -1.2703701496124267
v 3.029629850387573 3.6353553406894212 -1.2703701496124267
v 2.6803919315338134 3.6353553406894212 -0.983757996559143
v 2.6803919315338134 3.6353553406894212 -0.983757996559143
v 2.2819493055343627 3.6353553406894212 -0.7707859516143798
v 2.2819493055343627 3.6353553406894212 -0.7707859516143798
v 1.849613869190216 3.6353553406894212 -0.639638328552246
v 1.849613869190216 3.6353553406894212 -0.639638328552246
v 1.4000000000000001 3.6353553406894212 -0.5953554153442382
v 1.4000000000000001 3.6353553406894212 -0.5953554153442382
v 0.9503861308097838 3.6353553406894212 -0.639638328552246
v 0.9503861308097838 3.6353553406894212 -0.639638328552246
v 0.5180506944656371 3.6353553406894212 -0.7707859516143798
v 0.5180506944656371 3.6353553406894212 -0.7707859516143798
v 0.11960806846618643 3.6353553406894212 -0.983757996559143
v 0.11960806846618643 3.6353553406894212 -0.983757996559143
v -0.22962985038757333 3.6353553406894212 -1.2703701496124267
v -0.22962985038757333 3.6353553406894212 -1.2703701496124267
v -0.516242003440857 3.6353553406894212 -1.6196080684661864
v -0.516242003440857 3.6353553406894212 -1.6196080684661864
v -0.7292140483856202 3.635355340689421 -2.018050694465637
v -0.7292140483856202 3.635355340689421 -2.018050694465637
v -0.860361671447754 3.635355340689421 -2.450386130809784
v -0.860361671447754 3.635355340689421 -2.450386130809784
v -0.9046445846557618 3.635355340689421 -2.8999999999999995
v -0.9046445846557618 3.635355340689421 -2.8999999999999995
v -0.860361671447754 3.635355340689421 -3.349613869190216
v -0.860361671447754 3.635355340689421 -3.349613869190216
v -0.7292140483856202 3.635355340689421 -3.7819493055343627
v -0.7292140483856202 3.635355340689421 -3.7819493055343627
v -0.516242003440857 3.6353553406894203 -4.180391931533814
v -0.516242003440857 3.6353553406894203 -4.180391931533814
v -0.22962985038757333 3.6353553406894203 -4.529629850387574
v -0.22962985038757333 3.6353553406894203 -4.529629850387574
v 0.11960806846618643 3.6353553406894203 -4.816242003440857
v 0.11960806846618643 3.6353553406894203 -4.816242003440857
v 0.5180506944656371 3.6353553406894203 -5.0292140483856205
v 0.5180506944656371 3.6353553406894203 -5.0292140483856205
v 0.9503861308097838 3.6353553406894203 -5.160361671447754
v 0.9503861308097838 3.6353553406894203 -5.160361671447754
v 1.3999999999999995 3.6353553406894203 -5.204644584655762
v 1.3999999999999995 3.6353553406894203 -5.204644584655762
v 1.849613869190216 3.6353553406894203 -5.160361671447754
v 1.849613869190216 3.6353553406894203 -5.160361671447754
v 2.2819493055343627 3.6353553406894203 -5.0292140483856205
v 2.2819493055343627 3.6353553406894203 -5.0292140483856205
v 2.6803919315338134 3.6353553406894203 -4.816242003440857
v 2.6803919315338134 3.6353553406894203 -4.816242003440857
v 3.029629850387573 3.6353553406894203 -4.529629850387574
v 3.029629850387573 3.6353553406894203 -4.529629850387574
v 3.316242003440857 3.6353553406894203 -4.180391931533814
v 3.316242003440857 3.6353553406894203 -4.180391931533814
v 3.52921404838562 3.635355340689421 -3.7819493055343627
v 3.52921404838562 3.635355340689421 -3.7819493055343627
v 3.660361671447754 3.635355340689421 -3.349613869190216
v 3.660361671447754 3.635355340689421 -3.349613869190216
v 3.7046445846557616 3.635355340689421 -2.9000000000000004
v 3.7399999141693114 3.650000000745058 -2.9
v 3.695037508010864 3.650000000745058 -2.4434886515140533
v 3.695037508010864 3.650000000745058 -2.4434886515140533
v 3.5618781089782714 3.650000000745058 -2.004520797729492
v 3.5618781089782714 3.650000000745058 -2.004520797729492
v 3.34563889503479 3.6500000007450586 -1.5999655961990356
v 3.34563889503479 3.6500000007450586 -1.5999655961990356
v 3.0546298265457152 3.6500000007450586 -1.2453701734542846
v 3.0546298265457152 3.6500000007450586 -1.2453701734542846
v 2.7000344038009643 3.6500000007450586 -0.9543611049652099
v 2.7000344038009643 3.6500000007450586 -0.9543611049652099
v 2.2954792022705077 3.6500000007450586 -0.7381218910217284
v 2.2954792022705077 3.6500000007450586 -0.7381218910217284
v 1.8565113484859466 3.6500000007450586 -0.6049624919891357
v 1.8565113484859466 3.6500000007450586 -0.6049624919891357
v 1.4000000000000001 3.6500000007450586 -0.5600000858306884
v 1.4000000000000001 3.6500000007450586 -0.5600000858306884
v 0.9434886515140533 3.6500000007450586 -0.6049624919891357
v 0.9434886515140533 3.6500000007450586 -0.6049624919891357
v 0.5045207977294921 3.6500000007450586 -0.7381218910217284
v 0.5045207977294921 3.6500000007450586 -0.7381218910217284
v 0.09996559619903556 3.6500000007450586 -0.9543611049652099
v 0.09996559619903556 3.6500000007450586 -0.9543611049652099
v -0.2546298265457154 3.6500000007450586 -1.2453701734542846
v -0.2546298265457154 3.6500000007450586 -1.2453701734542846
v -0.5456388950347901 3.6500000007450586 -1.5999655961990356
v -0.5456388950347901 3.6500000007450586 -1.5999655961990356
v -0.7618781089782716 3.650000000745058 -2.004520797729492
v -0.7618781089782716 3.650000000745058 -2.004520797729492
v -0.8950375080108643 3.650000000745058 -2.4434886515140533
v -0.8950375080108643 3.650000000745058 -2.4434886515140533
v -0.9399999141693116 3.650000000745058 -2.8999999999999995
v -0.9399999141693116 3.650000000745058 -2.8999999999999995
v -0.8950375080108643 3.650000000745058 -3.3565113484859466
v -0.8950375080108643 3.650000000745058 -3.3565113484859466
v -0.7618781089782716 3.650000000745058 -3.7954792022705077
v -0.7618781089782716 3.650000000745058 -3.7954792022705077
v -0.5456388950347901 3.6500000007450577 -4.200034403800965
v -0.5456388950347901 3.6500000007450577 -4.200034403800965
v -0.2546298265457154 3.6500000007450577 -4.554629826545716
v -0.2546298265457154 3.6500000007450577 -4.554629826545716
v 0.09996559619903556 3.6500000007450577 -4.84563889503479
v 0.09996559619903556 3.6500000007450577 -4.84563889503479
v 0.5045207977294921 3.6500000007450577 -5.061878108978272
v 0.5045207977294921 3.6500000007450577 -5.061878108978272
v 0.9434886515140533 3.6500000007450577 -5.195037508010865
v 0.9434886515140533 3.6500000007450577 -5.195037508010865
v 1.3999999999999995 3.6500000007450577 -5.239999914169312
v 1.3999999999999995 3.6500000007450577 -5.239999914169312
v 1.8565113484859466 3.6500000007450577 -5.195037508010865
v 1.8565113484859466 3.6500000007450577 -5.195037508010865
v 2.2954792022705077 3.6500000007450577 -5.061878108978272
v 2.2954792022705077 3.6500000007450577 -5.061878108978272
v 2.7000344038009643 3.6500000007450577 -4.84563889503479
v 2.7000344038009643 3.6500000007450577 -4.84563889503479
v 3.0546298265457152 3.6500000007450577 -4.554629826545716
v 3.0546298265457152 3.6500000007450577 -4.554629826545716
v 3.34563889503479 3.6500000007450577 -4.200034403800965
v 3.34563889503479 3.6500000007450577 -4.200034403800965
v 3.5618781089782714 3.650000000745058 -3.7954792022705077
v 3.5618781089782714 3.650000000745058 -3.7954792022705077
v 3.695037508010864 3.650000000745058 -3.3565113484859466
v 3.695037508010864 3.650000000745058 -3.3565113484859466
v 3.7399999141693114 3.650000000745058 -2.9000000000000004
v 3.744076871871948 3.6 -2.433734142780304
v 3.7900001049041747 3.6 -2.9
v 3.7753552436828612 3.635355340689421 -2.9
v 3.7297135829925536 3.635355340689421 -2.4365911722183227
v 3.6080721855163573 3.6 -1.985386574268341
v 3.744076871871948 3.6 -2.433734142780304
v 3.7297135829925536 3.635355340689421 -2.4365911722183227
v 3.5945421695709228 3.635355340689421 -1.9909908413887023
v 3.3872124195098876 3.6000000000000005 -1.5721870899200439
v 3.6080721855163573 3.6 -1.985386574268341
v 3.5945421695709228 3.635355340689421 -1.9909908413887023
v 3.375035786628723 3.6353553406894212 -1.5803232431411742
v 3.089985156059265 3.6000000000000005 -1.2100148439407348
v 3.3872124195098876 3.6000000000000005 -1.5721870899200439
v 3.375035786628723 3.6353553406894212 -1.5803232431411742
v 3.079629921913147 3.6353553406894212 -1.220370078086853
v 2.727812910079956 3.6000000000000005 -0.9127875804901122
v 3.089985156059265 3.6000000000000005 -1.2100148439407348
v 3.079629921913147 3.6353553406894212 -1.220370078086853
v 2.7196767568588256 3.6353553406894212 -0.9249642133712768
v 2.314613425731659 3.6000000000000005 -0.6919278144836425
v 2.727812910079956 3.6000000000000005 -0.9127875804901122
v 2.7196767568588256 3.6353553406894212 -0.9249642133712768
v 2.3090091586112975 3.6353553406894212 -0.7054578304290771
v 1.866265857219696 3.6000000000000005 -0.5559231281280517
v 2.314613425731659 3.6000000000000005 -0.6919278144836425
v 2.3090091586112975 3.6353553406894212 -0.7054578304290771
v 1.8634088277816772 3.6353553406894212 -0.5702864170074462
v 1.4000000000000001 3.6000000000000005 -0.5099998950958251
v 1.866265857219696 3.6000000000000005 -0.5559231281280517
v 1.8634088277816772 3.6353553406894212 -0.5702864170074462
v 1.4000000000000001 3.6353553406894212 -0.5246447563171386
v 0.9337341427803039 3.6000000000000005 -0.5559231281280517
v 1.4000000000000001 3.6000000000000005 -0.5099998950958251
v 1.4000000000000001 3.6353553406894212 -0.5246447563171386
v 0.9365911722183227 3.6353553406894212 -0.5702864170074462
v 0.485386574268341 3.6000000000000005 -0.6919278144836425
v 0.9337341427803039 3.6000000000000005 -0.5559231281280517
v 0.9365911722183227 3.6353553406894212 -0.5702864170074462
v 0.4909908413887023 3.6353553406894212 -0.7054578304290771
v 0.07218708992004386 3.6000000000000005 -0.9127875804901122
v 0.485386574268341 3.6000000000000005 -0.6919278144836425
v 0.4909908413887023 3.6353553406894212 -0.7054578304290771
v 0.08032324314117423 3.6353553406894212 -0.9249642133712768
v -0.2899851560592652 3.6000000000000005 -1.2100148439407348
v 0.07218708992004386 3.6000000000000005 -0.9127875804901122
v 0.08032324314117423 3.6353553406894212 -0.9249642133712768
v -0.27962992191314706 3.6353553406894212 -1.220370078086853
v -0.5872124195098878 3.6000000000000005 -1.5721870899200439
v -0.2899851560592652 3.6000000000000005 -1.2100148439407348
v -0.27962992191314706 3.6353553406894212 -1.220370078086853
v -0.5750357866287232 3.6353553406894212 -1.5803232431411742
v -0.8080721855163575 3.6 -1.985386574268341
v -0.5872124195098878 3.6000000000000005 -1.5721870899200439
v -0.5750357866287232 3.6353553406894212 -1.5803232431411742
v -0.7945421695709229 3.635355340689421 -1.9909908413887023
v -0.9440768718719483 3.6 -2.433734142780304
v -0.8080721855163575 3.6 -1.985386574268341
v -0.7945421695709229 3.635355340689421 -1.9909908413887023
v -0.9297135829925538 3.635355340689421 -2.4365911722183227
v -0.9900001049041749 3.6 -2.8999999999999995
v -0.9440768718719483 3.6 -2.433734142780304
v -0.9297135829925538 3.635355340689421 -2.4365911722183227
v -0.9753552436828614 3.635355340689421 -2.8999999999999995
v -0.9440768718719483 3.6 -3.366265857219696
v -0.9900001049041749 3.6 -2.8999999999999995
v -0.9753552436828614 3.635355340689421 -2.8999999999999995
v -0.9297135829925538 3.635355340689421 -3.363408827781677
v -0.8080721855163575 3.6 -3.814613425731659
v -0.9440768718719483 3.6 -3.366265857219696
v -0.9297135829925538 3.635355340689421 -3.363408827781677
v -0.7945421695709229 3.635355340689421 -3.8090091586112975
v -0.5872124195098878 3.5999999999999996 -4.227812910079956
v -0.8080721855163575 3.6 -3.814613425731659
v -0.7945421695709229 3.635355340689421 -3.8090091586112975
v -0.5750357866287232 3.6353553406894203 -4.219676756858826
v -0.2899851560592652 3.5999999999999996 -4.5899851560592655
v -0.5872124195098878 3.5999999999999996 -4.227812910079956
v -0.5750357866287232 3.6353553406894203 -4.219676756858826
v -0.27962992191314706 3.6353553406894203 -4.579629921913147
v 0.07218708992004386 3.5999999999999996 -4.887212419509888
v -0.2899851560592652 3.5999999999999996 -4.5899851560592655
v -0.27962992191314706 3.6353553406894203 -4.579629921913147
v 0.08032324314117423 3.6353553406894203 -4.8750357866287235
v 0.485386574268341 3.5999999999999996 -5.108072185516358
v 0.07218708992004386 3.5999999999999996 -4.887212419509888
v 0.08032324314117423 3.6353553406894203 -4.8750357866287235
v 0.4909908413887023 3.6353553406894203 -5.094542169570923
v 0.9337341427803039 3.5999999999999996 -5.244076871871949
v 0.485386574268341 3.5999999999999996 -5.108072185516358
v 0.4909908413887023 3.6353553406894203 -5.094542169570923
v 0.9365911722183227 3.6353553406894203 -5.229713582992554
v 1.3999999999999995 3.5999999999999996 -5.290000104904175
v 0.9337341427803039 3.5999999999999996 -5.244076871871949
v 0.9365911722183227 3.6353553406894203 -5.229713582992554
v 1.3999999999999995 3.6353553406894203 -5.275355243682862
v 1.866265857219696 3.5999999999999996 -5.244076871871949
v 1.3999999999999995 3.5999999999999996 -5.290000104904175
v 1.3999999999999995 3.6353553406894203 -5.275355243682862
v 1.8634088277816772 3.6353553406894203 -5.229713582992554
v 2.314613425731659 3.5999999999999996 -5.108072185516358
v 1.866265857219696 3.5999999999999996 -5.244076871871949
v 1.8634088277816772 3.6353553406894203 -5.229713582992554
v 2.3090091586112975 3.6353553406894203 -5.094542169570923
v 2.727812910079956 3.5999999999999996 -4.887212419509888
v 2.314613425731659 3.5999999999999996 -5.108072185516358
v 2.3090091586112975 3.6353553406894203 -5.094542169570923
v 2.7196767568588256 3.6353553406894203 -4.8750357866287235
v 3.089985156059265 3.5999999999999996 -4.5899851560592655
v 2.727812910079956 3.5999999999999996 -4.887212419509888
v 2.7196767568588256 3.6353553406894203 -4.8750357866287235
v 3.079629921913147 3.6353553406894203 -4.579629921913147
v 3.3872124195098876 3.5999999999999996 -4.227812910079956
v 3.089985156059265 3.5999999999999996 -4.5899851560592655
v 3.079629921913147 3.6353553406894203 -4.579629921913147
v 3.375035786628723 3.6353553406894203 -4.219676756858826
v 3.6080721855163573 3.6 -3.814613425731659
v 3.3872124195098876 3.5999999999999996 -4.227812910079956
v 3.375035786628723 3.6353553406894203 -4.219676756858826
v 3.5945421695709228 3.635355340689421 -3.8090091586112975
v 3.744076871871948 3.6 -3.366265857219696
v 3.6080721855163573 3.6 -3.814613425731659
v 3.5945421695709228 3.635355340689421 -3.8090091586112975
v 3.7297135829925536 3.635355340689421 -3.363408827781677
v 3.7900001049041747 3.6 -2.9000000000000004
v 3.744076871871948 3.6 -3.366265857219696
v 3.7297135829925536 3.635355340689421 -3.363408827781677
v 3.7753552436828612 3.635355340689421 -2.9000000000000004
l 2713 2714
l 2715 2716
l 2717 2718
l 2719 2720
l 2721 2722
l 2723 2724
l 2725 2726
l 2727 2728
l 2729 2730
l 2731 2732
l 2733 2734
l 2735 2736
l 2737 2738
l 2739 2740
l 2741 2742
l 2743 2744
l 2745 2746
l 2747 2748
l 2749 2750
l 2751 2752
l 2753 2754
l 2755 2756
l 2757 2758
l 2759 2760
l 2761 2762
l 2763 2764
l 2765 2766
l 2767 2768
l 2769 2770
l 2771 2772
l 2773 2774
l 2775 2776
l 2777 2778
l 2779 2780
l 2781 2782
l 2783 2784
l 2785 2786
l 2787 2788
l 2789 2790
l 2791 2792
l 2793 2794
l 2795 2796
l 2797 2798
l 2799 2800
l 2801 2802
l 2803 2804
l 2805 2806
l 2807 2808
l 2809 2810
l 2811 2812
l 2813 2814
l 2815 2816
l 2817 2818
l 2819 2820
l 2821 2822
l 2823 2824
l 2825 2826
l 2827 2828
l 2829 2830
l 2831 2832
l 2833 2834
l 2835 2836
l 2837 2838
l 2839 2840
l 2841 2842
l 2843 2844
l 2845 2846
l 2847 2848
l 2849 2850
l 2851 2852
l 2853 2854
l 2855 2856
l 2857 2858
l 2859 2860
l 2861 2862
l 2863 2864
l 2865 2866
l 2867 2868
l 2869 2870
l 2871 2872
l 2873 2874
l 2875 2876
l 2877 2878
l 2879 2880
l 2881 2882
l 2883 2884
l 2885 2886
l 2887 2888
l 2889 2890
l 2891 2892
l 2893 2894
l 2895 2896
l 2897 2898
l 2899 2900
l 2901 2902
l 2903 2904
l 2905 2906
l 2907 2908
l 2909 2910
l 2911 2912
l 2913 2914
l 2915 2916
l 2917 2918
l 2919 2920
l 2921 2922
l 2923 2924
l 2925 2926
l 2927 2928
l 2929 2930
l 2931 2932
l 2933 2934
l 2935 2936
l 2937 2938
l 2939 2940
l 2941 2942
l 2943 2944
l 2945 2946
l 2947 2948
l 2949 2950
l 2951 2952
l 2953 2954
l 2955 2956
l 2957 2958
l 2959 2960
l 2961 2962
l 2963 2964
l 2965 2966
l 2967 2968
l 2969 2970
l 2971 2972
l 2973 2974
l 2975 2976
l 2977 2978
l 2979 2980
l 2981 2982
l 2983 2984
l 2985 2986
l 2987 2988
l 2989 2990
l 2991 2992
l 2993 2994
l 2995 2996
l 2997 2998
l 2999 3000
l 3001 3002
l 3003 3004
l 3005 3006
l 3007 3008
l 3009 3010
l 3011 3012
l 3013 3014
l 3015 3016
l 3017 3018
l 3019 3020
l 3021 3022
l 3023 3024
l 3025 3026
l 3027 3028
l 3029 3030
l 3031 3032
l 3033 3034
l 3035 3036
l 3037 3038
l 3039 3040
l 3041 3042
l 3043 3044
l 3045 3046
l 3047 3048
l 3049 3050
l 3051 3052
l 3053 3054
l 3055 3056
l 3057 3058
l 3059 3060
l 3061 3062
l 3063 3064
l 3065 3066
l 3067 3068
l 3069 3070
l 3071 3072
l 3073 3074
l 3075 3076
l 3077 3078
l 3079 3080
l 3081 3082
l 3083 3084
l 3085 3086
l 3087 3088
l 3089 3090
l 3091 3092
l 3093 3094
l 3095 3096
l 3097 3098
l 3099 3100
l 3101 3102
l 3103 3104
l 3105 3106
l 3107 3108
l 3109 3110
l 3111 3112
l 3113 3114
l 3115 3116
l 3117 3118
l 3119 3120
l 3121 3122
l 3123 3124
l 3125 3126
l 3127 3128
l 3129 3130
l 3131 3132
l 3133 3134
l 3135 3136
l 3137 3138
l 3139 3140
l 3141 3142
l 3143 3144
l 3145 3146
l 3147 3148
l 3149 3150
l 3151 3152
l 3153 3154
l 3155 3156
l 3157 3158
l 3159 3160
l 3161 3162
l 3163 3164
l 3165 3166
l 3167 3168
l 3169 3170
l 3171 3172
l 3173 3174
l 3175 3176
l 3177 3178
l 3179 3180
l 3181 3182
l 3183 3184
l 3185 3186
l 3187 3188
l 3189 3190
l 3191 3192
l 3193 3194
l 3195 3196
l 3197 3198
l 3199 3200
l 3201 3202
l 3203 3204
l 3205 3206
l 3207 3208
l 3209 3210
l 3211 3212
l 3213 3214
l 3215 3216
l 3217 3218
l 3219 3220
l 3221 3222
l 3223 3224
o sensor
usemtl lima_solido
v -0.9199999999999999 2.9900000035762786 -2.9
v -0.9199999999999999 2.9900000035762786 -2.9
v -0.9199999999999999 2.9900000035762786 -2.9
v -0.9199999999999999 2.9900000035762786 -2.9
v -0.9199999999999999 2.9900000035762786 -2.9
v -0.9199999999999999 2.9900000035762786 -2.9
v -0.9199999999999999 2.9900000035762786 -2.9
v -0.9199999999999999 2.9900000035762786 -2.9
v -0.9199999999999999 2.9900000035762786 -2.9
v -0.9199999999999999 2.9900000035762786 -2.9
v -0.9199999999999999 2.9900000035762786 -2.9
v -0.9544415083527564 2.983149157464504 -2.9
v -0.9478637651354074 2.983149157464504 -2.879755789041519
v -0.9306430118903517 2.983149157464504 -2.867244178056717
v -0.9093569881096482 2.983149157464504 -2.867244178056717
v -0.8921362348645925 2.983149157464504 -2.879755789041519
v -0.8855584916472434 2.983149157464504 -2.9
v -0.8921362348645925 2.983149157464504 -2.9202442109584807
v -0.9093569881096482 2.983149157464504 -2.932755821943283
v -0.9306430118903517 2.983149157464504 -2.932755821943283
v -0.9478637651354074 2.983149157464504 -2.9202442109584807
v -0.9544415083527564 2.983149157464504 -2.9
v -0.983639611005783 2.963639611005783 -2.9
v -0.971485527306795 2.963639611005783 -2.862593574076891
v -0.9396657218039035 2.963639611005783 -2.8394751340150832
v -0.9003342781960963 2.963639611005783 -2.8394751340150832
v -0.8685144726932048 2.963639611005783 -2.862593574076891
v -0.8563603889942168 2.963639611005783 -2.9
v -0.8685144726932048 2.963639611005783 -2.937406425923109
v -0.9003342781960963 2.963639611005783 -2.9605248659849166
v -0.9396657218039035 2.963639611005783 -2.9605248659849166
v -0.971485527306795 2.963639611005783 -2.937406425923109
v -0.983639611005783 2.963639611005783 -2.9
v -1.0031491574645042 2.9344415083527564 -2.9
v -0.9872690793871879 2.9344415083527564 -2.8511261507868766
v -0.9456945025175809 2.9344415083527564 -2.820920453965664
v -0.8943054974824189 2.9344415083527564 -2.820920453965664
v -0.852730920612812 2.9344415083527564 -2.8511261507868766
v -0.8368508425354957 2.9344415083527564 -2.9
v -0.852730920612812 2.9344415083527564 -2.9488738492131232
v -0.8943054974824189 2.9344415083527564 -2.979079546034336
v -0.9456945025175809 2.9344415083527564 -2.979079546034336
v -0.9872690793871879 2.9344415083527564 -2.9488738492131232
v -1.0031491574645042 2.9344415083527564 -2.9
v -1.0100000035762786 2.9 -2.9
v -0.9928115290403365 2.9 -2.8470993280410766
v -0.9478115291148423 2.9 -2.8144049137830733
v -0.8921884708851575 2.9 -2.8144049137830733
v -0.8471884709596633 2.9 -2.8470993280410766
v -0.8299999964237212 2.9 -2.9
v -0.8471884709596633 2.9 -2.9529006719589233
v -0.8921884708851575 2.9 -2.9855950862169265
v -0.9478115291148423 2.9 -2.9855950862169265
v -0.9928115290403365 2.9 -2.9529006719589233
v -1.0100000035762786 2.9 -2.9
v -1.0031491574645042 2.8655584916472434 -2.9
v -0.9872690793871879 2.8655584916472434 -2.8511261507868766
v -0.9456945025175809 2.8655584916472434 -2.820920453965664
v -0.8943054974824189 2.8655584916472434 -2.820920453965664
v -0.852730920612812 2.8655584916472434 -2.8511261507868766
v -0.8368508425354957 2.8655584916472434 -2.9
v -0.852730920612812 2.8655584916472434 -2.9488738492131232
v -0.8943054974824189 2.8655584916472434 -2.979079546034336
v -0.9456945025175809 2.8655584916472434 -2.979079546034336
v -0.9872690793871879 2.8655584916472434 -2.9488738492131232
v -1.0031491574645042 2.8655584916472434 -2.9
v -0.983639611005783 2.836360388994217 -2.9
v -0.971485527306795 2.836360388994217 -2.862593574076891
v -0.9396657218039035 2.836360388994217 -2.8394751340150832
v -0.9003342781960963 2.836360388994217 -2.8394751340150832
v -0.8685144726932048 2.836360388994217 -2.862593574076891
v -0.8563603889942168 2.836360388994217 -2.9
v -0.8685144726932048 2.836360388994217 -2.937406425923109
v -0.9003342781960963 2.836360388994217 -2.9605248659849166
v -0.9396657218039035 2.836360388994217 -2.9605248659849166
v -0.971485527306795 2.836360388994217 -2.937406425923109
v -0.983639611005783 2.836360388994217 -2.9
v -0.9544415083527564 2.8168508425354957 -2.9
v -0.9478637651354074 2.8168508425354957 -2.879755789041519
v -0.9306430118903517 2.8168508425354957 -2.867244178056717
v -0.9093569881096482 2.8168508425354957 -2.867244178056717
v -0.8921362348645925 2.8168508425354957 -2.879755789041519
v -0.8855584916472434 2.8168508425354957 -2.9
v -0.8921362348645925 2.8168508425354957 -2.9202442109584807
v -0.9093569881096482 2.8168508425354957 -2.932755821943283
v -0.9306430118903517 2.8168508425354957 -2.932755821943283
v -0.9478637651354074 2.8168508425354957 -2.9202442109584807
v -0.9544415083527564 2.8168508425354957 -2.9
v -0.9199999999999999 2.8099999964237212 -2.9
v -0.9199999999999999 2.8099999964237212 -2.9
v -0.9199999999999999 2.8099999964237212 -2.9
v -0.9199999999999999 2.8099999964237212 -2.9
v -0.9199999999999999 2.8099999964237212 -2.9
v -0.9199999999999999 2.8099999964237212 -2.9
v -0.9199999999999999 2.8099999964237212 -2.9
v -0.9199999999999999 2.8099999964237212 -2.9
v -0.9199999999999999 2.8099999964237212 -2.9
v -0.9199999999999999 2.8099999964237212 -2.9
v -0.9199999999999999 2.8099999964237212 -2.9
vt 0.05000000074505806 1
vt 0.15000000596046448 1
vt 0.25 1
vt 0.3499999940395355 1
vt 0.44999998807907104 1
vt 0.550000011920929 1
vt 0.6499999761581421 1
vt 0.75 1
vt 0.8500000238418579 1
vt 0.949999988079071 1
vt 1.0499999523162842 1
vt 0 0.875
vt 0.10000000149011612 0.875
vt 0.20000000298023224 0.875
vt 0.30000001192092896 0.875
vt 0.4000000059604645 0.875
vt 0.5 0.875
vt 0.6000000238418579 0.875
vt 0.699999988079071 0.875
vt 0.800000011920929 0.875
vt 0.8999999761581421 0.875
vt 1 0.875
vt 0 0.75
vt 0.10000000149011612 0.75
vt 0.20000000298023224 0.75
vt 0.30000001192092896 0.75
vt 0.4000000059604645 0.75
vt 0.5 0.75
vt 0.6000000238418579 0.75
vt 0.699999988079071 0.75
vt 0.800000011920929 0.75
vt 0.8999999761581421 0.75
vt 1 0.75
vt 0 0.625
vt 0.10000000149011612 0.625
vt 0.20000000298023224 0.625
vt 0.30000001192092896 0.625
vt 0.4000000059604645 0.625
vt 0.5 0.625
vt 0.6000000238418579 0.625
vt 0.699999988079071 0.625
vt 0.800000011920929 0.625
vt 0.8999999761581421 0.625
vt 1 0.625
vt 0 0.5
vt 0.10000000149011612 0.5
vt 0.20000000298023224 0.5
vt 0.30000001192092896 0.5
vt 0.4000000059604645 0.5
vt 0.5 0.5
vt 0.6000000238418579 0.5
vt 0.699999988079071 0.5
vt 0.800000011920929 0.5
vt 0.8999999761581421 0.5
vt 1 0.5
vt 0 0.375
vt 0.10000000149011612 0.375
vt 0.20000000298023224 0.375
vt 0.30000001192092896 0.375
vt 0.4000000059604645 0.375
vt 0.5 0.375
vt 0.6000000238418579 0.375
vt 0.699999988079071 0.375
vt 0.800000011920929 0.375
vt 0.8999999761581421 0.375
vt 1 0.375
vt 0 0.25
vt 0.10000000149011612 0.25
vt 0.20000000298023224 0.25
vt 0.30000001192092896 0.25
vt 0.4000000059604645 0.25
vt 0.5 0.25
vt 0.6000000238418579 0.25
vt 0.699999988079071 0.25
vt 0.800000011920929 0.25
vt 0.8999999761581421 0.25
vt 1 0.25
vt 0 0.125
vt 0.10000000149011612 0.125
vt 0.20000000298023224 0.125
vt 0.30000001192092896 0.125
vt 0.4000000059604645 0.125
vt 0.5 0.125
vt 0.6000000238418579 0.125
vt 0.699999988079071 0.125
vt 0.800000011920929 0.125
vt 0.8999999761581421 0.125
vt 1 0.125
vt -0.05000000074505806 0
vt 0.05000000074505806 0
vt 0.15000000596046448 0
vt 0.25 0
vt 0.3499999940395355 0
vt 0.44999998807907104 0
vt 0.550000011920929 0
vt 0.6499999761581421 0
vt 0.75 0
vt 0.8500000238418579 0
vt 0.949999988079071 0
vn 0 1 0
vn 0 1 0
vn 0 1 0
vn 0 1 0
vn 0 1 0
vn 0 1 0
vn 0 1 0
vn 0 1 0
vn 0 1 0
vn 0 1 0
vn 0 1 0
vn -0.3826834370613369 0.9238795305660377 0
vn -0.30959741046821454 0.9238795270537845 0.22493568619107826
vn -0.11825568589945505 0.9238795324059993 0.36395357170073417
vn 0.11825568589945505 0.9238795324059993 0.36395357170073417
vn 0.30959741046821454 0.9238795270537845 0.22493568619107826
vn 0.3826834370613369 0.9238795305660377 4.686520603449003e-17
vn 0.30959741046821454 0.9238795270537845 -0.22493568619107826
vn 0.11825568589945505 0.9238795324059993 -0.36395357170073417
vn -0.11825568589945505 0.9238795324059993 -0.36395357170073417
vn -0.30959741046821454 0.9238795270537845 -0.22493568619107826
vn -0.3826834370613369 0.9238795305660377 -9.373041206898005e-17
vn -0.7071067811865476 0.7071067811865476 0
vn -0.5720614176588762 0.7071067668252459 0.41562694178321036
vn -0.21850800555373517 0.7071067704166476 0.6724985254555338
vn 0.21850800555373517 0.7071067704166476 0.6724985254555338
vn 0.5720614176588762 0.7071067668252459 0.41562694178321036
vn 0.7071067811865476 0.7071067811865476 8.659560751628624e-17
vn 0.5720614176588762 0.7071067668252459 -0.41562694178321036
vn 0.21850800555373517 0.7071067704166476 -0.6724985254555338
vn -0.21850800555373517 0.7071067704166476 -0.6724985254555338
vn -0.5720614176588762 0.7071067668252459 -0.41562694178321036
vn -0.7071067811865476 0.7071067811865476 -1.7319121503257247e-16
vn -0.9238795305660377 0.3826834370613369 0
vn -0.7474342453230138 0.38268341941514195 0.5430427694235064
vn -0.28549448151266615 0.38268343278472655 0.878661647790497
vn 0.28549448151266615 0.38268343278472655 0.878661647790497
vn 0.7474342453230138 0.38268341941514195 0.5430427694235064
vn 0.9238795305660377 0.3826834370613369 1.131426144463939e-16
vn 0.7474342453230138 0.38268341941514195 -0.5430427694235064
vn 0.28549448151266615 0.38268343278472655 -0.878661647790497
vn -0.28549448151266615 0.38268343278472655 -0.878661647790497
vn -0.7474342453230138 0.38268341941514195 -0.5430427694235064
vn -0.9238795305660377 0.3826834370613369 -2.262852288927878e-16
vn -1 6.123234262925839e-17 0
vn -0.8090170011595983 6.123234252155896e-17 0.5877852429542022
vn -0.3090169948284817 6.123234109277411e-17 0.9510565161477913
vn 0.3090169948284817 6.123234109277411e-17 0.9510565161477913
vn 0.8090170011595983 6.123234252155896e-17 0.5877852429542022
vn 1 6.123234262925839e-17 1.2246468525851679e-16
vn 0.8090170011595983 6.123234252155896e-17 -0.5877852429542022
vn 0.3090169948284817 6.123234109277411e-17 -0.9510565161477913
vn -0.3090169948284817 6.123234109277411e-17 -0.9510565161477913
vn -0.8090170011595983 6.123234252155896e-17 -0.5877852429542022
vn -1 6.123234262925839e-17 -2.4492937051703357e-16
vn -0.9238795305660377 -0.3826834370613369 0
vn -0.7474342453230138 -0.38268341941514195 0.5430427694235064
vn -0.28549448151266615 -0.38268343278472655 0.878661647790497
vn 0.28549448151266615 -0.38268343278472655 0.878661647790497
vn 0.7474342453230138 -0.38268341941514195 0.5430427694235064
vn 0.9238795305660377 -0.3826834370613369 1.131426144463939e-16
vn 0.7474342453230138 -0.38268341941514195 -0.5430427694235064
vn 0.28549448151266615 -0.38268343278472655 -0.878661647790497
vn -0.28549448151266615 -0.38268343278472655 -0.878661647790497
vn -0.7474342453230138 -0.38268341941514195 -0.5430427694235064
vn -0.9238795305660377 -0.3826834370613369 -2.262852288927878e-16
vn -0.7071067811865476 -0.7071067811865476 0
vn -0.5720614176588762 -0.7071067668252459 0.41562694178321036
vn -0.21850800555373517 -0.7071067704166476 0.6724985254555338
vn 0.21850800555373517 -0.7071067704166476 0.6724985254555338
vn 0.5720614176588762 -0.7071067668252459 0.41562694178321036
vn 0.7071067811865476 -0.7071067811865476 8.659560751628624e-17
vn 0.5720614176588762 -0.7071067668252459 -0.41562694178321036
vn 0.21850800555373517 -0.7071067704166476 -0.6724985254555338
vn -0.21850800555373517 -0.7071067704166476 -0.6724985254555338
vn -0.5720614176588762 -0.7071067668252459 -0.41562694178321036
vn -0.7071067811865476 -0.7071067811865476 -1.7319121503257247e-16
vn -0.3826834370613369 -0.9238795305660377 0
vn -0.30959741046821454 -0.9238795270537845 0.22493568619107826
vn -0.11825568589945505 -0.9238795324059993 0.36395357170073417
vn 0.11825568589945505 -0.9238795324059993 0.36395357170073417
vn 0.30959741046821454 -0.9238795270537845 0.22493568619107826
vn 0.3826834370613369 -0.9238795305660377 4.686520603449003e-17
vn 0.30959741046821454 -0.9238795270537845 -0.22493568619107826
vn 0.11825568589945505 -0.9238795324059993 -0.36395357170073417
vn -0.11825568589945505 -0.9238795324059993 -0.36395357170073417
vn -0.30959741046821454 -0.9238795270537845 -0.22493568619107826
vn -0.3826834370613369 -0.9238795305660377 -9.373041206898005e-17
vn -1.2246468525851679e-16 -1 0
vn -9.907600785479212e-17 -1 7.198293111792428e-17
vn -3.7843668534256176e-17 -1 1.1647082866083914e-16
vn 3.7843668534256176e-17 -1 1.1647082866083914e-16
vn 9.907600785479212e-17 -1 7.198293111792428e-17
vn 1.2246468525851679e-16 -1 1.4997597572211942e-32
vn 9.907600785479212e-17 -1 -7.198293111792428e-17
vn 3.7843668534256176e-17 -1 -1.1647082866083914e-16
vn -3.7843668534256176e-17 -1 -1.1647082866083914e-16
vn -9.907600785479212e-17 -1 -7.198293111792428e-17
vn -1.2246468525851679e-16 -1 -2.9995195144423884e-32
f 3225/1285/1285 3236/1296/1296 3237/1297/1297
f 3226/1286/1286 3237/1297/1297 3238/1298/1298
f 3227/1287/1287 3238/1298/1298 3239/1299/1299
f 3228/1288/1288 3239/1299/1299 3240/1300/1300
f 3229/1289/1289 3240/1300/1300 3241/1301/1301
f 3230/1290/1290 3241/1301/1301 3242/1302/1302
f 3231/1291/1291 3242/1302/1302 3243/1303/1303
f 3232/1292/1292 3243/1303/1303 3244/1304/1304
f 3233/1293/1293 3244/1304/1304 3245/1305/1305
f 3234/1294/1294 3245/1305/1305 3246/1306/1306
f 3237/1297/1297 3236/1296/1296 3248/1308/1308
f 3236/1296/1296 3247/1307/1307 3248/1308/1308
f 3238/1298/1298 3237/1297/1297 3249/1309/1309
f 3237/1297/1297 3248/1308/1308 3249/1309/1309
f 3239/1299/1299 3238/1298/1298 3250/1310/1310
f 3238/1298/1298 3249/1309/1309 3250/1310/1310
f 3240/1300/1300 3239/1299/1299 3251/1311/1311
f 3239/1299/1299 3250/1310/1310 3251/1311/1311
f 3241/1301/1301 3240/1300/1300 3252/1312/1312
f 3240/1300/1300 3251/1311/1311 3252/1312/1312
f 3242/1302/1302 3241/1301/1301 3253/1313/1313
f 3241/1301/1301 3252/1312/1312 3253/1313/1313
f 3243/1303/1303 3242/1302/1302 3254/1314/1314
f 3242/1302/1302 3253/1313/1313 3254/1314/1314
f 3244/1304/1304 3243/1303/1303 3255/1315/1315
f 3243/1303/1303 3254/1314/1314 3255/1315/1315
f 3245/1305/1305 3244/1304/1304 3256/1316/1316
f 3244/1304/1304 3255/1315/1315 3256/1316/1316
f 3246/1306/1306 3245/1305/1305 3257/1317/1317
f 3245/1305/1305 3256/1316/1316 3257/1317/1317
f 3248/1308/1308 3247/1307/1307 3259/1319/1319
f 3247/1307/1307 3258/1318/1318 3259/1319/1319
f 3249/1309/1309 3248/1308/1308 3260/1320/1320
f 3248/1308/1308 3259/1319/1319 3260/1320/1320
f 3250/1310/1310 3249/1309/1309 3261/1321/1321
f 3249/1309/1309 3260/1320/1320 3261/1321/1321
f 3251/1311/1311 3250/1310/1310 3262/1322/1322
f 3250/1310/1310 3261/1321/1321 3262/1322/1322
f 3252/1312/1312 3251/1311/1311 3263/1323/1323
f 3251/1311/1311 3262/1322/1322 3263/1323/1323
f 3253/1313/1313 3252/1312/1312 3264/1324/1324
f 3252/1312/1312 3263/1323/1323 3264/1324/1324
f 3254/1314/1314 3253/1313/1313 3265/1325/1325
f 3253/1313/1313 3264/1324/1324 3265/1325/1325
f 3255/1315/1315 3254/1314/1314 3266/1326/1326
f 3254/1314/1314 3265/1325/1325 3266/1326/1326
f 3256/1316/1316 3255/1315/1315 3267/1327/1327
f 3255/1315/1315 3266/1326/1326 3267/1327/1327
f 3257/1317/1317 3256/1316/1316 3268/1328/1328
f 3256/1316/1316 3267/1327/1327 3268/1328/1328
f 3259/1319/1319 3258/1318/1318 3270/1330/1330
f 3258/1318/1318 3269/1329/1329 3270/1330/1330
f 3260/1320/1320 3259/1319/1319 3271/1331/1331
f 3259/1319/1319 3270/1330/1330 3271/1331/1331
f 3261/1321/1321 3260/1320/1320 3272/1332/1332
f 3260/1320/1320 3271/1331/1331 3272/1332/1332
f 3262/1322/1322 3261/1321/1321 3273/1333/1333
f 3261/1321/1321 3272/1332/1332 3273/1333/1333
f 3263/1323/1323 3262/1322/1322 3274/1334/1334
f 3262/1322/1322 3273/1333/1333 3274/1334/1334
f 3264/1324/1324 3263/1323/1323 3275/1335/1335
f 3263/1323/1323 3274/1334/1334 3275/1335/1335
f 3265/1325/1325 3264/1324/1324 3276/1336/1336
f 3264/1324/1324 3275/1335/1335 3276/1336/1336
f 3266/1326/1326 3265/1325/1325 3277/1337/1337
f 3265/1325/1325 3276/1336/1336 3277/1337/1337
f 3267/1327/1327 3266/1326/1326 3278/1338/1338
f 3266/1326/1326 3277/1337/1337 3278/1338/1338
f 3268/1328/1328 3267/1327/1327 3279/1339/1339
f 3267/1327/1327 3278/1338/1338 3279/1339/1339
f 3270/1330/1330 3269/1329/1329 3281/1341/1341
f 3269/1329/1329 3280/1340/1340 3281/1341/1341
f 3271/1331/1331 3270/1330/1330 3282/1342/1342
f 3270/1330/1330 3281/1341/1341 3282/1342/1342
f 3272/1332/1332 3271/1331/1331 3283/1343/1343
f 3271/1331/1331 3282/1342/1342 3283/1343/1343
f 3273/1333/1333 3272/1332/1332 3284/1344/1344
f 3272/1332/1332 3283/1343/1343 3284/1344/1344
f 3274/1334/1334 3273/1333/1333 3285/1345/1345
f 3273/1333/1333 3284/1344/1344 3285/1345/1345
f 3275/1335/1335 3274/1334/1334 3286/1346/1346
f 3274/1334/1334 3285/1345/1345 3286/1346/1346
f 3276/1336/1336 3275/1335/1335 3287/1347/1347
f 3275/1335/1335 3286/1346/1346 3287/1347/1347
f 3277/1337/1337 3276/1336/1336 3288/1348/1348
f 3276/1336/1336 3287/1347/1347 3288/1348/1348
f 3278/1338/1338 3277/1337/1337 3289/1349/1349
f 3277/1337/1337 3288/1348/1348 3289/1349/1349
f 3279/1339/1339 3278/1338/1338 3290/1350/1350
f 3278/1338/1338 3289/1349/1349 3290/1350/1350
f 3281/1341/1341 3280/1340/1340 3292/1352/1352
f 3280/1340/1340 3291/1351/1351 3292/1352/1352
f 3282/1342/1342 3281/1341/1341 3293/1353/1353
f 3281/1341/1341 3292/1352/1352 3293/1353/1353
f 3283/1343/1343 3282/1342/1342 3294/1354/1354
f 3282/1342/1342 3293/1353/1353 3294/1354/1354
f 3284/1344/1344 3283/1343/1343 3295/1355/1355
f 3283/1343/1343 3294/1354/1354 3295/1355/1355
f 3285/1345/1345 3284/1344/1344 3296/1356/1356
f 3284/1344/1344 3295/1355/1355 3296/1356/1356
f 3286/1346/1346 3285/1345/1345 3297/1357/1357
f 3285/1345/1345 3296/1356/1356 3297/1357/1357
f 3287/1347/1347 3286/1346/1346 3298/1358/1358
f 3286/1346/1346 3297/1357/1357 3298/1358/1358
f 3288/1348/1348 3287/1347/1347 3299/1359/1359
f 3287/1347/1347 3298/1358/1358 3299/1359/1359
f 3289/1349/1349 3288/1348/1348 3300/1360/1360
f 3288/1348/1348 3299/1359/1359 3300/1360/1360
f 3290/1350/1350 3289/1349/1349 3301/1361/1361
f 3289/1349/1349 3300/1360/1360 3301/1361/1361
f 3292/1352/1352 3291/1351/1351 3303/1363/1363
f 3291/1351/1351 3302/1362/1362 3303/1363/1363
f 3293/1353/1353 3292/1352/1352 3304/1364/1364
f 3292/1352/1352 3303/1363/1363 3304/1364/1364
f 3294/1354/1354 3293/1353/1353 3305/1365/1365
f 3293/1353/1353 3304/1364/1364 3305/1365/1365
f 3295/1355/1355 3294/1354/1354 3306/1366/1366
f 3294/1354/1354 3305/1365/1365 3306/1366/1366
f 3296/1356/1356 3295/1355/1355 3307/1367/1367
f 3295/1355/1355 3306/1366/1366 3307/1367/1367
f 3297/1357/1357 3296/1356/1356 3308/1368/1368
f 3296/1356/1356 3307/1367/1367 3308/1368/1368
f 3298/1358/1358 3297/1357/1357 3309/1369/1369
f 3297/1357/1357 3308/1368/1368 3309/1369/1369
f 3299/1359/1359 3298/1358/1358 3310/1370/1370
f 3298/1358/1358 3309/1369/1369 3310/1370/1370
f 3300/1360/1360 3299/1359/1359 3311/1371/1371
f 3299/1359/1359 3310/1370/1370 3311/1371/1371
f 3301/1361/1361 3300/1360/1360 3312/1372/1372
f 3300/1360/1360 3311/1371/1371 3312/1372/1372
f 3303/1363/1363 3302/1362/1362 3314/1374/1374
f 3304/1364/1364 3303/1363/1363 3315/1375/1375
f 3305/1365/1365 3304/1364/1364 3316/1376/1376
f 3306/1366/1366 3305/1365/1365 3317/1377/1377
f 3307/1367/1367 3306/1366/1366 3318/1378/1378
f 3308/1368/1368 3307/1367/1367 3319/1379/1379
f 3309/1369/1369 3308/1368/1368 3320/1380/1380
f 3310/1370/1370 3309/1369/1369 3321/1381/1381
f 3311/1371/1371 3310/1370/1370 3322/1382/1382
f 3312/1372/1372 3311/1371/1371 3323/1383/1383
o sensor
usemtl lima_solido
v -0.9199999999999999 1.9900000035762786 -3.7
v -0.9199999999999999 1.9900000035762786 -3.7
v -0.9199999999999999 1.9900000035762786 -3.7
v -0.9199999999999999 1.9900000035762786 -3.7
v -0.9199999999999999 1.9900000035762786 -3.7
v -0.9199999999999999 1.9900000035762786 -3.7
v -0.9199999999999999 1.9900000035762786 -3.7
v -0.9199999999999999 1.9900000035762786 -3.7
v -0.9199999999999999 1.9900000035762786 -3.7
v -0.9199999999999999 1.9900000035762786 -3.7
v -0.9199999999999999 1.9900000035762786 -3.7
v -0.9544415083527564 1.9831491574645042 -3.7
v -0.9478637651354074 1.9831491574645042 -3.6797557890415193
v -0.9306430118903517 1.9831491574645042 -3.667244178056717
v -0.9093569881096482 1.9831491574645042 -3.667244178056717
v -0.8921362348645925 1.9831491574645042 -3.6797557890415193
v -0.8855584916472434 1.9831491574645042 -3.7
v -0.8921362348645925 1.9831491574645042 -3.720244210958481
v -0.9093569881096482 1.9831491574645042 -3.7327558219432833
v -0.9306430118903517 1.9831491574645042 -3.7327558219432833
v -0.9478637651354074 1.9831491574645042 -3.720244210958481
v -0.9544415083527564 1.9831491574645042 -3.7
v -0.983639611005783 1.963639611005783 -3.7
v -0.971485527306795 1.963639611005783 -3.662593574076891
v -0.9396657218039035 1.963639611005783 -3.6394751340150835
v -0.9003342781960963 1.963639611005783 -3.6394751340150835
v -0.8685144726932048 1.963639611005783 -3.662593574076891
v -0.8563603889942168 1.963639611005783 -3.7
v -0.8685144726932048 1.963639611005783 -3.7374064259231092
v -0.9003342781960963 1.963639611005783 -3.760524865984917
v -0.9396657218039035 1.963639611005783 -3.760524865984917
v -0.971485527306795 1.963639611005783 -3.7374064259231092
v -0.983639611005783 1.963639611005783 -3.7
v -1.0031491574645042 1.9344415083527564 -3.7
v -0.9872690793871879 1.9344415083527564 -3.651126150786877
v -0.9456945025175809 1.9344415083527564 -3.620920453965664
v -0.8943054974824189 1.9344415083527564 -3.620920453965664
v -0.852730920612812 1.9344415083527564 -3.651126150786877
v -0.8368508425354957 1.9344415083527564 -3.7
v -0.852730920612812 1.9344415083527564 -3.7488738492131235
v -0.8943054974824189 1.9344415083527564 -3.7790795460343363
v -0.9456945025175809 1.9344415083527564 -3.7790795460343363
v -0.9872690793871879 1.9344415083527564 -3.7488738492131235
v -1.0031491574645042 1.9344415083527564 -3.7
v -1.0100000035762786 1.9 -3.7
v -0.9928115290403365 1.9 -3.647099328041077
v -0.9478115291148423 1.9 -3.6144049137830736
v -0.8921884708851575 1.9 -3.6144049137830736
v -0.8471884709596633 1.9 -3.647099328041077
v -0.8299999964237212 1.9 -3.7
v -0.8471884709596633 1.9 -3.7529006719589235
v -0.8921884708851575 1.9 -3.7855950862169268
v -0.9478115291148423 1.9 -3.7855950862169268
v -0.9928115290403365 1.9 -3.7529006719589235
v -1.0100000035762786 1.9 -3.7
v -1.0031491574645042 1.8655584916472434 -3.7
v -0.9872690793871879 1.8655584916472434 -3.651126150786877
v -0.9456945025175809 1.8655584916472434 -3.620920453965664
v -0.8943054974824189 1.8655584916472434 -3.620920453965664
v -0.852730920612812 1.8655584916472434 -3.651126150786877
v -0.8368508425354957 1.8655584916472434 -3.7
v -0.852730920612812 1.8655584916472434 -3.7488738492131235
v -0.8943054974824189 1.8655584916472434 -3.7790795460343363
v -0.9456945025175809 1.8655584916472434 -3.7790795460343363
v -0.9872690793871879 1.8655584916472434 -3.7488738492131235
v -1.0031491574645042 1.8655584916472434 -3.7
v -0.983639611005783 1.8363603889942168 -3.7
v -0.971485527306795 1.8363603889942168 -3.662593574076891
v -0.9396657218039035 1.8363603889942168 -3.6394751340150835
v -0.9003342781960963 1.8363603889942168 -3.6394751340150835
v -0.8685144726932048 1.8363603889942168 -3.662593574076891
v -0.8563603889942168 1.8363603889942168 -3.7
v -0.8685144726932048 1.8363603889942168 -3.7374064259231092
v -0.9003342781960963 1.8363603889942168 -3.760524865984917
v -0.9396657218039035 1.8363603889942168 -3.760524865984917
v -0.971485527306795 1.8363603889942168 -3.7374064259231092
v -0.983639611005783 1.8363603889942168 -3.7
v -0.9544415083527564 1.8168508425354957 -3.7
v -0.9478637651354074 1.8168508425354957 -3.6797557890415193
v -0.9306430118903517 1.8168508425354957 -3.667244178056717
v -0.9093569881096482 1.8168508425354957 -3.667244178056717
v -0.8921362348645925 1.8168508425354957 -3.6797557890415193
v -0.8855584916472434 1.8168508425354957 -3.7
v -0.8921362348645925 1.8168508425354957 -3.720244210958481
v -0.9093569881096482 1.8168508425354957 -3.7327558219432833
v -0.9306430118903517 1.8168508425354957 -3.7327558219432833
v -0.9478637651354074 1.8168508425354957 -3.720244210958481
v -0.9544415083527564 1.8168508425354957 -3.7
v -0.9199999999999999 1.8099999964237212 -3.7
v -0.9199999999999999 1.8099999964237212 -3.7
v -0.9199999999999999 1.8099999964237212 -3.7
v -0.9199999999999999 1.8099999964237212 -3.7
v -0.9199999999999999 1.8099999964237212 -3.7
v -0.9199999999999999 1.8099999964237212 -3.7
v -0.9199999999999999 1.8099999964237212 -3.7
v -0.9199999999999999 1.8099999964237212 -3.7
v -0.9199999999999999 1.8099999964237212 -3.7
v -0.9199999999999999 1.8099999964237212 -3.7
v -0.9199999999999999 1.8099999964237212 -3.7
vt 0.05000000074505806 1
vt 0.15000000596046448 1
vt 0.25 1
vt 0.3499999940395355 1
vt 0.44999998807907104 1
vt 0.550000011920929 1
vt 0.6499999761581421 1
vt 0.75 1
vt 0.8500000238418579 1
vt 0.949999988079071 1
vt 1.0499999523162842 1
vt 0 0.875
vt 0.10000000149011612 0.875
vt 0.20000000298023224 0.875
vt 0.30000001192092896 0.875
vt 0.4000000059604645 0.875
vt 0.5 0.875
vt 0.6000000238418579 0.875
vt 0.699999988079071 0.875
vt 0.800000011920929 0.875
vt 0.8999999761581421 0.875
vt 1 0.875
vt 0 0.75
vt 0.10000000149011612 0.75
vt 0.20000000298023224 0.75
vt 0.30000001192092896 0.75
vt 0.4000000059604645 0.75
vt 0.5 0.75
vt 0.6000000238418579 0.75
vt 0.699999988079071 0.75
vt 0.800000011920929 0.75
vt 0.8999999761581421 0.75
vt 1 0.75
vt 0 0.625
vt 0.10000000149011612 0.625
vt 0.20000000298023224 0.625
vt 0.30000001192092896 0.625
vt 0.4000000059604645 0.625
vt 0.5 0.625
vt 0.6000000238418579 0.625
vt 0.699999988079071 0.625
vt 0.800000011920929 0.625
vt 0.8999999761581421 0.625
vt 1 0.625
vt 0 0.5
vt 0.10000000149011612 0.5
vt 0.20000000298023224 0.5
vt 0.30000001192092896 0.5
vt 0.4000000059604645 0.5
vt 0.5 0.5
vt 0.6000000238418579 0.5
vt 0.699999988079071 0.5
vt 0.800000011920929 0.5
vt 0.8999999761581421 0.5
vt 1 0.5
vt 0 0.375
vt 0.10000000149011612 0.375
vt 0.20000000298023224 0.375
vt 0.30000001192092896 0.375
vt 0.4000000059604645 0.375
vt 0.5 0.375
vt 0.6000000238418579 0.375
vt 0.699999988079071 0.375
vt 0.800000011920929 0.375
vt 0.8999999761581421 0.375
vt 1 0.375
vt 0 0.25
vt 0.10000000149011612 0.25
vt 0.20000000298023224 0.25
vt 0.30000001192092896 0.25
vt 0.4000000059604645 0.25
vt 0.5 0.25
vt 0.6000000238418579 0.25
vt 0.699999988079071 0.25
vt 0.800000011920929 0.25
vt 0.8999999761581421 0.25
vt 1 0.25
vt 0 0.125
vt 0.10000000149011612 0.125
vt 0.20000000298023224 0.125
vt 0.30000001192092896 0.125
vt 0.4000000059604645 0.125
vt 0.5 0.125
vt 0.6000000238418579 0.125
vt 0.699999988079071 0.125
vt 0.800000011920929 0.125
vt 0.8999999761581421 0.125
vt 1 0.125
vt -0.05000000074505806 0
vt 0.05000000074505806 0
vt 0.15000000596046448 0
vt 0.25 0
vt 0.3499999940395355 0
vt 0.44999998807907104 0
vt 0.550000011920929 0
vt 0.6499999761581421 0
vt 0.75 0
vt 0.8500000238418579 0
vt 0.949999988079071 0
vn 0 1 0
vn 0 1 0
vn 0 1 0
vn 0 1 0
vn 0 1 0
vn 0 1 0
vn 0 1 0
vn 0 1 0
vn 0 1 0
vn 0 1 0
vn 0 1 0
vn -0.3826834370613369 0.9238795305660377 0
vn -0.30959741046821454 0.9238795270537845 0.22493568619107826
vn -0.11825568589945505 0.9238795324059993 0.36395357170073417
vn 0.11825568589945505 0.9238795324059993 0.36395357170073417
vn 0.30959741046821454 0.9238795270537845 0.22493568619107826
vn 0.3826834370613369 0.9238795305660377 4.686520603449003e-17
vn 0.30959741046821454 0.9238795270537845 -0.22493568619107826
vn 0.11825568589945505 0.9238795324059993 -0.36395357170073417
vn -0.11825568589945505 0.9238795324059993 -0.36395357170073417
vn -0.30959741046821454 0.9238795270537845 -0.22493568619107826
vn -0.3826834370613369 0.9238795305660377 -9.373041206898005e-17
vn -0.7071067811865476 0.7071067811865476 0
vn -0.5720614176588762 0.7071067668252459 0.41562694178321036
vn -0.21850800555373517 0.7071067704166476 0.6724985254555338
vn 0.21850800555373517 0.7071067704166476 0.6724985254555338
vn 0.5720614176588762 0.7071067668252459 0.41562694178321036
vn 0.7071067811865476 0.7071067811865476 8.659560751628624e-17
vn 0.5720614176588762 0.7071067668252459 -0.41562694178321036
vn 0.21850800555373517 0.7071067704166476 -0.6724985254555338
vn -0.21850800555373517 0.7071067704166476 -0.6724985254555338
vn -0.5720614176588762 0.7071067668252459 -0.41562694178321036
vn -0.7071067811865476 0.7071067811865476 -1.7319121503257247e-16
vn -0.9238795305660377 0.3826834370613369 0
vn -0.7474342453230138 0.38268341941514195 0.5430427694235064
vn -0.28549448151266615 0.38268343278472655 0.878661647790497
vn 0.28549448151266615 0.38268343278472655 0.878661647790497
vn 0.7474342453230138 0.38268341941514195 0.5430427694235064
vn 0.9238795305660377 0.3826834370613369 1.131426144463939e-16
vn 0.7474342453230138 0.38268341941514195 -0.5430427694235064
vn 0.28549448151266615 0.38268343278472655 -0.878661647790497
vn -0.28549448151266615 0.38268343278472655 -0.878661647790497
vn -0.7474342453230138 0.38268341941514195 -0.5430427694235064
vn -0.9238795305660377 0.3826834370613369 -2.262852288927878e-16
vn -1 6.123234262925839e-17 0
vn -0.8090170011595983 6.123234252155896e-17 0.5877852429542022
vn -0.3090169948284817 6.123234109277411e-17 0.9510565161477913
vn 0.3090169948284817 6.123234109277411e-17 0.9510565161477913
vn 0.8090170011595983 6.123234252155896e-17 0.5877852429542022
vn 1 6.123234262925839e-17 1.2246468525851679e-16
vn 0.8090170011595983 6.123234252155896e-17 -0.5877852429542022
vn 0.3090169948284817 6.123234109277411e-17 -0.9510565161477913
vn -0.3090169948284817 6.123234109277411e-17 -0.9510565161477913
vn -0.8090170011595983 6.123234252155896e-17 -0.5877852429542022
vn -1 6.123234262925839e-17 -2.4492937051703357e-16
vn -0.9238795305660377 -0.3826834370613369 0
vn -0.7474342453230138 -0.38268341941514195 0.5430427694235064
vn -0.28549448151266615 -0.38268343278472655 0.878661647790497
vn 0.28549448151266615 -0.38268343278472655 0.878661647790497
vn 0.7474342453230138 -0.38268341941514195 0.5430427694235064
vn 0.9238795305660377 -0.3826834370613369 1.131426144463939e-16
vn 0.7474342453230138 -0.38268341941514195 -0.5430427694235064
vn 0.28549448151266615 -0.38268343278472655 -0.878661647790497
vn -0.28549448151266615 -0.38268343278472655 -0.878661647790497
vn -0.7474342453230138 -0.38268341941514195 -0.5430427694235064
vn -0.9238795305660377 -0.3826834370613369 -2.262852288927878e-16
vn -0.7071067811865476 -0.7071067811865476 0
vn -0.5720614176588762 -0.7071067668252459 0.41562694178321036
vn -0.21850800555373517 -0.7071067704166476 0.6724985254555338
vn 0.21850800555373517 -0.7071067704166476 0.6724985254555338
vn 0.5720614176588762 -0.7071067668252459 0.41562694178321036
vn 0.7071067811865476 -0.7071067811865476 8.659560751628624e-17
vn 0.5720614176588762 -0.7071067668252459 -0.41562694178321036
vn 0.21850800555373517 -0.7071067704166476 -0.6724985254555338
vn -0.21850800555373517 -0.7071067704166476 -0.6724985254555338
vn -0.5720614176588762 -0.7071067668252459 -0.41562694178321036
vn -0.7071067811865476 -0.7071067811865476 -1.7319121503257247e-16
vn -0.3826834370613369 -0.9238795305660377 0
vn -0.30959741046821454 -0.9238795270537845 0.22493568619107826
vn -0.11825568589945505 -0.9238795324059993 0.36395357170073417
vn 0.11825568589945505 -0.9238795324059993 0.36395357170073417
vn 0.30959741046821454 -0.9238795270537845 0.22493568619107826
vn 0.3826834370613369 -0.9238795305660377 4.686520603449003e-17
vn 0.30959741046821454 -0.9238795270537845 -0.22493568619107826
vn 0.11825568589945505 -0.9238795324059993 -0.36395357170073417
vn -0.11825568589945505 -0.9238795324059993 -0.36395357170073417
vn -0.30959741046821454 -0.9238795270537845 -0.22493568619107826
vn -0.3826834370613369 -0.9238795305660377 -9.373041206898005e-17
vn -1.2246468525851679e-16 -1 0
vn -9.907600785479212e-17 -1 7.198293111792428e-17
vn -3.7843668534256176e-17 -1 1.1647082866083914e-16
vn 3.7843668534256176e-17 -1 1.1647082866083914e-16
vn 9.907600785479212e-17 -1 7.198293111792428e-17
vn 1.2246468525851679e-16 -1 1.4997597572211942e-32
vn 9.907600785479212e-17 -1 -7.198293111792428e-17
vn 3.7843668534256176e-17 -1 -1.1647082866083914e-16
vn -3.7843668534256176e-17 -1 -1.1647082866083914e-16
vn -9.907600785479212e-17 -1 -7.198293111792428e-17
vn -1.2246468525851679e-16 -1 -2.9995195144423884e-32
f 3324/1384/1384 3335/1395/1395 3336/1396/1396
f 3325/1385/1385 3336/1396/1396 3337/1397/1397
f 3326/1386/1386 3337/1397/1397 3338/1398/1398
f 3327/1387/1387 3338/1398/1398 3339/1399/1399
f 3328/1388/1388 3339/1399/1399 3340/1400/1400
f 3329/1389/1389 3340/1400/1400 3341/1401/1401
f 3330/1390/1390 3341/1401/1401 3342/1402/1402
f 3331/1391/1391 3342/1402/1402 3343/1403/1403
f 3332/1392/1392 3343/1403/1403 3344/1404/1404
f 3333/1393/1393 3344/1404/1404 3345/1405/1405
f 3336/1396/1396 3335/1395/1395 3347/1407/1407
f 3335/1395/1395 3346/1406/1406 3347/1407/1407
f 3337/1397/1397 3336/1396/1396 3348/1408/1408
f 3336/1396/1396 3347/1407/1407 3348/1408/1408
f 3338/1398/1398 3337/1397/1397 3349/1409/1409
f 3337/1397/1397 3348/1408/1408 3349/1409/1409
f 3339/1399/1399 3338/1398/1398 3350/1410/1410
f 3338/1398/1398 3349/1409/1409 3350/1410/1410
f 3340/1400/1400 3339/1399/1399 3351/1411/1411
f 3339/1399/1399 3350/1410/1410 3351/1411/1411
f 3341/1401/1401 3340/1400/1400 3352/1412/1412
f 3340/1400/1400 3351/1411/1411 3352/1412/1412
f 3342/1402/1402 3341/1401/1401 3353/1413/1413
f 3341/1401/1401 3352/1412/1412 3353/1413/1413
f 3343/1403/1403 3342/1402/1402 3354/1414/1414
f 3342/1402/1402 3353/1413/1413 3354/1414/1414
f 3344/1404/1404 3343/1403/1403 3355/1415/1415
f 3343/1403/1403 3354/1414/1414 3355/1415/1415
f 3345/1405/1405 3344/1404/1404 3356/1416/1416
f 3344/1404/1404 3355/1415/1415 3356/1416/1416
f 3347/1407/1407 3346/1406/1406 3358/1418/1418
f 3346/1406/1406 3357/1417/1417 3358/1418/1418
f 3348/1408/1408 3347/1407/1407 3359/1419/1419
f 3347/1407/1407 3358/1418/1418 3359/1419/1419
f 3349/1409/1409 3348/1408/1408 3360/1420/1420
f 3348/1408/1408 3359/1419/1419 3360/1420/1420
f 3350/1410/1410 3349/1409/1409 3361/1421/1421
f 3349/1409/1409 3360/1420/1420 3361/1421/1421
f 3351/1411/1411 3350/1410/1410 3362/1422/1422
f 3350/1410/1410 3361/1421/1421 3362/1422/1422
f 3352/1412/1412 3351/1411/1411 3363/1423/1423
f 3351/1411/1411 3362/1422/1422 3363/1423/1423
f 3353/1413/1413 3352/1412/1412 3364/1424/1424
f 3352/1412/1412 3363/1423/1423 3364/1424/1424
f 3354/1414/1414 3353/1413/1413 3365/1425/1425
f 3353/1413/1413 3364/1424/1424 3365/1425/1425
f 3355/1415/1415 3354/1414/1414 3366/1426/1426
f 3354/1414/1414 3365/1425/1425 3366/1426/1426
f 3356/1416/1416 3355/1415/1415 3367/1427/1427
f 3355/1415/1415 3366/1426/1426 3367/1427/1427
f 3358/1418/1418 3357/1417/1417 3369/1429/1429
f 3357/1417/1417 3368/1428/1428 3369/1429/1429
f 3359/1419/1419 3358/1418/1418 3370/1430/1430
f 3358/1418/1418 3369/1429/1429 3370/1430/1430
f 3360/1420/1420 3359/1419/1419 3371/1431/1431
f 3359/1419/1419 3370/1430/1430 3371/1431/1431
f 3361/1421/1421 3360/1420/1420 3372/1432/1432
f 3360/1420/1420 3371/1431/1431 3372/1432/1432
f 3362/1422/1422 3361/1421/1421 3373/1433/1433
f 3361/1421/1421 3372/1432/1432 3373/1433/1433
f 3363/1423/1423 3362/1422/1422 3374/1434/1434
f 3362/1422/1422 3373/1433/1433 3374/1434/1434
f 3364/1424/1424 3363/1423/1423 3375/1435/1435
f 3363/1423/1423 3374/1434/1434 3375/1435/1435
f 3365/1425/1425 3364/1424/1424 3376/1436/1436
f 3364/1424/1424 3375/1435/1435 3376/1436/1436
f 3366/1426/1426 3365/1425/1425 3377/1437/1437
f 3365/1425/1425 3376/1436/1436 3377/1437/1437
f 3367/1427/1427 3366/1426/1426 3378/1438/1438
f 3366/1426/1426 3377/1437/1437 3378/1438/1438
f 3369/1429/1429 3368/1428/1428 3380/1440/1440
f 3368/1428/1428 3379/1439/1439 3380/1440/1440
f 3370/1430/1430 3369/1429/1429 3381/1441/1441
f 3369/1429/1429 3380/1440/1440 3381/1441/1441
f 3371/1431/1431 3370/1430/1430 3382/1442/1442
f 3370/1430/1430 3381/1441/1441 3382/1442/1442
f 3372/1432/1432 3371/1431/1431 3383/1443/1443
f 3371/1431/1431 3382/1442/1442 3383/1443/1443
f 3373/1433/1433 3372/1432/1432 3384/1444/1444
f 3372/1432/1432 3383/1443/1443 3384/1444/1444
f 3374/1434/1434 3373/1433/1433 3385/1445/1445
f 3373/1433/1433 3384/1444/1444 3385/1445/1445
f 3375/1435/1435 3374/1434/1434 3386/1446/1446
f 3374/1434/1434 3385/1445/1445 3386/1446/1446
f 3376/1436/1436 3375/1435/1435 3387/1447/1447
f 3375/1435/1435 3386/1446/1446 3387/1447/1447
f 3377/1437/1437 3376/1436/1436 3388/1448/1448
f 3376/1436/1436 3387/1447/1447 3388/1448/1448
f 3378/1438/1438 3377/1437/1437 3389/1449/1449
f 3377/1437/1437 3388/1448/1448 3389/1449/1449
f 3380/1440/1440 3379/1439/1439 3391/1451/1451
f 3379/1439/1439 3390/1450/1450 3391/1451/1451
f 3381/1441/1441 3380/1440/1440 3392/1452/1452
f 3380/1440/1440 3391/1451/1451 3392/1452/1452
f 3382/1442/1442 3381/1441/1441 3393/1453/1453
f 3381/1441/1441 3392/1452/1452 3393/1453/1453
f 3383/1443/1443 3382/1442/1442 3394/1454/1454
f 3382/1442/1442 3393/1453/1453 3394/1454/1454
f 3384/1444/1444 3383/1443/1443 3395/1455/1455
f 3383/1443/1443 3394/1454/1454 3395/1455/1455
f 3385/1445/1445 3384/1444/1444 3396/1456/1456
f 3384/1444/1444 3395/1455/1455 3396/1456/1456
f 3386/1446/1446 3385/1445/1445 3397/1457/1457
f 3385/1445/1445 3396/1456/1456 3397/1457/1457
f 3387/1447/1447 3386/1446/1446 3398/1458/1458
f 3386/1446/1446 3397/1457/1457 3398/1458/1458
f 3388/1448/1448 3387/1447/1447 3399/1459/1459
f 3387/1447/1447 3398/1458/1458 3399/1459/1459
f 3389/1449/1449 3388/1448/1448 3400/1460/1460
f 3388/1448/1448 3399/1459/1459 3400/1460/1460
f 3391/1451/1451 3390/1450/1450 3402/1462/1462
f 3390/1450/1450 3401/1461/1461 3402/1462/1462
f 3392/1452/1452 3391/1451/1451 3403/1463/1463
f 3391/1451/1451 3402/1462/1462 3403/1463/1463
f 3393/1453/1453 3392/1452/1452 3404/1464/1464
f 3392/1452/1452 3403/1463/1463 3404/1464/1464
f 3394/1454/1454 3393/1453/1453 3405/1465/1465
f 3393/1453/1453 3404/1464/1464 3405/1465/1465
f 3395/1455/1455 3394/1454/1454 3406/1466/1466
f 3394/1454/1454 3405/1465/1465 3406/1466/1466
f 3396/1456/1456 3395/1455/1455 3407/1467/1467
f 3395/1455/1455 3406/1466/1466 3407/1467/1467
f 3397/1457/1457 3396/1456/1456 3408/1468/1468
f 3396/1456/1456 3407/1467/1467 3408/1468/1468
f 3398/1458/1458 3397/1457/1457 3409/1469/1469
f 3397/1457/1457 3408/1468/1468 3409/1469/1469
f 3399/1459/1459 3398/1458/1458 3410/1470/1470
f 3398/1458/1458 3409/1469/1469 3410/1470/1470
f 3400/1460/1460 3399/1459/1459 3411/1471/1471
f 3399/1459/1459 3410/1470/1470 3411/1471/1471
f 3402/1462/1462 3401/1461/1461 3413/1473/1473
f 3403/1463/1463 3402/1462/1462 3414/1474/1474
f 3404/1464/1464 3403/1463/1463 3415/1475/1475
f 3405/1465/1465 3404/1464/1464 3416/1476/1476
f 3406/1466/1466 3405/1465/1465 3417/1477/1477
f 3407/1467/1467 3406/1466/1466 3418/1478/1478
f 3408/1468/1468 3407/1467/1467 3419/1479/1479
f 3409/1469/1469 3408/1468/1468 3420/1480/1480
f 3410/1470/1470 3409/1469/1469 3421/1481/1481
f 3411/1471/1471 3410/1470/1470 3422/1482/1482
o sensor
usemtl lima_solido
v 1.4 4.8900000035762785 -2.9
v 1.4 4.8900000035762785 -2.9
v 1.4 4.8900000035762785 -2.9
v 1.4 4.8900000035762785 -2.9
v 1.4 4.8900000035762785 -2.9
v 1.4 4.8900000035762785 -2.9
v 1.4 4.8900000035762785 -2.9
v 1.4 4.8900000035762785 -2.9
v 1.4 4.8900000035762785 -2.9
v 1.4 4.8900000035762785 -2.9
v 1.4 4.8900000035762785 -2.9
v 1.3655584916472434 4.883149157464504 -2.9
v 1.3721362348645925 4.883149157464504 -2.879755789041519
v 1.3893569881096481 4.883149157464504 -2.867244178056717
v 1.4106430118903517 4.883149157464504 -2.867244178056717
v 1.4278637651354074 4.883149157464504 -2.879755789041519
v 1.4344415083527564 4.883149157464504 -2.9
v 1.4278637651354074 4.883149157464504 -2.9202442109584807
v 1.4106430118903517 4.883149157464504 -2.932755821943283
v 1.3893569881096481 4.883149157464504 -2.932755821943283
v 1.3721362348645925 4.883149157464504 -2.9202442109584807
v 1.3655584916472434 4.883149157464504 -2.9
v 1.3363603889942168 4.863639611005783 -2.9
v 1.3485144726932048 4.863639611005783 -2.862593574076891
v 1.3803342781960963 4.863639611005783 -2.8394751340150832
v 1.4196657218039035 4.863639611005783 -2.8394751340150832
v 1.451485527306795 4.863639611005783 -2.862593574076891
v 1.463639611005783 4.863639611005783 -2.9
v 1.451485527306795 4.863639611005783 -2.937406425923109
v 1.4196657218039035 4.863639611005783 -2.9605248659849166
v 1.3803342781960963 4.863639611005783 -2.9605248659849166
v 1.3485144726932048 4.863639611005783 -2.937406425923109
v 1.3363603889942168 4.863639611005783 -2.9
v 1.3168508425354957 4.834441508352756 -2.9
v 1.332730920612812 4.834441508352756 -2.8511261507868766
v 1.374305497482419 4.834441508352756 -2.820920453965664
v 1.425694502517581 4.834441508352756 -2.820920453965664
v 1.4672690793871879 4.834441508352756 -2.8511261507868766
v 1.4831491574645042 4.834441508352756 -2.9
v 1.4672690793871879 4.834441508352756 -2.9488738492131232
v 1.425694502517581 4.834441508352756 -2.979079546034336
v 1.374305497482419 4.834441508352756 -2.979079546034336
v 1.332730920612812 4.834441508352756 -2.9488738492131232
v 1.3168508425354957 4.834441508352756 -2.9
v 1.3099999964237212 4.8 -2.9
v 1.3271884709596633 4.8 -2.8470993280410766
v 1.3721884708851575 4.8 -2.8144049137830733
v 1.4278115291148423 4.8 -2.8144049137830733
v 1.4728115290403365 4.8 -2.8470993280410766
v 1.4900000035762786 4.8 -2.9
v 1.4728115290403365 4.8 -2.9529006719589233
v 1.4278115291148423 4.8 -2.9855950862169265
v 1.3721884708851575 4.8 -2.9855950862169265
v 1.3271884709596633 4.8 -2.9529006719589233
v 1.3099999964237212 4.8 -2.9
v 1.3168508425354957 4.765558491647243 -2.9
v 1.332730920612812 4.765558491647243 -2.8511261507868766
v 1.374305497482419 4.765558491647243 -2.820920453965664
v 1.425694502517581 4.765558491647243 -2.820920453965664
v 1.4672690793871879 4.765558491647243 -2.8511261507868766
v 1.4831491574645042 4.765558491647243 -2.9
v 1.4672690793871879 4.765558491647243 -2.9488738492131232
v 1.425694502517581 4.765558491647243 -2.979079546034336
v 1.374305497482419 4.765558491647243 -2.979079546034336
v 1.332730920612812 4.765558491647243 -2.9488738492131232
v 1.3168508425354957 4.765558491647243 -2.9
v 1.3363603889942168 4.736360388994217 -2.9
v 1.3485144726932048 4.736360388994217 -2.862593574076891
v 1.3803342781960963 4.736360388994217 -2.8394751340150832
v 1.4196657218039035 4.736360388994217 -2.8394751340150832
v 1.451485527306795 4.736360388994217 -2.862593574076891
v 1.463639611005783 4.736360388994217 -2.9
v 1.451485527306795 4.736360388994217 -2.937406425923109
v 1.4196657218039035 4.736360388994217 -2.9605248659849166
v 1.3803342781960963 4.736360388994217 -2.9605248659849166
v 1.3485144726932048 4.736360388994217 -2.937406425923109
v 1.3363603889942168 4.736360388994217 -2.9
v 1.3655584916472434 4.716850842535496 -2.9
v 1.3721362348645925 4.716850842535496 -2.879755789041519
v 1.3893569881096481 4.716850842535496 -2.867244178056717
v 1.4106430118903517 4.716850842535496 -2.867244178056717
v 1.4278637651354074 4.716850842535496 -2.879755789041519
v 1.4344415083527564 4.716850842535496 -2.9
v 1.4278637651354074 4.716850842535496 -2.9202442109584807
v 1.4106430118903517 4.716850842535496 -2.932755821943283
v 1.3893569881096481 4.716850842535496 -2.932755821943283
v 1.3721362348645925 4.716850842535496 -2.9202442109584807
v 1.3655584916472434 4.716850842535496 -2.9
v 1.4 4.709999996423721 -2.9
v 1.4 4.709999996423721 -2.9
v 1.4 4.709999996423721 -2.9
v 1.4 4.709999996423721 -2.9
v 1.4 4.709999996423721 -2.9
v 1.4 4.709999996423721 -2.9
v 1.4 4.709999996423721 -2.9
v 1.4 4.709999996423721 -2.9
v 1.4 4.709999996423721 -2.9
v 1.4 4.709999996423721 -2.9
v 1.4 4.709999996423721 -2.9
vt 0.05000000074505806 1
vt 0.15000000596046448 1
vt 0.25 1
vt 0.3499999940395355 1
vt 0.44999998807907104 1
vt 0.550000011920929 1
vt 0.6499999761581421 1
vt 0.75 1
vt 0.8500000238418579 1
vt 0.949999988079071 1
vt 1.0499999523162842 1
vt 0 0.875
vt 0.10000000149011612 0.875
vt 0.20000000298023224 0.875
vt 0.30000001192092896 0.875
vt 0.4000000059604645 0.875
vt 0.5 0.875
vt 0.6000000238418579 0.875
vt 0.699999988079071 0.875
vt 0.800000011920929 0.875
vt 0.8999999761581421 0.875
vt 1 0.875
vt 0 0.75
vt 0.10000000149011612 0.75
vt 0.20000000298023224 0.75
vt 0.30000001192092896 0.75
vt 0.4000000059604645 0.75
vt 0.5 0.75
vt 0.6000000238418579 0.75
vt 0.699999988079071 0.75
vt 0.800000011920929 0.75
vt 0.8999999761581421 0.75
vt 1 0.75
vt 0 0.625
vt 0.10000000149011612 0.625
vt 0.20000000298023224 0.625
vt 0.30000001192092896 0.625
vt 0.4000000059604645 0.625
vt 0.5 0.625
vt 0.6000000238418579 0.625
vt 0.699999988079071 0.625
vt 0.800000011920929 0.625
vt 0.8999999761581421 0.625
vt 1 0.625
vt 0 0.5
vt 0.10000000149011612 0.5
vt 0.20000000298023224 0.5
vt 0.30000001192092896 0.5
vt 0.4000000059604645 0.5
vt 0.5 0.5
vt 0.6000000238418579 0.5
vt 0.699999988079071 0.5
vt 0.800000011920929 0.5
vt 0.8999999761581421 0.5
vt 1 0.5
vt 0 0.375
vt 0.10000000149011612 0.375
vt 0.20000000298023224 0.375
vt 0.30000001192092896 0.375
vt 0.4000000059604645 0.375
vt 0.5 0.375
vt 0.6000000238418579 0.375
vt 0.699999988079071 0.375
vt 0.800000011920929 0.375
vt 0.8999999761581421 0.375
vt 1 0.375
vt 0 0.25
vt 0.10000000149011612 0.25
vt 0.20000000298023224 0.25
vt 0.30000001192092896 0.25
vt 0.4000000059604645 0.25
vt 0.5 0.25
vt 0.6000000238418579 0.25
vt 0.699999988079071 0.25
vt 0.800000011920929 0.25
vt 0.8999999761581421 0.25
vt 1 0.25
vt 0 0.125
vt 0.10000000149011612 0.125
vt 0.20000000298023224 0.125
vt 0.30000001192092896 0.125
vt 0.4000000059604645 0.125
vt 0.5 0.125
vt 0.6000000238418579 0.125
vt 0.699999988079071 0.125
vt 0.800000011920929 0.125
vt 0.8999999761581421 0.125
vt 1 0.125
vt -0.05000000074505806 0
vt 0.05000000074505806 0
vt 0.15000000596046448 0
vt 0.25 0
vt 0.3499999940395355 0
vt 0.44999998807907104 0
vt 0.550000011920929 0
vt 0.6499999761581421 0
vt 0.75 0
vt 0.8500000238418579 0
vt 0.949999988079071 0
vn 0 1 0
vn 0 1 0
vn 0 1 0
vn 0 1 0
vn 0 1 0
vn 0 1 0
vn 0 1 0
vn 0 1 0
vn 0 1 0
vn 0 1 0
vn 0 1 0
vn -0.3826834370613369 0.9238795305660377 0
vn -0.30959741046821454 0.9238795270537845 0.22493568619107826
vn -0.11825568589945505 0.9238795324059993 0.36395357170073417
vn 0.11825568589945505 0.9238795324059993 0.36395357170073417
vn 0.30959741046821454 0.9238795270537845 0.22493568619107826
vn 0.3826834370613369 0.9238795305660377 4.686520603449003e-17
vn 0.30959741046821454 0.9238795270537845 -0.22493568619107826
vn 0.11825568589945505 0.9238795324059993 -0.36395357170073417
vn -0.11825568589945505 0.9238795324059993 -0.36395357170073417
vn -0.30959741046821454 0.9238795270537845 -0.22493568619107826
vn -0.3826834370613369 0.9238795305660377 -9.373041206898005e-17
vn -0.7071067811865476 0.7071067811865476 0
vn -0.5720614176588762 0.7071067668252459 0.41562694178321036
vn -0.21850800555373517 0.7071067704166476 0.6724985254555338
vn 0.21850800555373517 0.7071067704166476 0.6724985254555338
vn 0.5720614176588762 0.7071067668252459 0.41562694178321036
vn 0.7071067811865476 0.7071067811865476 8.659560751628624e-17
vn 0.5720614176588762 0.7071067668252459 -0.41562694178321036
vn 0.21850800555373517 0.7071067704166476 -0.6724985254555338
vn -0.21850800555373517 0.7071067704166476 -0.6724985254555338
vn -0.5720614176588762 0.7071067668252459 -0.41562694178321036
vn -0.7071067811865476 0.7071067811865476 -1.7319121503257247e-16
vn -0.9238795305660377 0.3826834370613369 0
vn -0.7474342453230138 0.38268341941514195 0.5430427694235064
vn -0.28549448151266615 0.38268343278472655 0.878661647790497
vn 0.28549448151266615 0.38268343278472655 0.878661647790497
vn 0.7474342453230138 0.38268341941514195 0.5430427694235064
vn 0.9238795305660377 0.3826834370613369 1.131426144463939e-16
vn 0.7474342453230138 0.38268341941514195 -0.5430427694235064
vn 0.28549448151266615 0.38268343278472655 -0.878661647790497
vn -0.28549448151266615 0.38268343278472655 -0.878661647790497
vn -0.7474342453230138 0.38268341941514195 -0.5430427694235064
vn -0.9238795305660377 0.3826834370613369 -2.262852288927878e-16
vn -1 6.123234262925839e-17 0
vn -0.8090170011595983 6.123234252155896e-17 0.5877852429542022
vn -0.3090169948284817 6.123234109277411e-17 0.9510565161477913
vn 0.3090169948284817 6.123234109277411e-17 0.9510565161477913
vn 0.8090170011595983 6.123234252155896e-17 0.5877852429542022
vn 1 6.123234262925839e-17 1.2246468525851679e-16
vn 0.8090170011595983 6.123234252155896e-17 -0.5877852429542022
vn 0.3090169948284817 6.123234109277411e-17 -0.9510565161477913
vn -0.3090169948284817 6.123234109277411e-17 -0.9510565161477913
vn -0.8090170011595983 6.123234252155896e-17 -0.5877852429542022
vn -1 6.123234262925839e-17 -2.4492937051703357e-16
vn -0.9238795305660377 -0.3826834370613369 0
vn -0.7474342453230138 -0.38268341941514195 0.5430427694235064
vn -0.28549448151266615 -0.38268343278472655 0.878661647790497
vn 0.28549448151266615 -0.38268343278472655 0.878661647790497
vn 0.7474342453230138 -0.38268341941514195 0.5430427694235064
vn 0.9238795305660377 -0.3826834370613369 1.131426144463939e-16
vn 0.7474342453230138 -0.38268341941514195 -0.5430427694235064
vn 0.28549448151266615 -0.38268343278472655 -0.878661647790497
vn -0.28549448151266615 -0.38268343278472655 -0.878661647790497
vn -0.7474342453230138 -0.38268341941514195 -0.5430427694235064
vn -0.9238795305660377 -0.3826834370613369 -2.262852288927878e-16
vn -0.7071067811865476 -0.7071067811865476 0
vn -0.5720614176588762 -0.7071067668252459 0.41562694178321036
vn -0.21850800555373517 -0.7071067704166476 0.6724985254555338
vn 0.21850800555373517 -0.7071067704166476 0.6724985254555338
vn 0.5720614176588762 -0.7071067668252459 0.41562694178321036
vn 0.7071067811865476 -0.7071067811865476 8.659560751628624e-17
vn 0.5720614176588762 -0.7071067668252459 -0.41562694178321036
vn 0.21850800555373517 -0.7071067704166476 -0.6724985254555338
vn -0.21850800555373517 -0.7071067704166476 -0.6724985254555338
vn -0.5720614176588762 -0.7071067668252459 -0.41562694178321036
vn -0.7071067811865476 -0.7071067811865476 -1.7319121503257247e-16
vn -0.3826834370613369 -0.9238795305660377 0
vn -0.30959741046821454 -0.9238795270537845 0.22493568619107826
vn -0.11825568589945505 -0.9238795324059993 0.36395357170073417
vn 0.11825568589945505 -0.9238795324059993 0.36395357170073417
vn 0.30959741046821454 -0.9238795270537845 0.22493568619107826
vn 0.3826834370613369 -0.9238795305660377 4.686520603449003e-17
vn 0.30959741046821454 -0.9238795270537845 -0.22493568619107826
vn 0.11825568589945505 -0.9238795324059993 -0.36395357170073417
vn -0.11825568589945505 -0.9238795324059993 -0.36395357170073417
vn -0.30959741046821454 -0.9238795270537845 -0.22493568619107826
vn -0.3826834370613369 -0.9238795305660377 -9.373041206898005e-17
vn -1.2246468525851679e-16 -1 0
vn -9.907600785479212e-17 -1 7.198293111792428e-17
vn -3.7843668534256176e-17 -1 1.1647082866083914e-16
vn 3.7843668534256176e-17 -1 1.1647082866083914e-16
vn 9.907600785479212e-17 -1 7.198293111792428e-17
vn 1.2246468525851679e-16 -1 1.4997597572211942e-32
vn 9.907600785479212e-17 -1 -7.198293111792428e-17
vn 3.7843668534256176e-17 -1 -1.1647082866083914e-16
vn -3.7843668534256176e-17 -1 -1.1647082866083914e-16
vn -9.907600785479212e-17 -1 -7.198293111792428e-17
vn -1.2246468525851679e-16 -1 -2.9995195144423884e-32
f 3423/1483/1483 3434/1494/1494 3435/1495/1495
f 3424/1484/1484 3435/1495/1495 3436/1496/1496
f 3425/1485/1485 3436/1496/1496 3437/1497/1497
f 3426/1486/1486 3437/1497/1497 3438/1498/1498
f 3427/1487/1487 3438/1498/1498 3439/1499/1499
f 3428/1488/1488 3439/1499/1499 3440/1500/1500
f 3429/1489/1489 3440/1500/1500 3441/1501/1501
f 3430/1490/1490 3441/1501/1501 3442/1502/1502
f 3431/1491/1491 3442/1502/1502 3443/1503/1503
f 3432/1492/1492 3443/1503/1503 3444/1504/1504
f 3435/1495/1495 3434/1494/1494 3446/1506/1506
f 3434/1494/1494 3445/1505/1505 3446/1506/1506
f 3436/1496/1496 3435/1495/1495 3447/1507/1507
f 3435/1495/1495 3446/1506/1506 3447/1507/1507
f 3437/1497/1497 3436/1496/1496 3448/1508/1508
f 3436/1496/1496 3447/1507/1507 3448/1508/1508
f 3438/1498/1498 3437/1497/1497 3449/1509/1509
f 3437/1497/1497 3448/1508/1508 3449/1509/1509
f 3439/1499/1499 3438/1498/1498 3450/1510/1510
f 3438/1498/1498 3449/1509/1509 3450/1510/1510
f 3440/1500/1500 3439/1499/1499 3451/1511/1511
f 3439/1499/1499 3450/1510/1510 3451/1511/1511
f 3441/1501/1501 3440/1500/1500 3452/1512/1512
f 3440/1500/1500 3451/1511/1511 3452/1512/1512
f 3442/1502/1502 3441/1501/1501 3453/1513/1513
f 3441/1501/1501 3452/1512/1512 3453/1513/1513
f 3443/1503/1503 3442/1502/1502 3454/1514/1514
f 3442/1502/1502 3453/1513/1513 3454/1514/1514
f 3444/1504/1504 3443/1503/1503 3455/1515/1515
f 3443/1503/1503 3454/1514/1514 3455/1515/1515
f 3446/1506/1506 3445/1505/1505 3457/1517/1517
f 3445/1505/1505 3456/1516/1516 3457/1517/1517
f 3447/1507/1507 3446/1506/1506 3458/1518/1518
f 3446/1506/1506 3457/1517/1517 3458/1518/1518
f 3448/1508/1508 3447/1507/1507 3459/1519/1519
f 3447/1507/1507 3458/1518/1518 3459/1519/1519
f 3449/1509/1509 3448/1508/1508 3460/1520/1520
f 3448/1508/1508 3459/1519/1519 3460/1520/1520
f 3450/1510/1510 3449/1509/1509 3461/1521/1521
f 3449/1509/1509 3460/1520/1520 3461/1521/1521
f 3451/1511/1511 3450/1510/1510 3462/1522/1522
f 3450/1510/1510 3461/1521/1521 3462/1522/1522
f 3452/1512/1512 3451/1511/1511 3463/1523/1523
f 3451/1511/1511 3462/1522/1522 3463/1523/1523
f 3453/1513/1513 3452/1512/1512 3464/1524/1524
f 3452/1512/1512 3463/1523/1523 3464/1524/1524
f 3454/1514/1514 3453/1513/1513 3465/1525/1525
f 3453/1513/1513 3464/1524/1524 3465/1525/1525
f 3455/1515/1515 3454/1514/1514 3466/1526/1526
f 3454/1514/1514 3465/1525/1525 3466/1526/1526
f 3457/1517/1517 3456/1516/1516 3468/1528/1528
f 3456/1516/1516 3467/1527/1527 3468/1528/1528
f 3458/1518/1518 3457/1517/1517 3469/1529/1529
f 3457/1517/1517 3468/1528/1528 3469/1529/1529
f 3459/1519/1519 3458/1518/1518 3470/1530/1530
f 3458/1518/1518 3469/1529/1529 3470/1530/1530
f 3460/1520/1520 3459/1519/1519 3471/1531/1531
f 3459/1519/1519 3470/1530/1530 3471/1531/1531
f 3461/1521/1521 3460/1520/1520 3472/1532/1532
f 3460/1520/1520 3471/1531/1531 3472/1532/1532
f 3462/1522/1522 3461/1521/1521 3473/1533/1533
f 3461/1521/1521 3472/1532/1532 3473/1533/1533
f 3463/1523/1523 3462/1522/1522 3474/1534/1534
f 3462/1522/1522 3473/1533/1533 3474/1534/1534
f 3464/1524/1524 3463/1523/1523 3475/1535/1535
f 3463/1523/1523 3474/1534/1534 3475/1535/1535
f 3465/1525/1525 3464/1524/1524 3476/1536/1536
f 3464/1524/1524 3475/1535/1535 3476/1536/1536
f 3466/1526/1526 3465/1525/1525 3477/1537/1537
f 3465/1525/1525 3476/1536/1536 3477/1537/1537
f 3468/1528/1528 3467/1527/1527 3479/1539/1539
f 3467/1527/1527 3478/1538/1538 3479/1539/1539
f 3469/1529/1529 3468/1528/1528 3480/1540/1540
f 3468/1528/1528 3479/1539/1539 3480/1540/1540
f 3470/1530/1530 3469/1529/1529 3481/1541/1541
f 3469/1529/1529 3480/1540/1540 3481/1541/1541
f 3471/1531/1531 3470/1530/1530 3482/1542/1542
f 3470/1530/1530 3481/1541/1541 3482/1542/1542
f 3472/1532/1532 3471/1531/1531 3483/1543/1543
f 3471/1531/1531 3482/1542/1542 3483/1543/1543
f 3473/1533/1533 3472/1532/1532 3484/1544/1544
f 3472/1532/1532 3483/1543/1543 3484/1544/1544
f 3474/1534/1534 3473/1533/1533 3485/1545/1545
f 3473/1533/1533 3484/1544/1544 3485/1545/1545
f 3475/1535/1535 3474/1534/1534 3486/1546/1546
f 3474/1534/1534 3485/1545/1545 3486/1546/1546
f 3476/1536/1536 3475/1535/1535 3487/1547/1547
f 3475/1535/1535 3486/1546/1546 3487/1547/1547
f 3477/1537/1537 3476/1536/1536 3488/1548/1548
f 3476/1536/1536 3487/1547/1547 3488/1548/1548
f 3479/1539/1539 3478/1538/1538 3490/1550/1550
f 3478/1538/1538 3489/1549/1549 3490/1550/1550
f 3480/1540/1540 3479/1539/1539 3491/1551/1551
f 3479/1539/1539 3490/1550/1550 3491/1551/1551
f 3481/1541/1541 3480/1540/1540 3492/1552/1552
f 3480/1540/1540 3491/1551/1551 3492/1552/1552
f 3482/1542/1542 3481/1541/1541 3493/1553/1553
f 3481/1541/1541 3492/1552/1552 3493/1553/1553
f 3483/1543/1543 3482/1542/1542 3494/1554/1554
f 3482/1542/1542 3493/1553/1553 3494/1554/1554
f 3484/1544/1544 3483/1543/1543 3495/1555/1555
f 3483/1543/1543 3494/1554/1554 3495/1555/1555
f 3485/1545/1545 3484/1544/1544 3496/1556/1556
f 3484/1544/1544 3495/1555/1555 3496/1556/1556
f 3486/1546/1546 3485/1545/1545 3497/1557/1557
f 3485/1545/1545 3496/1556/1556 3497/1557/1557
f 3487/1547/1547 3486/1546/1546 3498/1558/1558
f 3486/1546/1546 3497/1557/1557 3498/1558/1558
f 3488/1548/1548 3487/1547/1547 3499/1559/1559
f 3487/1547/1547 3498/1558/1558 3499/1559/1559
f 3490/1550/1550 3489/1549/1549 3501/1561/1561
f 3489/1549/1549 3500/1560/1560 3501/1561/1561
f 3491/1551/1551 3490/1550/1550 3502/1562/1562
f 3490/1550/1550 3501/1561/1561 3502/1562/1562
f 3492/1552/1552 3491/1551/1551 3503/1563/1563
f 3491/1551/1551 3502/1562/1562 3503/1563/1563
f 3493/1553/1553 3492/1552/1552 3504/1564/1564
f 3492/1552/1552 3503/1563/1563 3504/1564/1564
f 3494/1554/1554 3493/1553/1553 3505/1565/1565
f 3493/1553/1553 3504/1564/1564 3505/1565/1565
f 3495/1555/1555 3494/1554/1554 3506/1566/1566
f 3494/1554/1554 3505/1565/1565 3506/1566/1566
f 3496/1556/1556 3495/1555/1555 3507/1567/1567
f 3495/1555/1555 3506/1566/1566 3507/1567/1567
f 3497/1557/1557 3496/1556/1556 3508/1568/1568
f 3496/1556/1556 3507/1567/1567 3508/1568/1568
f 3498/1558/1558 3497/1557/1557 3509/1569/1569
f 3497/1557/1557 3508/1568/1568 3509/1569/1569
f 3499/1559/1559 3498/1558/1558 3510/1570/1570
f 3498/1558/1558 3509/1569/1569 3510/1570/1570
f 3501/1561/1561 3500/1560/1560 3512/1572/1572
f 3502/1562/1562 3501/1561/1561 3513/1573/1573
f 3503/1563/1563 3502/1562/1562 3514/1574/1574
f 3504/1564/1564 3503/1563/1563 3515/1575/1575
f 3505/1565/1565 3504/1564/1564 3516/1576/1576
f 3506/1566/1566 3505/1565/1565 3517/1577/1577
f 3507/1567/1567 3506/1566/1566 3518/1578/1578
f 3508/1568/1568 3507/1567/1567 3519/1579/1579
f 3509/1569/1569 3508/1568/1568 3520/1580/1580
f 3510/1570/1570 3509/1569/1569 3521/1581/1581
o sensor
usemtl lima_solido
v -0.9199999999999999 0.9900000035762787 -2.3
v -0.9199999999999999 0.9900000035762787 -2.3
v -0.9199999999999999 0.9900000035762787 -2.3
v -0.9199999999999999 0.9900000035762787 -2.3
v -0.9199999999999999 0.9900000035762787 -2.3
v -0.9199999999999999 0.9900000035762787 -2.3
v -0.9199999999999999 0.9900000035762787 -2.3
v -0.9199999999999999 0.9900000035762787 -2.3
v -0.9199999999999999 0.9900000035762787 -2.3
v -0.9199999999999999 0.9900000035762787 -2.3
v -0.9199999999999999 0.9900000035762787 -2.3
v -0.9544415083527564 0.9831491574645043 -2.3
v -0.9478637651354074 0.9831491574645043 -2.279755789041519
v -0.9306430118903517 0.9831491574645043 -2.2672441780567167
v -0.9093569881096482 0.9831491574645043 -2.2672441780567167
v -0.8921362348645925 0.9831491574645043 -2.279755789041519
v -0.8855584916472434 0.9831491574645043 -2.3
v -0.8921362348645925 0.9831491574645043 -2.3202442109584807
v -0.9093569881096482 0.9831491574645043 -2.332755821943283
v -0.9306430118903517 0.9831491574645043 -2.332755821943283
v -0.9478637651354074 0.9831491574645043 -2.3202442109584807
v -0.9544415083527564 0.9831491574645043 -2.3
v -0.983639611005783 0.9636396110057831 -2.3
v -0.971485527306795 0.9636396110057831 -2.2625935740768908
v -0.9396657218039035 0.9636396110057831 -2.239475134015083
v -0.9003342781960963 0.9636396110057831 -2.239475134015083
v -0.8685144726932048 0.9636396110057831 -2.2625935740768908
v -0.8563603889942168 0.9636396110057831 -2.3
v -0.8685144726932048 0.9636396110057831 -2.337406425923109
v -0.9003342781960963 0.9636396110057831 -2.3605248659849165
v -0.9396657218039035 0.9636396110057831 -2.3605248659849165
v -0.971485527306795 0.9636396110057831 -2.337406425923109
v -0.983639611005783 0.9636396110057831 -2.3
v -1.0031491574645042 0.9344415083527565 -2.3
v -0.9872690793871879 0.9344415083527565 -2.2511261507868765
v -0.9456945025175809 0.9344415083527565 -2.2209204539656637
v -0.8943054974824189 0.9344415083527565 -2.2209204539656637
v -0.852730920612812 0.9344415083527565 -2.2511261507868765
v -0.8368508425354957 0.9344415083527565 -2.3
v -0.852730920612812 0.9344415083527565 -2.348873849213123
v -0.8943054974824189 0.9344415083527565 -2.379079546034336
v -0.9456945025175809 0.9344415083527565 -2.379079546034336
v -0.9872690793871879 0.9344415083527565 -2.348873849213123
v -1.0031491574645042 0.9344415083527565 -2.3
v -1.0100000035762786 0.9 -2.3
v -0.9928115290403365 0.9 -2.2470993280410765
v -0.9478115291148423 0.9 -2.2144049137830732
v -0.8921884708851575 0.9 -2.2144049137830732
v -0.8471884709596633 0.9 -2.2470993280410765
v -0.8299999964237212 0.9 -2.3
v -0.8471884709596633 0.9 -2.352900671958923
v -0.8921884708851575 0.9 -2.3855950862169264
v -0.9478115291148423 0.9 -2.3855950862169264
v -0.9928115290403365 0.9 -2.352900671958923
v -1.0100000035762786 0.9 -2.3
v -1.0031491574645042 0.8655584916472435 -2.3
v -0.9872690793871879 0.8655584916472435 -2.2511261507868765
v -0.9456945025175809 0.8655584916472435 -2.2209204539656637
v -0.8943054974824189 0.8655584916472435 -2.2209204539656637
v -0.852730920612812 0.8655584916472435 -2.2511261507868765
v -0.8368508425354957 0.8655584916472435 -2.3
v -0.852730920612812 0.8655584916472435 -2.348873849213123
v -0.8943054974824189 0.8655584916472435 -2.379079546034336
v -0.9456945025175809 0.8655584916472435 -2.379079546034336
v -0.9872690793871879 0.8655584916472435 -2.348873849213123
v -1.0031491574645042 0.8655584916472435 -2.3
v -0.983639611005783 0.8363603889942169 -2.3
v -0.971485527306795 0.8363603889942169 -2.2625935740768908
v -0.9396657218039035 0.8363603889942169 -2.239475134015083
v -0.9003342781960963 0.8363603889942169 -2.239475134015083
v -0.8685144726932048 0.8363603889942169 -2.2625935740768908
v -0.8563603889942168 0.8363603889942169 -2.3
v -0.8685144726932048 0.8363603889942169 -2.337406425923109
v -0.9003342781960963 0.8363603889942169 -2.3605248659849165
v -0.9396657218039035 0.8363603889942169 -2.3605248659849165
v -0.971485527306795 0.8363603889942169 -2.337406425923109
v -0.983639611005783 0.8363603889942169 -2.3
v -0.9544415083527564 0.8168508425354958 -2.3
v -0.9478637651354074 0.8168508425354958 -2.279755789041519
v -0.9306430118903517 0.8168508425354958 -2.2672441780567167
v -0.9093569881096482 0.8168508425354958 -2.2672441780567167
v -0.8921362348645925 0.8168508425354958 -2.279755789041519
v -0.8855584916472434 0.8168508425354958 -2.3
v -0.8921362348645925 0.8168508425354958 -2.3202442109584807
v -0.9093569881096482 0.8168508425354958 -2.332755821943283
v -0.9306430118903517 0.8168508425354958 -2.332755821943283
v -0.9478637651354074 0.8168508425354958 -2.3202442109584807
v -0.9544415083527564 0.8168508425354958 -2.3
v -0.9199999999999999 0.8099999964237213 -2.3
v -0.9199999999999999 0.8099999964237213 -2.3
v -0.9199999999999999 0.8099999964237213 -2.3
v -0.9199999999999999 0.8099999964237213 -2.3
v -0.9199999999999999 0.8099999964237213 -2.3
v -0.9199999999999999 0.8099999964237213 -2.3
v -0.9199999999999999 0.8099999964237213 -2.3
v -0.9199999999999999 0.8099999964237213 -2.3
v -0.9199999999999999 0.8099999964237213 -2.3
v -0.9199999999999999 0.8099999964237213 -2.3
v -0.9199999999999999 0.8099999964237213 -2.3
vt 0.05000000074505806 1
vt 0.15000000596046448 1
vt 0.25 1
vt 0.3499999940395355 1
vt 0.44999998807907104 1
vt 0.550000011920929 1
vt 0.6499999761581421 1
vt 0.75 1
vt 0.8500000238418579 1
vt 0.949999988079071 1
vt 1.0499999523162842 1
vt 0 0.875
vt 0.10000000149011612 0.875
vt 0.20000000298023224 0.875
vt 0.30000001192092896 0.875
vt 0.4000000059604645 0.875
vt 0.5 0.875
vt 0.6000000238418579 0.875
vt 0.699999988079071 0.875
vt 0.800000011920929 0.875
vt 0.8999999761581421 0.875
vt 1 0.875
vt 0 0.75
vt 0.10000000149011612 0.75
vt 0.20000000298023224 0.75
vt 0.30000001192092896 0.75
vt 0.4000000059604645 0.75
vt 0.5 0.75
vt 0.6000000238418579 0.75
vt 0.699999988079071 0.75
vt 0.800000011920929 0.75
vt 0.8999999761581421 0.75
vt 1 0.75
vt 0 0.625
vt 0.10000000149011612 0.625
vt 0.20000000298023224 0.625
vt 0.30000001192092896 0.625
vt 0.4000000059604645 0.625
vt 0.5 0.625
vt 0.6000000238418579 0.625
vt 0.699999988079071 0.625
vt 0.800000011920929 0.625
vt 0.8999999761581421 0.625
vt 1 0.625
vt 0 0.5
vt 0.10000000149011612 0.5
vt 0.20000000298023224 0.5
vt 0.30000001192092896 0.5
vt 0.4000000059604645 0.5
vt 0.5 0.5
vt 0.6000000238418579 0.5
vt 0.699999988079071 0.5
vt 0.800000011920929 0.5
vt 0.8999999761581421 0.5
vt 1 0.5
vt 0 0.375
vt 0.10000000149011612 0.375
vt 0.20000000298023224 0.375
vt 0.30000001192092896 0.375
vt 0.4000000059604645 0.375
vt 0.5 0.375
vt 0.6000000238418579 0.375
vt 0.699999988079071 0.375
vt 0.800000011920929 0.375
vt 0.8999999761581421 0.375
vt 1 0.375
vt 0 0.25
vt 0.10000000149011612 0.25
vt 0.20000000298023224 0.25
vt 0.30000001192092896 0.25
vt 0.4000000059604645 0.25
vt 0.5 0.25
vt 0.6000000238418579 0.25
vt 0.699999988079071 0.25
vt 0.800000011920929 0.25
vt 0.8999999761581421 0.25
vt 1 0.25
vt 0 0.125
vt 0.10000000149011612 0.125
vt 0.20000000298023224 0.125
vt 0.30000001192092896 0.125
vt 0.4000000059604645 0.125
vt 0.5 0.125
vt 0.6000000238418579 0.125
vt 0.699999988079071 0.125
vt 0.800000011920929 0.125
vt 0.8999999761581421 0.125
vt 1 0.125
vt -0.05000000074505806 0
vt 0.05000000074505806 0
vt 0.15000000596046448 0
vt 0.25 0
vt 0.3499999940395355 0
vt 0.44999998807907104 0
vt 0.550000011920929 0
vt 0.6499999761581421 0
vt 0.75 0
vt 0.8500000238418579 0
vt 0.949999988079071 0
vn 0 1 0
vn 0 1 0
vn 0 1 0
vn 0 1 0
vn 0 1 0
vn 0 1 0
vn 0 1 0
vn 0 1 0
vn 0 1 0
vn 0 1 0
vn 0 1 0
vn -0.3826834370613369 0.9238795305660377 0
vn -0.30959741046821454 0.9238795270537845 0.22493568619107826
vn -0.11825568589945505 0.9238795324059993 0.36395357170073417
vn 0.11825568589945505 0.9238795324059993 0.36395357170073417
vn 0.30959741046821454 0.9238795270537845 0.22493568619107826
vn 0.3826834370613369 0.9238795305660377 4.686520603449003e-17
vn 0.30959741046821454 0.9238795270537845 -0.22493568619107826
vn 0.11825568589945505 0.9238795324059993 -0.36395357170073417
vn -0.11825568589945505 0.9238795324059993 -0.36395357170073417
vn -0.30959741046821454 0.9238795270537845 -0.22493568619107826
vn -0.3826834370613369 0.9238795305660377 -9.373041206898005e-17
vn -0.7071067811865476 0.7071067811865476 0
vn -0.5720614176588762 0.7071067668252459 0.41562694178321036
vn -0.21850800555373517 0.7071067704166476 0.6724985254555338
vn 0.21850800555373517 0.7071067704166476 0.6724985254555338
vn 0.5720614176588762 0.7071067668252459 0.41562694178321036
vn 0.7071067811865476 0.7071067811865476 8.659560751628624e-17
vn 0.5720614176588762 0.7071067668252459 -0.41562694178321036
vn 0.21850800555373517 0.7071067704166476 -0.6724985254555338
vn -0.21850800555373517 0.7071067704166476 -0.6724985254555338
vn -0.5720614176588762 0.7071067668252459 -0.41562694178321036
vn -0.7071067811865476 0.7071067811865476 -1.7319121503257247e-16
vn -0.9238795305660377 0.3826834370613369 0
vn -0.7474342453230138 0.38268341941514195 0.5430427694235064
vn -0.28549448151266615 0.38268343278472655 0.878661647790497
vn 0.28549448151266615 0.38268343278472655 0.878661647790497
vn 0.7474342453230138 0.38268341941514195 0.5430427694235064
vn 0.9238795305660377 0.3826834370613369 1.131426144463939e-16
vn 0.7474342453230138 0.38268341941514195 -0.5430427694235064
vn 0.28549448151266615 0.38268343278472655 -0.878661647790497
vn -0.28549448151266615 0.38268343278472655 -0.878661647790497
vn -0.7474342453230138 0.38268341941514195 -0.5430427694235064
vn -0.9238795305660377 0.3826834370613369 -2.262852288927878e-16
vn -1 6.123234262925839e-17 0
vn -0.8090170011595983 6.123234252155896e-17 0.5877852429542022
vn -0.3090169948284817 6.123234109277411e-17 0.9510565161477913
vn 0.3090169948284817 6.123234109277411e-17 0.9510565161477913
vn 0.8090170011595983 6.123234252155896e-17 0.5877852429542022
vn 1 6.123234262925839e-17 1.2246468525851679e-16
vn 0.8090170011595983 6.123234252155896e-17 -0.5877852429542022
vn 0.3090169948284817 6.123234109277411e-17 -0.9510565161477913
vn -0.3090169948284817 6.123234109277411e-17 -0.9510565161477913
vn -0.8090170011595983 6.123234252155896e-17 -0.5877852429542022
vn -1 6.123234262925839e-17 -2.4492937051703357e-16
vn -0.9238795305660377 -0.3826834370613369 0
vn -0.7474342453230138 -0.38268341941514195 0.5430427694235064
vn -0.28549448151266615 -0.38268343278472655 0.878661647790497
vn 0.28549448151266615 -0.38268343278472655 0.878661647790497
vn 0.7474342453230138 -0.38268341941514195 0.5430427694235064
vn 0.9238795305660377 -0.3826834370613369 1.131426144463939e-16
vn 0.7474342453230138 -0.38268341941514195 -0.5430427694235064
vn 0.28549448151266615 -0.38268343278472655 -0.878661647790497
vn -0.28549448151266615 -0.38268343278472655 -0.878661647790497
vn -0.7474342453230138 -0.38268341941514195 -0.5430427694235064
vn -0.9238795305660377 -0.3826834370613369 -2.262852288927878e-16
vn -0.7071067811865476 -0.7071067811865476 0
vn -0.5720614176588762 -0.7071067668252459 0.41562694178321036
vn -0.21850800555373517 -0.7071067704166476 0.6724985254555338
vn 0.21850800555373517 -0.7071067704166476 0.6724985254555338
vn 0.5720614176588762 -0.7071067668252459 0.41562694178321036
vn 0.7071067811865476 -0.7071067811865476 8.659560751628624e-17
vn 0.5720614176588762 -0.7071067668252459 -0.41562694178321036
vn 0.21850800555373517 -0.7071067704166476 -0.6724985254555338
vn -0.21850800555373517 -0.7071067704166476 -0.6724985254555338
vn -0.5720614176588762 -0.7071067668252459 -0.41562694178321036
vn -0.7071067811865476 -0.7071067811865476 -1.7319121503257247e-16
vn -0.3826834370613369 -0.9238795305660377 0
vn -0.30959741046821454 -0.9238795270537845 0.22493568619107826
vn -0.11825568589945505 -0.9238795324059993 0.36395357170073417
vn 0.11825568589945505 -0.9238795324059993 0.36395357170073417
vn 0.30959741046821454 -0.9238795270537845 0.22493568619107826
vn 0.3826834370613369 -0.9238795305660377 4.686520603449003e-17
vn 0.30959741046821454 -0.9238795270537845 -0.22493568619107826
vn 0.11825568589945505 -0.9238795324059993 -0.36395357170073417
vn -0.11825568589945505 -0.9238795324059993 -0.36395357170073417
vn -0.30959741046821454 -0.9238795270537845 -0.22493568619107826
vn -0.3826834370613369 -0.9238795305660377 -9.373041206898005e-17
vn -1.2246468525851679e-16 -1 0
vn -9.907600785479212e-17 -1 7.198293111792428e-17
vn -3.7843668534256176e-17 -1 1.1647082866083914e-16
vn 3.7843668534256176e-17 -1 1.1647082866083914e-16
vn 9.907600785479212e-17 -1 7.198293111792428e-17
vn 1.2246468525851679e-16 -1 1.4997597572211942e-32
vn 9.907600785479212e-17 -1 -7.198293111792428e-17
vn 3.7843668534256176e-17 -1 -1.1647082866083914e-16
vn -3.7843668534256176e-17 -1 -1.1647082866083914e-16
vn -9.907600785479212e-17 -1 -7.198293111792428e-17
vn -1.2246468525851679e-16 -1 -2.9995195144423884e-32
f 3522/1582/1582 3533/1593/1593 3534/1594/1594
f 3523/1583/1583 3534/1594/1594 3535/1595/1595
f 3524/1584/1584 3535/1595/1595 3536/1596/1596
f 3525/1585/1585 3536/1596/1596 3537/1597/1597
f 3526/1586/1586 3537/1597/1597 3538/1598/1598
f 3527/1587/1587 3538/1598/1598 3539/1599/1599
f 3528/1588/1588 3539/1599/1599 3540/1600/1600
f 3529/1589/1589 3540/1600/1600 3541/1601/1601
f 3530/1590/1590 3541/1601/1601 3542/1602/1602
f 3531/1591/1591 3542/1602/1602 3543/1603/1603
f 3534/1594/1594 3533/1593/1593 3545/1605/1605
f 3533/1593/1593 3544/1604/1604 3545/1605/1605
f 3535/1595/1595 3534/1594/1594 3546/1606/1606
f 3534/1594/1594 3545/1605/1605 3546/1606/1606
f 3536/1596/1596 3535/1595/1595 3547/1607/1607
f 3535/1595/1595 3546/1606/1606 3547/1607/1607
f 3537/1597/1597 3536/1596/1596 3548/1608/1608
f 3536/1596/1596 3547/1607/1607 3548/1608/1608
f 3538/1598/1598 3537/1597/1597 3549/1609/1609
f 3537/1597/1597 3548/1608/1608 3549/1609/1609
f 3539/1599/1599 3538/1598/1598 3550/1610/1610
f 3538/1598/1598 3549/1609/1609 3550/1610/1610
f 3540/1600/1600 3539/1599/1599 3551/1611/1611
f 3539/1599/1599 3550/1610/1610 3551/1611/1611
f 3541/1601/1601 3540/1600/1600 3552/1612/1612
f 3540/1600/1600 3551/1611/1611 3552/1612/1612
f 3542/1602/1602 3541/1601/1601 3553/1613/1613
f 3541/1601/1601 3552/1612/1612 3553/1613/1613
f 3543/1603/1603 3542/1602/1602 3554/1614/1614
f 3542/1602/1602 3553/1613/1613 3554/1614/1614
f 3545/1605/1605 3544/1604/1604 3556/1616/1616
f 3544/1604/1604 3555/1615/1615 3556/1616/1616
f 3546/1606/1606 3545/1605/1605 3557/1617/1617
f 3545/1605/1605 3556/1616/1616 3557/1617/1617
f 3547/1607/1607 3546/1606/1606 3558/1618/1618
f 3546/1606/1606 3557/1617/1617 3558/1618/1618
f 3548/1608/1608 3547/1607/1607 3559/1619/1619
f 3547/1607/1607 3558/1618/1618 3559/1619/1619
f 3549/1609/1609 3548/1608/1608 3560/1620/1620
f 3548/1608/1608 3559/1619/1619 3560/1620/1620
f 3550/1610/1610 3549/1609/1609 3561/1621/1621
f 3549/1609/1609 3560/1620/1620 3561/1621/1621
f 3551/1611/1611 3550/1610/1610 3562/1622/1622
f 3550/1610/1610 3561/1621/1621 3562/1622/1622
f 3552/1612/1612 3551/1611/1611 3563/1623/1623
f 3551/1611/1611 3562/1622/1622 3563/1623/1623
f 3553/1613/1613 3552/1612/1612 3564/1624/1624
f 3552/1612/1612 3563/1623/1623 3564/1624/1624
f 3554/1614/1614 3553/1613/1613 3565/1625/1625
f 3553/1613/1613 3564/1624/1624 3565/1625/1625
f 3556/1616/1616 3555/1615/1615 3567/1627/1627
f 3555/1615/1615 3566/1626/1626 3567/1627/1627
f 3557/1617/1617 3556/1616/1616 3568/1628/1628
f 3556/1616/1616 3567/1627/1627 3568/1628/1628
f 3558/1618/1618 3557/1617/1617 3569/1629/1629
f 3557/1617/1617 3568/1628/1628 3569/1629/1629
f 3559/1619/1619 3558/1618/1618 3570/1630/1630
f 3558/1618/1618 3569/1629/1629 3570/1630/1630
f 3560/1620/1620 3559/1619/1619 3571/1631/1631
f 3559/1619/1619 3570/1630/1630 3571/1631/1631
f 3561/1621/1621 3560/1620/1620 3572/1632/1632
f 3560/1620/1620 3571/1631/1631 3572/1632/1632
f 3562/1622/1622 3561/1621/1621 3573/1633/1633
f 3561/1621/1621 3572/1632/1632 3573/1633/1633
f 3563/1623/1623 3562/1622/1622 3574/1634/1634
f 3562/1622/1622 3573/1633/1633 3574/1634/1634
f 3564/1624/1624 3563/1623/1623 3575/1635/1635
f 3563/1623/1623 3574/1634/1634 3575/1635/1635
f 3565/1625/1625 3564/1624/1624 3576/1636/1636
f 3564/1624/1624 3575/1635/1635 3576/1636/1636
f 3567/1627/1627 3566/1626/1626 3578/1638/1638
f 3566/1626/1626 3577/1637/1637 3578/1638/1638
f 3568/1628/1628 3567/1627/1627 3579/1639/1639
f 3567/1627/1627 3578/1638/1638 3579/1639/1639
f 3569/1629/1629 3568/1628/1628 3580/1640/1640
f 3568/1628/1628 3579/1639/1639 3580/1640/1640
f 3570/1630/1630 3569/1629/1629 3581/1641/1641
f 3569/1629/1629 3580/1640/1640 3581/1641/1641
f 3571/1631/1631 3570/1630/1630 3582/1642/1642
f 3570/1630/1630 3581/1641/1641 3582/1642/1642
f 3572/1632/1632 3571/1631/1631 3583/1643/1643
f 3571/1631/1631 3582/1642/1642 3583/1643/1643
f 3573/1633/1633 3572/1632/1632 3584/1644/1644
f 3572/1632/1632 3583/1643/1643 3584/1644/1644
f 3574/1634/1634 3573/1633/1633 3585/1645/1645
f 3573/1633/1633 3584/1644/1644 3585/1645/1645
f 3575/1635/1635 3574/1634/1634 3586/1646/1646
f 3574/1634/1634 3585/1645/1645 3586/1646/1646
f 3576/1636/1636 3575/1635/1635 3587/1647/1647
f 3575/1635/1635 3586/1646/1646 3587/1647/1647
f 3578/1638/1638 3577/1637/1637 3589/1649/1649
f 3577/1637/1637 3588/1648/1648 3589/1649/1649
f 3579/1639/1639 3578/1638/1638 3590/1650/1650
f 3578/1638/1638 3589/1649/1649 3590/1650/1650
f 3580/1640/1640 3579/1639/1639 3591/1651/1651
f 3579/1639/1639 3590/1650/1650 3591/1651/1651
f 3581/1641/1641 3580/1640/1640 3592/1652/1652
f 3580/1640/1640 3591/1651/1651 3592/1652/1652
f 3582/1642/1642 3581/1641/1641 3593/1653/1653
f 3581/1641/1641 3592/1652/1652 3593/1653/1653
f 3583/1643/1643 3582/1642/1642 3594/1654/1654
f 3582/1642/1642 3593/1653/1653 3594/1654/1654
f 3584/1644/1644 3583/1643/1643 3595/1655/1655
f 3583/1643/1643 3594/1654/1654 3595/1655/1655
f 3585/1645/1645 3584/1644/1644 3596/1656/1656
f 3584/1644/1644 3595/1655/1655 3596/1656/1656
f 3586/1646/1646 3585/1645/1645 3597/1657/1657
f 3585/1645/1645 3596/1656/1656 3597/1657/1657
f 3587/1647/1647 3586/1646/1646 3598/1658/1658
f 3586/1646/1646 3597/1657/1657 3598/1658/1658
f 3589/1649/1649 3588/1648/1648 3600/1660/1660
f 3588/1648/1648 3599/1659/1659 3600/1660/1660
f 3590/1650/1650 3589/1649/1649 3601/1661/1661
f 3589/1649/1649 3600/1660/1660 3601/1661/1661
f 3591/1651/1651 3590/1650/1650 3602/1662/1662
f 3590/1650/1650 3601/1661/1661 3602/1662/1662
f 3592/1652/1652 3591/1651/1651 3603/1663/1663
f 3591/1651/1651 3602/1662/1662 3603/1663/1663
f 3593/1653/1653 3592/1652/1652 3604/1664/1664
f 3592/1652/1652 3603/1663/1663 3604/1664/1664
f 3594/1654/1654 3593/1653/1653 3605/1665/1665
f 3593/1653/1653 3604/1664/1664 3605/1665/1665
f 3595/1655/1655 3594/1654/1654 3606/1666/1666
f 3594/1654/1654 3605/1665/1665 3606/1666/1666
f 3596/1656/1656 3595/1655/1655 3607/1667/1667
f 3595/1655/1655 3606/1666/1666 3607/1667/1667
f 3597/1657/1657 3596/1656/1656 3608/1668/1668
f 3596/1656/1656 3607/1667/1667 3608/1668/1668
f 3598/1658/1658 3597/1657/1657 3609/1669/1669
f 3597/1657/1657 3608/1668/1668 3609/1669/1669
f 3600/1660/1660 3599/1659/1659 3611/1671/1671
f 3601/1661/1661 3600/1660/1660 3612/1672/1672
f 3602/1662/1662 3601/1661/1661 3613/1673/1673
f 3603/1663/1663 3602/1662/1662 3614/1674/1674
f 3604/1664/1664 3603/1663/1663 3615/1675/1675
f 3605/1665/1665 3604/1664/1664 3616/1676/1676
f 3606/1666/1666 3605/1665/1665 3617/1677/1677
f 3607/1667/1667 3606/1666/1666 3618/1678/1678
f 3608/1668/1668 3607/1667/1667 3619/1679/1679
f 3609/1669/1669 3608/1668/1668 3620/1680/1680
o digestor_b_tanque_cuerpo
usemtl relleno_oscuro
v 1.4 3.599999952316284 5.1999999523162845
v 2.549999976158142 3.599999952316284 4.89185848236084
v 3.3918584823608398 3.599999952316284 4.0499999761581424
v 3.699999952316284 3.599999952316284 2.9
v 3.3918584823608398 3.599999952316284 1.7500000238418578
v 2.549999976158142 3.599999952316284 0.9081415176391601
v 1.4000000000000001 3.599999952316284 0.6000000476837157
v 0.2500000238418578 3.599999952316284 0.9081415176391601
v -0.5918584823608399 3.599999952316284 1.7500000238418578
v -0.8999999523162843 3.599999952316284 2.8999999999999995
v -0.5918584823608399 3.599999952316284 4.0499999761581424
v 0.2500000238418578 3.599999952316284 4.89185848236084
v 1.3999999999999992 3.599999952316284 5.1999999523162845
v 1.4 4.768371586472142e-8 5.1999999523162845
v 2.549999976158142 4.768371586472142e-8 4.89185848236084
v 3.3918584823608398 4.768371586472142e-8 4.0499999761581424
v 3.699999952316284 4.768371586472142e-8 2.9
v 3.3918584823608398 4.768371586472142e-8 1.7500000238418578
v 2.549999976158142 4.768371586472142e-8 0.9081415176391601
v 1.4000000000000001 4.768371586472142e-8 0.6000000476837157
v 0.2500000238418578 4.768371586472142e-8 0.9081415176391601
v -0.5918584823608399 4.768371586472142e-8 1.7500000238418578
v -0.8999999523162843 4.768371586472142e-8 2.8999999999999995
v -0.5918584823608399 4.768371586472142e-8 4.0499999761581424
v 0.2500000238418578 4.768371586472142e-8 4.89185848236084
v 1.3999999999999992 4.768371586472142e-8 5.1999999523162845
v 1.4 3.599999952316284 2.9
v 1.4 3.599999952316284 2.9
v 1.4 3.599999952316284 2.9
v 1.4 3.599999952316284 2.9
v 1.4 3.599999952316284 2.9
v 1.4 3.599999952316284 2.9
v 1.4 3.599999952316284 2.9
v 1.4 3.599999952316284 2.9
v 1.4 3.599999952316284 2.9
v 1.4 3.599999952316284 2.9
v 1.4 3.599999952316284 2.9
v 1.4 3.599999952316284 2.9
v 1.4 3.599999952316284 5.1999999523162845
v 2.549999976158142 3.599999952316284 4.89185848236084
v 3.3918584823608398 3.599999952316284 4.0499999761581424
v 3.699999952316284 3.599999952316284 2.9
v 3.3918584823608398 3.599999952316284 1.7500000238418578
v 2.549999976158142 3.599999952316284 0.9081415176391601
v 1.4000000000000001 3.599999952316284 0.6000000476837157
v 0.2500000238418578 3.599999952316284 0.9081415176391601
v -0.5918584823608399 3.599999952316284 1.7500000238418578
v -0.8999999523162843 3.599999952316284 2.8999999999999995
v -0.5918584823608399 3.599999952316284 4.0499999761581424
v 0.2500000238418578 3.599999952316284 4.89185848236084
v 1.3999999999999992 3.599999952316284 5.1999999523162845
v 1.4 4.768371586472142e-8 2.9
v 1.4 4.768371586472142e-8 2.9
v 1.4 4.768371586472142e-8 2.9
v 1.4 4.768371586472142e-8 2.9
v 1.4 4.768371586472142e-8 2.9
v 1.4 4.768371586472142e-8 2.9
v 1.4 4.768371586472142e-8 2.9
v 1.4 4.768371586472142e-8 2.9
v 1.4 4.768371586472142e-8 2.9
v 1.4 4.768371586472142e-8 2.9
v 1.4 4.768371586472142e-8 2.9
v 1.4 4.768371586472142e-8 2.9
v 1.4 4.768371586472142e-8 5.1999999523162845
v 2.549999976158142 4.768371586472142e-8 4.89185848236084
v 3.3918584823608398 4.768371586472142e-8 4.0499999761581424
v 3.699999952316284 4.768371586472142e-8 2.9
v 3.3918584823608398 4.768371586472142e-8 1.7500000238418578
v 2.549999976158142 4.768371586472142e-8 0.9081415176391601
v 1.4000000000000001 4.768371586472142e-8 0.6000000476837157
v 0.2500000238418578 4.768371586472142e-8 0.9081415176391601
v -0.5918584823608399 4.768371586472142e-8 1.7500000238418578
v -0.8999999523162843 4.768371586472142e-8 2.8999999999999995
v -0.5918584823608399 4.768371586472142e-8 4.0499999761581424
v 0.2500000238418578 4.768371586472142e-8 4.89185848236084
v 1.3999999999999992 4.768371586472142e-8 5.1999999523162845
vt 0 1
vt 0.0833333358168602 1
vt 0.1666666716337204 1
vt 0.25 1
vt 0.3333333432674408 1
vt 0.4166666567325592 1
vt 0.5 1
vt 0.5833333134651184 1
vt 0.6666666865348816 1
vt 0.75 1
vt 0.8333333134651184 1
vt 0.9166666865348816 1
vt 1 1
vt 0 0
vt 0.0833333358168602 0
vt 0.1666666716337204 0
vt 0.25 0
vt 0.3333333432674408 0
vt 0.4166666567325592 0
vt 0.5 0
vt 0.5833333134651184 0
vt 0.6666666865348816 0
vt 0.75 0
vt 0.8333333134651184 0
vt 0.9166666865348816 0
vt 1 0
vt 0.5 0.5
vt 0.5 0.5
vt 0.5 0.5
vt 0.5 0.5
vt 0.5 0.5
vt 0.5 0.5
vt 0.5 0.5
vt 0.5 0.5
vt 0.5 0.5
vt 0.5 0.5
vt 0.5 0.5
vt 0.5 0.5
vt 1 0.5
vt 0.9330127239227295 0.75
vt 0.75 0.9330127239227295
vt 0.5 1
vt 0.25 0.9330127239227295
vt 0.0669872984290123 0.75
vt 0 0.5
vt 0.0669872984290123 0.25
vt 0.25 0.0669872984290123
vt 0.5 0
vt 0.75 0.0669872984290123
vt 0.9330127239227295 0.25
vt 1 0.5
vt 0.5 0.5
vt 0.5 0.5
vt 0.5 0.5
vt 0.5 0.5
vt 0.5 0.5
vt 0.5 0.5
vt 0.5 0.5
vt 0.5 0.5
vt 0.5 0.5
vt 0.5 0.5
vt 0.5 0.5
vt 0.5 0.5
vt 1 0.5
vt 0.9330127239227295 0.25
vt 0.75 0.0669872984290123
vt 0.5 0
vt 0.25 0.0669872984290123
vt 0.0669872984290123 0.25
vt 0 0.5
vt 0.0669872984290123 0.75
vt 0.25 0.9330127239227295
vt 0.5 1
vt 0.75 0.9330127239227295
vt 0.9330127239227295 0.75
vt 1 0.5
vn 0 0 1
vn 0.5000000067305869 0 0.8660253998985324
vn 0.8660253998985324 0 0.5000000067305869
vn 1 0 6.123234262925839e-17
vn 0.8660253998985324 0 -0.5000000067305869
vn 0.5000000067305869 0 -0.8660253998985324
vn 1.2246468525851679e-16 0 -1
vn -0.5000000067305869 0 -0.8660253998985324
vn -0.8660253998985324 0 -0.5000000067305869
vn -1 0 -1.8369701465288538e-16
vn -0.8660253998985324 0 0.5000000067305869
vn -0.5000000067305869 0 0.8660253998985324
vn -2.4492937051703357e-16 0 1
vn 0 0 1
vn 0.5000000067305869 0 0.8660253998985324
vn 0.8660253998985324 0 0.5000000067305869
vn 1 0 6.123234262925839e-17
vn 0.8660253998985324 0 -0.5000000067305869
vn 0.5000000067305869 0 -0.8660253998985324
vn 1.2246468525851679e-16 0 -1
vn -0.5000000067305869 0 -0.8660253998985324
vn -0.8660253998985324 0 -0.5000000067305869
vn -1 0 -1.8369701465288538e-16
vn -0.8660253998985324 0 0.5000000067305869
vn -0.5000000067305869 0 0.8660253998985324
vn -2.4492937051703357e-16 0 1
vn 0 1 0
vn 0 1 0
vn 0 1 0
vn 0 1 0
vn 0 1 0
vn 0 1 0
vn 0 1 0
vn 0 1 0
vn 0 1 0
vn 0 1 0
vn 0 1 0
vn 0 1 0
vn 0 1 0
vn 0 1 0
vn 0 1 0
vn 0 1 0
vn 0 1 0
vn 0 1 0
vn 0 1 0
vn 0 1 0
vn 0 1 0
vn 0 1 0
vn 0 1 0
vn 0 1 0
vn 0 1 0
vn 0 -1 0
vn 0 -1 0
vn 0 -1 0
vn 0 -1 0
vn 0 -1 0
vn 0 -1 0
vn 0 -1 0
vn 0 -1 0
vn 0 -1 0
vn 0 -1 0
vn 0 -1 0
vn 0 -1 0
vn 0 -1 0
vn 0 -1 0
vn 0 -1 0
vn 0 -1 0
vn 0 -1 0
vn 0 -1 0
vn 0 -1 0
vn 0 -1 0
vn 0 -1 0
vn 0 -1 0
vn 0 -1 0
vn 0 -1 0
vn 0 -1 0
f 3621/1681/1681 3634/1694/1694 3622/1682/1682
f 3634/1694/1694 3635/1695/1695 3622/1682/1682
f 3622/1682/1682 3635/1695/1695 3623/1683/1683
f 3635/1695/1695 3636/1696/1696 3623/1683/1683
f 3623/1683/1683 3636/1696/1696 3624/1684/1684
f 3636/1696/1696 3637/1697/1697 3624/1684/1684
f 3624/1684/1684 3637/1697/1697 3625/1685/1685
f 3637/1697/1697 3638/1698/1698 3625/1685/1685
f 3625/1685/1685 3638/1698/1698 3626/1686/1686
f 3638/1698/1698 3639/1699/1699 3626/1686/1686
f 3626/1686/1686 3639/1699/1699 3627/1687/1687
f 3639/1699/1699 3640/1700/1700 3627/1687/1687
f 3627/1687/1687 3640/1700/1700 3628/1688/1688
f 3640/1700/1700 3641/1701/1701 3628/1688/1688
f 3628/1688/1688 3641/1701/1701 3629/1689/1689
f 3641/1701/1701 3642/1702/1702 3629/1689/1689
f 3629/1689/1689 3642/1702/1702 3630/1690/1690
f 3642/1702/1702 3643/1703/1703 3630/1690/1690
f 3630/1690/1690 3643/1703/1703 3631/1691/1691
f 3643/1703/1703 3644/1704/1704 3631/1691/1691
f 3631/1691/1691 3644/1704/1704 3632/1692/1692
f 3644/1704/1704 3645/1705/1705 3632/1692/1692
f 3632/1692/1692 3645/1705/1705 3633/1693/1693
f 3645/1705/1705 3646/1706/1706 3633/1693/1693
f 3659/1719/1719 3660/1720/1720 3647/1707/1707
f 3660/1720/1720 3661/1721/1721 3648/1708/1708
f 3661/1721/1721 3662/1722/1722 3649/1709/1709
f 3662/1722/1722 3663/1723/1723 3650/1710/1710
f 3663/1723/1723 3664/1724/1724 3651/1711/1711
f 3664/1724/1724 3665/1725/1725 3652/1712/1712
f 3665/1725/1725 3666/1726/1726 3653/1713/1713
f 3666/1726/1726 3667/1727/1727 3654/1714/1714
f 3667/1727/1727 3668/1728/1728 3655/1715/1715
f 3668/1728/1728 3669/1729/1729 3656/1716/1716
f 3669/1729/1729 3670/1730/1730 3657/1717/1717
f 3670/1730/1730 3671/1731/1731 3658/1718/1718
f 3685/1745/1745 3684/1744/1744 3672/1732/1732
f 3686/1746/1746 3685/1745/1745 3673/1733/1733
f 3687/1747/1747 3686/1746/1746 3674/1734/1734
f 3688/1748/1748 3687/1747/1747 3675/1735/1735
f 3689/1749/1749 3688/1748/1748 3676/1736/1736
f 3690/1750/1750 3689/1749/1749 3677/1737/1737
f 3691/1751/1751 3690/1750/1750 3678/1738/1738
f 3692/1752/1752 3691/1751/1751 3679/1739/1739
f 3693/1753/1753 3692/1752/1752 3680/1740/1740
f 3694/1754/1754 3693/1753/1753 3681/1741/1741
f 3695/1755/1755 3694/1754/1754 3682/1742/1742
f 3696/1756/1756 3695/1755/1755 3683/1743/1743
o digestor_b_tanque_aristas
v 2.549999976158142 3.599999952316284 4.89185848236084
v 2.549999976158142 4.768371586472142e-8 4.89185848236084
v 3.3918584823608398 3.599999952316284 4.0499999761581424
v 3.3918584823608398 4.768371586472142e-8 4.0499999761581424
v 3.699999952316284 3.599999952316284 2.9
v 3.699999952316284 4.768371586472142e-8 2.9
v 3.3918584823608398 3.599999952316284 1.7500000238418578
v 3.3918584823608398 4.768371586472142e-8 1.7500000238418578
v 2.549999976158142 3.599999952316284 0.9081415176391601
v 2.549999976158142 4.768371586472142e-8 0.9081415176391601
v 1.4000000000000001 3.599999952316284 0.6000000476837157
v 1.4000000000000001 4.768371586472142e-8 0.6000000476837157
v 0.2500000238418578 3.599999952316284 0.9081415176391601
v 0.2500000238418578 4.768371586472142e-8 0.9081415176391601
v -0.5918584823608399 3.599999952316284 1.7500000238418578
v -0.5918584823608399 4.768371586472142e-8 1.7500000238418578
v -0.8999999523162843 3.599999952316284 2.8999999999999995
v -0.8999999523162843 4.768371586472142e-8 2.8999999999999995
v -0.5918584823608399 3.599999952316284 4.0499999761581424
v -0.5918584823608399 4.768371586472142e-8 4.0499999761581424
v 0.2500000238418578 3.599999952316284 4.89185848236084
v 0.2500000238418578 4.768371586472142e-8 4.89185848236084
v 1.3999999999999992 4.768371586472142e-8 5.1999999523162845
v 1.3999999999999992 3.599999952316284 5.1999999523162845
v 1.4 3.599999952316284 5.1999999523162845
v 2.549999976158142 3.599999952316284 4.89185848236084
v 2.549999976158142 3.599999952316284 4.89185848236084
v 3.3918584823608398 3.599999952316284 4.0499999761581424
v 3.3918584823608398 3.599999952316284 4.0499999761581424
v 3.699999952316284 3.599999952316284 2.9
v 3.699999952316284 3.599999952316284 2.9
v 3.3918584823608398 3.599999952316284 1.7500000238418578
v 3.3918584823608398 3.599999952316284 1.7500000238418578
v 2.549999976158142 3.599999952316284 0.9081415176391601
v 2.549999976158142 3.599999952316284 0.9081415176391601
v 1.4000000000000001 3.599999952316284 0.6000000476837157
v 1.4000000000000001 3.599999952316284 0.6000000476837157
v 0.2500000238418578 3.599999952316284 0.9081415176391601
v 0.2500000238418578 3.599999952316284 0.9081415176391601
v -0.5918584823608399 3.599999952316284 1.7500000238418578
v -0.5918584823608399 3.599999952316284 1.7500000238418578
v -0.8999999523162843 3.599999952316284 2.8999999999999995
v -0.8999999523162843 3.599999952316284 2.8999999999999995
v -0.5918584823608399 3.599999952316284 4.0499999761581424
v -0.5918584823608399 3.599999952316284 4.0499999761581424
v 0.2500000238418578 3.599999952316284 4.89185848236084
v 0.2500000238418578 3.599999952316284 4.89185848236084
v 1.3999999999999992 3.599999952316284 5.1999999523162845
v 2.549999976158142 4.768371586472142e-8 4.89185848236084
v 1.4 4.768371586472142e-8 5.1999999523162845
v 3.3918584823608398 4.768371586472142e-8 4.0499999761581424
v 2.549999976158142 4.768371586472142e-8 4.89185848236084
v 3.699999952316284 4.768371586472142e-8 2.9
v 3.3918584823608398 4.768371586472142e-8 4.0499999761581424
v 3.3918584823608398 4.768371586472142e-8 1.7500000238418578
v 3.699999952316284 4.768371586472142e-8 2.9
v 2.549999976158142 4.768371586472142e-8 0.9081415176391601
v 3.3918584823608398 4.768371586472142e-8 1.7500000238418578
v 1.4000000000000001 4.768371586472142e-8 0.6000000476837157
v 2.549999976158142 4.768371586472142e-8 0.9081415176391601
v 0.2500000238418578 4.768371586472142e-8 0.9081415176391601
v 1.4000000000000001 4.768371586472142e-8 0.6000000476837157
v -0.5918584823608399 4.768371586472142e-8 1.7500000238418578
v 0.2500000238418578 4.768371586472142e-8 0.9081415176391601
v -0.8999999523162843 4.768371586472142e-8 2.8999999999999995
v -0.5918584823608399 4.768371586472142e-8 1.7500000238418578
v -0.5918584823608399 4.768371586472142e-8 4.0499999761581424
v -0.8999999523162843 4.768371586472142e-8 2.8999999999999995
v 0.2500000238418578 4.768371586472142e-8 4.89185848236084
v -0.5918584823608399 4.768371586472142e-8 4.0499999761581424
v 1.3999999999999992 4.768371586472142e-8 5.1999999523162845
v 0.2500000238418578 4.768371586472142e-8 4.89185848236084
l 3697 3698
l 3699 3700
l 3701 3702
l 3703 3704
l 3705 3706
l 3707 3708
l 3709 3710
l 3711 3712
l 3713 3714
l 3715 3716
l 3717 3718
l 3719 3720
l 3721 3722
l 3723 3724
l 3725 3726
l 3727 3728
l 3729 3730
l 3731 3732
l 3733 3734
l 3735 3736
l 3737 3738
l 3739 3740
l 3741 3742
l 3743 3744
l 3745 3746
l 3747 3748
l 3749 3750
l 3751 3752
l 3753 3754
l 3755 3756
l 3757 3758
l 3759 3760
l 3761 3762
l 3763 3764
l 3765 3766
l 3767 3768
o digestor_b_geomembrana_cuerpo
usemtl relleno_oscuro
v 1.4 4.749999976158142 2.9
v 1.4 4.749999976158142 2.9
v 1.4 4.749999976158142 2.9
v 1.4 4.749999976158142 2.9
v 1.4 4.749999976158142 2.9
v 1.4 4.749999976158142 2.9
v 1.4 4.749999976158142 2.9
v 1.4 4.749999976158142 2.9
v 1.4 4.749999976158142 2.9
v 1.4 4.749999976158142 2.9
v 1.4 4.749999976158142 2.9
v 1.4 4.749999976158142 2.9
v 1.4 4.749999976158142 2.9
v 1.4 4.749999976158142 2.9
v 1.4 4.749999976158142 2.9
v 1.4 4.749999976158142 2.9
v 1.4 4.749999976158142 2.9
v 0.8882018566131591 4.721167063713073 2.9
v 0.9271601676940917 4.721167063713073 3.095856675505638
v 1.0381040513515472 4.721167063713073 3.2618959486484527
v 1.2041433244943618 4.721167063713073 3.372839832305908
v 1.4 4.721167063713073 3.4117981433868407
v 1.595856675505638 4.721167063713073 3.372839832305908
v 1.7618959486484527 4.721167063713073 3.2618959486484527
v 1.8728398323059081 4.721167063713073 3.095856675505638
v 1.9117981433868407 4.721167063713073 2.9
v 1.8728398323059081 4.721167063713073 2.704143324494362
v 1.7618959486484527 4.721167063713073 2.538104051351547
v 1.595856675505638 4.721167063713073 2.4271601676940917
v 1.4 4.721167063713073 2.388201856613159
v 1.2041433244943618 4.721167063713073 2.4271601676940917
v 1.0381040513515472 4.721167063713073 2.538104051351547
v 0.9271601676940917 4.721167063713073 2.704143324494362
v 0.8882018566131591 4.721167063713073 2.9
v 0.40206738710403434 4.63611421585083 2.9
v 0.47803046703338614 4.63611421585083 3.2818922638893127
v 0.6943550944328307 4.63611421585083 3.605644905567169
v 1.0181077361106872 4.63611421585083 3.8219695329666137
v 1.4 4.63611421585083 3.8979326128959655
v 1.7818922638893127 4.63611421585083 3.8219695329666137
v 2.105644905567169 4.63611421585083 3.605644905567169
v 2.3219695329666137 4.63611421585083 3.2818922638893127
v 2.3979326128959655 4.63611421585083 2.9
v 2.3219695329666137 4.63611421585083 2.518107736110687
v 2.105644905567169 4.63611421585083 2.1943550944328307
v 1.7818922638893127 4.63611421585083 1.9780304670333861
v 1.4000000000000001 4.63611421585083 1.9020673871040343
v 1.0181077361106872 4.63611421585083 1.9780304670333861
v 0.6943550944328307 4.63611421585083 2.1943550944328307
v 0.47803046703338614 4.63611421585083 2.518107736110687
v 0.40206738710403434 4.63611421585083 2.8999999999999995
v -0.034026598930358976 4.499106204509735 2.9
v 0.07513227462768546 4.499106204509735 3.448778176307678
v 0.3859900474548339 4.499106204509735 3.914009952545166
v 0.8512218236923217 4.499106204509735 4.224867725372315
v 1.4 4.499106204509735 4.334026598930359
v 1.9487781763076781 4.499106204509735 4.224867725372315
v 2.414009952545166 4.499106204509735 3.914009952545166
v 2.7248677253723144 4.499106204509735 3.448778176307678
v 2.834026598930359 4.499106204509735 2.9
v 2.7248677253723144 4.499106204509735 2.3512218236923217
v 2.414009952545166 4.499106204509735 1.885990047454834
v 1.9487781763076781 4.499106204509735 1.5751322746276855
v 1.4000000000000001 4.499106204509735 1.465973401069641
v 0.8512218236923217 4.499106204509735 1.5751322746276855
v 0.3859900474548339 4.499106204509735 1.885990047454834
v 0.07513227462768546 4.499106204509735 2.3512218236923217
v -0.034026598930358976 4.499106204509735 2.8999999999999995
v -0.3982124090194703 4.317013299465179 2.9
v -0.2613316535949708 4.317013299465179 3.588146114349365
v 0.12847175598144522 4.317013299465179 4.171528244018555
v 0.7118538856506347 4.317013299465179 4.561331653594971
v 1.4 4.317013299465179 4.698212409019471
v 2.088146114349365 4.317013299465179 4.561331653594971
v 2.6715282440185546 4.317013299465179 4.171528244018555
v 3.0613316535949706 4.317013299465179 3.588146114349365
v 3.19821240901947 4.317013299465179 2.9
v 3.0613316535949706 4.317013299465179 2.2118538856506347
v 2.6715282440185546 4.317013299465179 1.6284717559814452
v 2.088146114349365 4.317013299465179 1.2386683464050292
v 1.4000000000000001 4.317013299465179 1.1017875909805297
v 0.7118538856506347 4.317013299465179 1.2386683464050292
v 0.12847175598144522 4.317013299465179 1.6284717559814452
v -0.2613316535949708 4.317013299465179 2.2118538856506347
v -0.3982124090194703 4.317013299465179 2.8999999999999995
v -0.6722284317016602 4.098966306447982 2.9
v -0.5144893884658814 4.098966306447982 3.693007493019104
v -0.06528673171997079 4.098966306447982 4.365286731719971
v 0.6069925069808959 4.098966306447982 4.814489388465882
v 1.3999999999999997 4.098966306447982 4.9722284317016605
v 2.193007493019104 4.098966306447982 4.814489388465882
v 2.8652867317199706 4.098966306447982 4.365286731719971
v 3.3144893884658813 4.098966306447982 3.693007493019104
v 3.47222843170166 4.098966306447982 2.9000000000000004
v 3.3144893884658813 4.098966306447982 2.106992506980896
v 2.8652867317199706 4.098966306447982 1.4347132682800292
v 2.193007493019104 4.098966306447982 0.9855106115341186
v 1.4000000000000004 4.098966306447982 0.8277715682983398
v 0.6069925069808959 4.098966306447982 0.9855106115341186
v -0.06528673171997079 4.098966306447982 1.4347132682800292
v -0.5144893884658814 4.098966306447982 2.106992506980896
v -0.6722284317016602 4.098966306447982 2.8999999999999995
v -0.8423341274261475 3.8558990716934205 2.9
v -0.6716466903686524 3.8558990716934205 3.758104169368744
v -0.18556973934173593 3.8558990716934205 4.485569739341736
v 0.541895830631256 3.8558990716934205 4.971646690368653
v 1.3999999999999997 3.8558990716934205 5.142334127426148
v 2.258104169368744 3.8558990716934205 4.971646690368653
v 2.9855697393417358 3.8558990716934205 4.485569739341736
v 3.4716466903686523 3.8558990716934205 3.758104169368744
v 3.6423341274261474 3.8558990716934205 2.9000000000000004
v 3.4716466903686523 3.8558990716934205 2.041895830631256
v 2.9855697393417358 3.8558990716934205 1.314430260658264
v 2.258104169368744 3.8558990716934205 0.8283533096313476
v 1.4000000000000004 3.8558990716934205 0.6576658725738525
v 0.541895830631256 3.8558990716934205 0.8283533096313476
v -0.18556973934173593 3.8558990716934205 1.314430260658264
v -0.6716466903686524 3.8558990716934205 2.041895830631256
v -0.8423341274261475 3.8558990716934205 2.8999999999999995
v -0.8999999523162843 3.6 2.9
v -0.7249229907989503 3.6 3.7801718950271606
v -0.2263456344604493 3.6 4.52634563446045
v 0.5198281049728393 3.6 5.0249229907989506
v 1.3999999999999997 3.6 5.1999999523162845
v 2.2801718950271606 3.6 5.0249229907989506
v 3.026345634460449 3.6 4.52634563446045
v 3.52492299079895 3.6 3.7801718950271606
v 3.699999952316284 3.6 2.9000000000000004
v 3.52492299079895 3.6 2.0198281049728393
v 3.026345634460449 3.6 1.2736543655395507
v 2.2801718950271606 3.6 0.7750770092010497
v 1.4000000000000004 3.6 0.6000000476837157
v 0.5198281049728393 3.6 0.7750770092010497
v -0.2263456344604493 3.6 1.2736543655395507
v -0.7249229907989503 3.6 2.0198281049728393
v -0.8999999523162843 3.6 2.8999999999999995
vt 0.03125 1
vt 0.09375 1
vt 0.15625 1
vt 0.21875 1
vt 0.28125 1
vt 0.34375 1
vt 0.40625 1
vt 0.46875 1
vt 0.53125 1
vt 0.59375 1
vt 0.65625 1
vt 0.71875 1
vt 0.78125 1
vt 0.84375 1
vt 0.90625 1
vt 0.96875 1
vt 1.03125 1
vt 0 0.8571428656578064
vt 0.0625 0.8571428656578064
vt 0.125 0.8571428656578064
vt 0.1875 0.8571428656578064
vt 0.25 0.8571428656578064
vt 0.3125 0.8571428656578064
vt 0.375 0.8571428656578064
vt 0.4375 0.8571428656578064
vt 0.5 0.8571428656578064
vt 0.5625 0.8571428656578064
vt 0.625 0.8571428656578064
vt 0.6875 0.8571428656578064
vt 0.75 0.8571428656578064
vt 0.8125 0.8571428656578064
vt 0.875 0.8571428656578064
vt 0.9375 0.8571428656578064
vt 1 0.8571428656578064
vt 0 0.7142857313156128
vt 0.0625 0.7142857313156128
vt 0.125 0.7142857313156128
vt 0.1875 0.7142857313156128
vt 0.25 0.7142857313156128
vt 0.3125 0.7142857313156128
vt 0.375 0.7142857313156128
vt 0.4375 0.7142857313156128
vt 0.5 0.7142857313156128
vt 0.5625 0.7142857313156128
vt 0.625 0.7142857313156128
vt 0.6875 0.7142857313156128
vt 0.75 0.7142857313156128
vt 0.8125 0.7142857313156128
vt 0.875 0.7142857313156128
vt 0.9375 0.7142857313156128
vt 1 0.7142857313156128
vt 0 0.5714285969734192
vt 0.0625 0.5714285969734192
vt 0.125 0.5714285969734192
vt 0.1875 0.5714285969734192
vt 0.25 0.5714285969734192
vt 0.3125 0.5714285969734192
vt 0.375 0.5714285969734192
vt 0.4375 0.5714285969734192
vt 0.5 0.5714285969734192
vt 0.5625 0.5714285969734192
vt 0.625 0.5714285969734192
vt 0.6875 0.5714285969734192
vt 0.75 0.5714285969734192
vt 0.8125 0.5714285969734192
vt 0.875 0.5714285969734192
vt 0.9375 0.5714285969734192
vt 1 0.5714285969734192
vt 0 0.4285714328289032
vt 0.0625 0.4285714328289032
vt 0.125 0.4285714328289032
vt 0.1875 0.4285714328289032
vt 0.25 0.4285714328289032
vt 0.3125 0.4285714328289032
vt 0.375 0.4285714328289032
vt 0.4375 0.4285714328289032
vt 0.5 0.4285714328289032
vt 0.5625 0.4285714328289032
vt 0.625 0.4285714328289032
vt 0.6875 0.4285714328289032
vt 0.75 0.4285714328289032
vt 0.8125 0.4285714328289032
vt 0.875 0.4285714328289032
vt 0.9375 0.4285714328289032
vt 1 0.4285714328289032
vt 0 0.2857142984867096
vt 0.0625 0.2857142984867096
vt 0.125 0.2857142984867096
vt 0.1875 0.2857142984867096
vt 0.25 0.2857142984867096
vt 0.3125 0.2857142984867096
vt 0.375 0.2857142984867096
vt 0.4375 0.2857142984867096
vt 0.5 0.2857142984867096
vt 0.5625 0.2857142984867096
vt 0.625 0.2857142984867096
vt 0.6875 0.2857142984867096
vt 0.75 0.2857142984867096
vt 0.8125 0.2857142984867096
vt 0.875 0.2857142984867096
vt 0.9375 0.2857142984867096
vt 1 0.2857142984867096
vt 0 0.1428571492433548
vt 0.0625 0.1428571492433548
vt 0.125 0.1428571492433548
vt 0.1875 0.1428571492433548
vt 0.25 0.1428571492433548
vt 0.3125 0.1428571492433548
vt 0.375 0.1428571492433548
vt 0.4375 0.1428571492433548
vt 0.5 0.1428571492433548
vt 0.5625 0.1428571492433548
vt 0.625 0.1428571492433548
vt 0.6875 0.1428571492433548
vt 0.75 0.1428571492433548
vt 0.8125 0.1428571492433548
vt 0.875 0.1428571492433548
vt 0.9375 0.1428571492433548
vt 1 0.1428571492433548
vt 0 0
vt 0.0625 0
vt 0.125 0
vt 0.1875 0
vt 0.25 0
vt 0.3125 0
vt 0.375 0
vt 0.4375 0
vt 0.5 0
vt 0.5625 0
vt 0.625 0
vt 0.6875 0
vt 0.75 0
vt 0.8125 0
vt 0.875 0
vt 0.9375 0
vt 1 0
vn 0 1 0
vn 0 1 0
vn 0 1 0
vn 0 1 0
vn 0 1 0
vn 0 1 0
vn 0 1 0
vn 0 1 0
vn 0 1 0
vn 0 1 0
vn 0 1 0
vn 0 1 0
vn 0 1 0
vn 0 1 0
vn 0 1 0
vn 0 1 0
vn 0 1 0
vn -0.11338577099774741 0.9935510389181055 0
vn -0.10475479015436026 0.9935510391609674 0.04339085758403175
vn -0.08017584481914843 0.9935510393608733 0.08017584481914843
vn -0.04339085758403175 0.9935510391609674 0.10475479015436026
vn -6.942876320035687e-18 0.9935510389181055 0.11338577099774741
vn 0.04339085758403175 0.9935510391609674 0.10475479015436026
vn 0.08017584481914843 0.9935510393608733 0.08017584481914843
vn 0.10475479015436026 0.9935510391609674 0.04339085758403175
vn 0.11338577099774741 0.9935510389181055 1.3885752640071375e-17
vn 0.10475479015436026 0.9935510391609674 -0.04339085758403175
vn 0.08017584481914843 0.9935510393608733 -0.08017584481914843
vn 0.04339085758403175 0.9935510391609674 -0.10475479015436026
vn 2.082862896010706e-17 0.9935510389181055 -0.11338577099774741
vn -0.04339085758403175 0.9935510391609674 -0.10475479015436026
vn -0.08017584481914843 0.9935510393608733 -0.08017584481914843
vn -0.10475479015436026 0.9935510391609674 -0.04339085758403175
vn -0.11338577099774741 0.9935510389181055 -2.777150528014275e-17
vn -0.23409663091759533 0.9722133343011867 0
vn -0.2162770969503564 0.972213331439056 0.08958490669135202
vn -0.1655313143903751 0.9722133345682877 0.1655313143903751
vn -0.08958490669135202 0.972213331439056 0.2162770969503564
vn -1.4334284639864008e-17 0.9722133343011867 0.23409663091759533
vn 0.08958490669135202 0.972213331439056 0.2162770969503564
vn 0.1655313143903751 0.9722133345682877 0.1655313143903751
vn 0.2162770969503564 0.972213331439056 0.08958490669135202
vn 0.23409663091759533 0.9722133343011867 2.8668569279728015e-17
vn 0.2162770969503564 0.972213331439056 -0.08958490669135202
vn 0.1655313143903751 0.9722133345682877 -0.1655313143903751
vn 0.08958490669135202 0.972213331439056 -0.2162770969503564
vn 4.3002853027001764e-17 0.9722133343011867 -0.23409663091759533
vn -0.08958490669135202 0.972213331439056 -0.2162770969503564
vn -0.1655313143903751 0.9722133345682877 -0.1655313143903751
vn -0.2162770969503564 0.972213331439056 -0.08958490669135202
vn -0.23409663091759533 0.9722133343011867 -5.733713855945603e-17
vn -0.37037884146320454 0.9288807855674345 0
vn -0.3421854400676019 0.9288807826780736 0.14173784313693666
vn -0.26189738926468353 0.9288807862113876 0.26189738926468353
vn -0.14173784313693666 0.9288807826780736 0.3421854400676019
vn -2.267916378513722e-17 0.9288807855674345 0.37037884146320454
vn 0.14173784313693666 0.9288807826780736 0.3421854400676019
vn 0.26189738926468353 0.9288807862113876 0.26189738926468353
vn 0.3421854400676019 0.9288807826780736 0.14173784313693666
vn 0.37037884146320454 0.9288807855674345 4.535832757027444e-17
vn 0.3421854400676019 0.9288807826780736 -0.14173784313693666
vn 0.26189738926468353 0.9288807862113876 -0.26189738926468353
vn 0.14173784313693666 0.9288807826780736 -0.3421854400676019
vn 6.803748742437447e-17 0.9288807855674345 -0.37037884146320454
vn -0.14173784313693666 0.9288807826780736 -0.3421854400676019
vn -0.26189738926468353 0.9288807862113876 -0.26189738926468353
vn -0.3421854400676019 0.9288807826780736 -0.14173784313693666
vn -0.37037884146320454 0.9288807855674345 -9.071665514054888e-17
vn -0.5312048417086694 0.8472434220135717 0
vn -0.4907692763630878 0.8472434267019967 0.20328328334693305
vn -0.3756185301861438 0.8472434358327021 0.3756185301861438
vn -0.20328328334693305 0.8472434267019967 0.4907692763630878
vn -3.2526915489814265e-17 0.8472434220135717 0.5312048417086694
vn 0.20328328334693305 0.8472434267019967 0.4907692763630878
vn 0.3756185301861438 0.8472434358327021 0.3756185301861438
vn 0.4907692763630878 0.8472434267019967 0.20328328334693305
vn 0.5312048417086694 0.8472434220135717 6.505383097962853e-17
vn 0.4907692763630878 0.8472434267019967 -0.20328328334693305
vn 0.3756185301861438 0.8472434358327021 -0.3756185301861438
vn 0.20328328334693305 0.8472434267019967 -0.4907692763630878
vn 9.758074422137607e-17 0.8472434220135717 -0.5312048417086694
vn -0.20328328334693305 0.8472434267019967 -0.4907692763630878
vn -0.3756185301861438 0.8472434358327021 -0.3756185301861438
vn -0.4907692763630878 0.8472434267019967 -0.20328328334693305
vn -0.5312048417086694 0.8472434220135717 -1.3010766195925706e-16
vn -0.7202531784022537 0.6937112936960528 0
vn -0.6654271640408971 0.6937112936870995 0.27562897229329814
vn -0.5092959153189037 0.6937112809223733 0.5092959153189037
vn -0.27562897229329814 0.6937112936870995 0.6654271640408971
vn -4.4102787121818413e-17 0.6937112936960528 0.7202531784022537
vn 0.27562897229329814 0.6937112936870995 0.6654271640408971
vn 0.5092959153189037 0.6937112809223733 0.5092959153189037
vn 0.6654271640408971 0.6937112936870995 0.27562897229329814
vn 0.7202531784022537 0.6937112936960528 8.820557424363683e-17
vn 0.6654271640408971 0.6937112936870995 -0.27562897229329814
vn 0.5092959153189037 0.6937112809223733 -0.5092959153189037
vn 0.27562897229329814 0.6937112936870995 -0.6654271640408971
vn 1.3230836930063923e-16 0.6937112936960528 -0.7202531784022537
vn -0.27562897229329814 0.6937112936870995 -0.6654271640408971
vn -0.5092959153189037 0.6937112809223733 -0.5092959153189037
vn -0.6654271640408971 0.6937112936870995 -0.27562897229329814
vn -0.7202531784022537 0.6937112936960528 -1.7641114848727365e-16
vn -0.9096999593519888 0.41526616037788366 0
vn -0.8404531789942746 0.415266157439081 0.34812709231572037
vn -0.6432550119578615 0.4152661546311988 0.6432550119578615
vn -0.34812709231572037 0.415266157439081 0.8404531789942746
vn -5.570305579106863e-17 0.41526616037788366 0.9096999593519888
vn 0.34812709231572037 0.415266157439081 0.8404531789942746
vn 0.6432550119578615 0.4152661546311988 0.6432550119578615
vn 0.8404531789942746 0.415266157439081 0.34812709231572037
vn 0.9096999593519888 0.41526616037788366 1.1140611158213727e-16
vn 0.8404531789942746 0.415266157439081 -0.34812709231572037
vn 0.6432550119578615 0.4152661546311988 -0.6432550119578615
vn 0.34812709231572037 0.415266157439081 -0.8404531789942746
vn 1.67109173547908e-16 0.41526616037788366 -0.9096999593519888
vn -0.34812709231572037 0.415266157439081 -0.8404531789942746
vn -0.6432550119578615 0.4152661546311988 -0.6432550119578615
vn -0.8404531789942746 0.415266157439081 -0.34812709231572037
vn -0.9096999593519888 0.41526616037788366 -2.2281222316427453e-16
vn -1 1.2246468525851679e-16 0
vn -0.9238795305660377 1.2246468875295903e-16 0.3826834370613369
vn -0.7071067811865476 1.2246468735441063e-16 0.7071067811865476
vn -0.3826834370613369 1.2246468875295903e-16 0.9238795305660377
vn -6.123234262925839e-17 1.2246468525851679e-16 1
vn 0.3826834370613369 1.2246468875295903e-16 0.9238795305660377
vn 0.7071067811865476 1.2246468735441063e-16 0.7071067811865476
vn 0.9238795305660377 1.2246468875295903e-16 0.3826834370613369
vn 1 1.2246468525851679e-16 1.2246468525851679e-16
vn 0.9238795305660377 1.2246468875295903e-16 -0.3826834370613369
vn 0.7071067811865476 1.2246468735441063e-16 -0.7071067811865476
vn 0.3826834370613369 1.2246468875295903e-16 -0.9238795305660377
vn 1.8369701465288538e-16 1.2246468525851679e-16 -1
vn -0.3826834370613369 1.2246468875295903e-16 -0.9238795305660377
vn -0.7071067811865476 1.2246468735441063e-16 -0.7071067811865476
vn -0.9238795305660377 1.2246468875295903e-16 -0.3826834370613369
vn -1 1.2246468525851679e-16 -2.4492937051703357e-16
f 3769/1757/1757 3786/1774/1774 3787/1775/1775
f 3770/1758/1758 3787/1775/1775 3788/1776/1776
f 3771/1759/1759 3788/1776/1776 3789/1777/1777
f 3772/1760/1760 3789/1777/1777 3790/1778/1778
f 3773/1761/1761 3790/1778/1778 3791/1779/1779
f 3774/1762/1762 3791/1779/1779 3792/1780/1780
f 3775/1763/1763 3792/1780/1780 3793/1781/1781
f 3776/1764/1764 3793/1781/1781 3794/1782/1782
f 3777/1765/1765 3794/1782/1782 3795/1783/1783
f 3778/1766/1766 3795/1783/1783 3796/1784/1784
f 3779/1767/1767 3796/1784/1784 3797/1785/1785
f 3780/1768/1768 3797/1785/1785 3798/1786/1786
f 3781/1769/1769 3798/1786/1786 3799/1787/1787
f 3782/1770/1770 3799/1787/1787 3800/1788/1788
f 3783/1771/1771 3800/1788/1788 3801/1789/1789
f 3784/1772/1772 3801/1789/1789 3802/1790/1790
f 3787/1775/1775 3786/1774/1774 3804/1792/1792
f 3786/1774/1774 3803/1791/1791 3804/1792/1792
f 3788/1776/1776 3787/1775/1775 3805/1793/1793
f 3787/1775/1775 3804/1792/1792 3805/1793/1793
f 3789/1777/1777 3788/1776/1776 3806/1794/1794
f 3788/1776/1776 3805/1793/1793 3806/1794/1794
f 3790/1778/1778 3789/1777/1777 3807/1795/1795
f 3789/1777/1777 3806/1794/1794 3807/1795/1795
f 3791/1779/1779 3790/1778/1778 3808/1796/1796
f 3790/1778/1778 3807/1795/1795 3808/1796/1796
f 3792/1780/1780 3791/1779/1779 3809/1797/1797
f 3791/1779/1779 3808/1796/1796 3809/1797/1797
f 3793/1781/1781 3792/1780/1780 3810/1798/1798
f 3792/1780/1780 3809/1797/1797 3810/1798/1798
f 3794/1782/1782 3793/1781/1781 3811/1799/1799
f 3793/1781/1781 3810/1798/1798 3811/1799/1799
f 3795/1783/1783 3794/1782/1782 3812/1800/1800
f 3794/1782/1782 3811/1799/1799 3812/1800/1800
f 3796/1784/1784 3795/1783/1783 3813/1801/1801
f 3795/1783/1783 3812/1800/1800 3813/1801/1801
f 3797/1785/1785 3796/1784/1784 3814/1802/1802
f 3796/1784/1784 3813/1801/1801 3814/1802/1802
f 3798/1786/1786 3797/1785/1785 3815/1803/1803
f 3797/1785/1785 3814/1802/1802 3815/1803/1803
f 3799/1787/1787 3798/1786/1786 3816/1804/1804
f 3798/1786/1786 3815/1803/1803 3816/1804/1804
f 3800/1788/1788 3799/1787/1787 3817/1805/1805
f 3799/1787/1787 3816/1804/1804 3817/1805/1805
f 3801/1789/1789 3800/1788/1788 3818/1806/1806
f 3800/1788/1788 3817/1805/1805 3818/1806/1806
f 3802/1790/1790 3801/1789/1789 3819/1807/1807
f 3801/1789/1789 3818/1806/1806 3819/1807/1807
f 3804/1792/1792 3803/1791/1791 3821/1809/1809
f 3803/1791/1791 3820/1808/1808 3821/1809/1809
f 3805/1793/1793 3804/1792/1792 3822/1810/1810
f 3804/1792/1792 3821/1809/1809 3822/1810/1810
f 3806/1794/1794 3805/1793/1793 3823/1811/1811
f 3805/1793/1793 3822/1810/1810 3823/1811/1811
f 3807/1795/1795 3806/1794/1794 3824/1812/1812
f 3806/1794/1794 3823/1811/1811 3824/1812/1812
f 3808/1796/1796 3807/1795/1795 3825/1813/1813
f 3807/1795/1795 3824/1812/1812 3825/1813/1813
f 3809/1797/1797 3808/1796/1796 3826/1814/1814
f 3808/1796/1796 3825/1813/1813 3826/1814/1814
f 3810/1798/1798 3809/1797/1797 3827/1815/1815
f 3809/1797/1797 3826/1814/1814 3827/1815/1815
f 3811/1799/1799 3810/1798/1798 3828/1816/1816
f 3810/1798/1798 3827/1815/1815 3828/1816/1816
f 3812/1800/1800 3811/1799/1799 3829/1817/1817
f 3811/1799/1799 3828/1816/1816 3829/1817/1817
f 3813/1801/1801 3812/1800/1800 3830/1818/1818
f 3812/1800/1800 3829/1817/1817 3830/1818/1818
f 3814/1802/1802 3813/1801/1801 3831/1819/1819
f 3813/1801/1801 3830/1818/1818 3831/1819/1819
f 3815/1803/1803 3814/1802/1802 3832/1820/1820
f 3814/1802/1802 3831/1819/1819 3832/1820/1820
f 3816/1804/1804 3815/1803/1803 3833/1821/1821
f 3815/1803/1803 3832/1820/1820 3833/1821/1821
f 3817/1805/1805 3816/1804/1804 3834/1822/1822
f 3816/1804/1804 3833/1821/1821 3834/1822/1822
f 3818/1806/1806 3817/1805/1805 3835/1823/1823
f 3817/1805/1805 3834/1822/1822 3835/1823/1823
f 3819/1807/1807 3818/1806/1806 3836/1824/1824
f 3818/1806/1806 3835/1823/1823 3836/1824/1824
f 3821/1809/1809 3820/1808/1808 3838/1826/1826
f 3820/1808/1808 3837/1825/1825 3838/1826/1826
f 3822/1810/1810 3821/1809/1809 3839/1827/1827
f 3821/1809/1809 3838/1826/1826 3839/1827/1827
f 3823/1811/1811 3822/1810/1810 3840/1828/1828
f 3822/1810/1810 3839/1827/1827 3840/1828/1828
f 3824/1812/1812 3823/1811/1811 3841/1829/1829
f 3823/1811/1811 3840/1828/1828 3841/1829/1829
f 3825/1813/1813 3824/1812/1812 3842/1830/1830
f 3824/1812/1812 3841/1829/1829 3842/1830/1830
f 3826/1814/1814 3825/1813/1813 3843/1831/1831
f 3825/1813/1813 3842/1830/1830 3843/1831/1831
f 3827/1815/1815 3826/1814/1814 3844/1832/1832
f 3826/1814/1814 3843/1831/1831 3844/1832/1832
f 3828/1816/1816 3827/1815/1815 3845/1833/1833
f 3827/1815/1815 3844/1832/1832 3845/1833/1833
f 3829/1817/1817 3828/1816/1816 3846/1834/1834
f 3828/1816/1816 3845/1833/1833 3846/1834/1834
f 3830/1818/1818 3829/1817/1817 3847/1835/1835
f 3829/1817/1817 3846/1834/1834 3847/1835/1835
f 3831/1819/1819 3830/1818/1818 3848/1836/1836
f 3830/1818/1818 3847/1835/1835 3848/1836/1836
f 3832/1820/1820 3831/1819/1819 3849/1837/1837
f 3831/1819/1819 3848/1836/1836 3849/1837/1837
f 3833/1821/1821 3832/1820/1820 3850/1838/1838
f 3832/1820/1820 3849/1837/1837 3850/1838/1838
f 3834/1822/1822 3833/1821/1821 3851/1839/1839
f 3833/1821/1821 3850/1838/1838 3851/1839/1839
f 3835/1823/1823 3834/1822/1822 3852/1840/1840
f 3834/1822/1822 3851/1839/1839 3852/1840/1840
f 3836/1824/1824 3835/1823/1823 3853/1841/1841
f 3835/1823/1823 3852/1840/1840 3853/1841/1841
f 3838/1826/1826 3837/1825/1825 3855/1843/1843
f 3837/1825/1825 3854/1842/1842 3855/1843/1843
f 3839/1827/1827 3838/1826/1826 3856/1844/1844
f 3838/1826/1826 3855/1843/1843 3856/1844/1844
f 3840/1828/1828 3839/1827/1827 3857/1845/1845
f 3839/1827/1827 3856/1844/1844 3857/1845/1845
f 3841/1829/1829 3840/1828/1828 3858/1846/1846
f 3840/1828/1828 3857/1845/1845 3858/1846/1846
f 3842/1830/1830 3841/1829/1829 3859/1847/1847
f 3841/1829/1829 3858/1846/1846 3859/1847/1847
f 3843/1831/1831 3842/1830/1830 3860/1848/1848
f 3842/1830/1830 3859/1847/1847 3860/1848/1848
f 3844/1832/1832 3843/1831/1831 3861/1849/1849
f 3843/1831/1831 3860/1848/1848 3861/1849/1849
f 3845/1833/1833 3844/1832/1832 3862/1850/1850
f 3844/1832/1832 3861/1849/1849 3862/1850/1850
f 3846/1834/1834 3845/1833/1833 3863/1851/1851
f 3845/1833/1833 3862/1850/1850 3863/1851/1851
f 3847/1835/1835 3846/1834/1834 3864/1852/1852
f 3846/1834/1834 3863/1851/1851 3864/1852/1852
f 3848/1836/1836 3847/1835/1835 3865/1853/1853
f 3847/1835/1835 3864/1852/1852 3865/1853/1853
f 3849/1837/1837 3848/1836/1836 3866/1854/1854
f 3848/1836/1836 3865/1853/1853 3866/1854/1854
f 3850/1838/1838 3849/1837/1837 3867/1855/1855
f 3849/1837/1837 3866/1854/1854 3867/1855/1855
f 3851/1839/1839 3850/1838/1838 3868/1856/1856
f 3850/1838/1838 3867/1855/1855 3868/1856/1856
f 3852/1840/1840 3851/1839/1839 3869/1857/1857
f 3851/1839/1839 3868/1856/1856 3869/1857/1857
f 3853/1841/1841 3852/1840/1840 3870/1858/1858
f 3852/1840/1840 3869/1857/1857 3870/1858/1858
f 3855/1843/1843 3854/1842/1842 3872/1860/1860
f 3854/1842/1842 3871/1859/1859 3872/1860/1860
f 3856/1844/1844 3855/1843/1843 3873/1861/1861
f 3855/1843/1843 3872/1860/1860 3873/1861/1861
f 3857/1845/1845 3856/1844/1844 3874/1862/1862
f 3856/1844/1844 3873/1861/1861 3874/1862/1862
f 3858/1846/1846 3857/1845/1845 3875/1863/1863
f 3857/1845/1845 3874/1862/1862 3875/1863/1863
f 3859/1847/1847 3858/1846/1846 3876/1864/1864
f 3858/1846/1846 3875/1863/1863 3876/1864/1864
f 3860/1848/1848 3859/1847/1847 3877/1865/1865
f 3859/1847/1847 3876/1864/1864 3877/1865/1865
f 3861/1849/1849 3860/1848/1848 3878/1866/1866
f 3860/1848/1848 3877/1865/1865 3878/1866/1866
f 3862/1850/1850 3861/1849/1849 3879/1867/1867
f 3861/1849/1849 3878/1866/1866 3879/1867/1867
f 3863/1851/1851 3862/1850/1850 3880/1868/1868
f 3862/1850/1850 3879/1867/1867 3880/1868/1868
f 3864/1852/1852 3863/1851/1851 3881/1869/1869
f 3863/1851/1851 3880/1868/1868 3881/1869/1869
f 3865/1853/1853 3864/1852/1852 3882/1870/1870
f 3864/1852/1852 3881/1869/1869 3882/1870/1870
f 3866/1854/1854 3865/1853/1853 3883/1871/1871
f 3865/1853/1853 3882/1870/1870 3883/1871/1871
f 3867/1855/1855 3866/1854/1854 3884/1872/1872
f 3866/1854/1854 3883/1871/1871 3884/1872/1872
f 3868/1856/1856 3867/1855/1855 3885/1873/1873
f 3867/1855/1855 3884/1872/1872 3885/1873/1873
f 3869/1857/1857 3868/1856/1856 3886/1874/1874
f 3868/1856/1856 3885/1873/1873 3886/1874/1874
f 3870/1858/1858 3869/1857/1857 3887/1875/1875
f 3869/1857/1857 3886/1874/1874 3887/1875/1875
f 3872/1860/1860 3871/1859/1859 3889/1877/1877
f 3871/1859/1859 3888/1876/1876 3889/1877/1877
f 3873/1861/1861 3872/1860/1860 3890/1878/1878
f 3872/1860/1860 3889/1877/1877 3890/1878/1878
f 3874/1862/1862 3873/1861/1861 3891/1879/1879
f 3873/1861/1861 3890/1878/1878 3891/1879/1879
f 3875/1863/1863 3874/1862/1862 3892/1880/1880
f 3874/1862/1862 3891/1879/1879 3892/1880/1880
f 3876/1864/1864 3875/1863/1863 3893/1881/1881
f 3875/1863/1863 3892/1880/1880 3893/1881/1881
f 3877/1865/1865 3876/1864/1864 3894/1882/1882
f 3876/1864/1864 3893/1881/1881 3894/1882/1882
f 3878/1866/1866 3877/1865/1865 3895/1883/1883
f 3877/1865/1865 3894/1882/1882 3895/1883/1883
f 3879/1867/1867 3878/1866/1866 3896/1884/1884
f 3878/1866/1866 3895/1883/1883 3896/1884/1884
f 3880/1868/1868 3879/1867/1867 3897/1885/1885
f 3879/1867/1867 3896/1884/1884 3897/1885/1885
f 3881/1869/1869 3880/1868/1868 3898/1886/1886
f 3880/1868/1868 3897/1885/1885 3898/1886/1886
f 3882/1870/1870 3881/1869/1869 3899/1887/1887
f 3881/1869/1869 3898/1886/1886 3899/1887/1887
f 3883/1871/1871 3882/1870/1870 3900/1888/1888
f 3882/1870/1870 3899/1887/1887 3900/1888/1888
f 3884/1872/1872 3883/1871/1871 3901/1889/1889
f 3883/1871/1871 3900/1888/1888 3901/1889/1889
f 3885/1873/1873 3884/1872/1872 3902/1890/1890
f 3884/1872/1872 3901/1889/1889 3902/1890/1890
f 3886/1874/1874 3885/1873/1873 3903/1891/1891
f 3885/1873/1873 3902/1890/1890 3903/1891/1891
f 3887/1875/1875 3886/1874/1874 3904/1892/1892
f 3886/1874/1874 3903/1891/1891 3904/1892/1892
o digestor_b_geomembrana_aristas
v 1.4 4.749999976158142 2.9
v 0.9271601676940917 4.721167063713073 3.095856675505638
v 1.4 4.749999976158142 2.9
v 1.0381040513515472 4.721167063713073 3.2618959486484527
v 1.4 4.749999976158142 2.9
v 1.2041433244943618 4.721167063713073 3.372839832305908
v 1.4 4.749999976158142 2.9
v 1.4 4.721167063713073 3.4117981433868407
v 1.4 4.749999976158142 2.9
v 1.595856675505638 4.721167063713073 3.372839832305908
v 1.4 4.749999976158142 2.9
v 1.7618959486484527 4.721167063713073 3.2618959486484527
v 1.4 4.749999976158142 2.9
v 1.8728398323059081 4.721167063713073 3.095856675505638
v 1.4 4.749999976158142 2.9
v 1.9117981433868407 4.721167063713073 2.9
v 1.4 4.749999976158142 2.9
v 1.8728398323059081 4.721167063713073 2.704143324494362
v 1.4 4.749999976158142 2.9
v 1.7618959486484527 4.721167063713073 2.538104051351547
v 1.4 4.749999976158142 2.9
v 1.595856675505638 4.721167063713073 2.4271601676940917
v 1.4 4.749999976158142 2.9
v 1.4 4.721167063713073 2.388201856613159
v 1.4 4.749999976158142 2.9
v 1.2041433244943618 4.721167063713073 2.4271601676940917
v 1.4 4.749999976158142 2.9
v 1.0381040513515472 4.721167063713073 2.538104051351547
v 1.4 4.749999976158142 2.9
v 0.9271601676940917 4.721167063713073 2.704143324494362
v 0.8882018566131591 4.721167063713073 2.9
v 1.4 4.749999976158142 2.9
v 0.9271601676940917 4.721167063713073 3.095856675505638
v 0.8882018566131591 4.721167063713073 2.9
v 1.0381040513515472 4.721167063713073 3.2618959486484527
v 0.9271601676940917 4.721167063713073 3.095856675505638
v 0.9271601676940917 4.721167063713073 3.095856675505638
v 0.47803046703338614 4.63611421585083 3.2818922638893127
v 1.2041433244943618 4.721167063713073 3.372839832305908
v 1.0381040513515472 4.721167063713073 3.2618959486484527
v 1.0381040513515472 4.721167063713073 3.2618959486484527
v 0.6943550944328307 4.63611421585083 3.605644905567169
v 1.4 4.721167063713073 3.4117981433868407
v 1.2041433244943618 4.721167063713073 3.372839832305908
v 1.2041433244943618 4.721167063713073 3.372839832305908
v 1.0181077361106872 4.63611421585083 3.8219695329666137
v 1.595856675505638 4.721167063713073 3.372839832305908
v 1.4 4.721167063713073 3.4117981433868407
v 1.4 4.721167063713073 3.4117981433868407
v 1.4 4.63611421585083 3.8979326128959655
v 1.7618959486484527 4.721167063713073 3.2618959486484527
v 1.595856675505638 4.721167063713073 3.372839832305908
v 1.595856675505638 4.721167063713073 3.372839832305908
v 1.7818922638893127 4.63611421585083 3.8219695329666137
v 1.8728398323059081 4.721167063713073 3.095856675505638
v 1.7618959486484527 4.721167063713073 3.2618959486484527
v 1.7618959486484527 4.721167063713073 3.2618959486484527
v 2.105644905567169 4.63611421585083 3.605644905567169
v 1.9117981433868407 4.721167063713073 2.9
v 1.8728398323059081 4.721167063713073 3.095856675505638
v 1.8728398323059081 4.721167063713073 3.095856675505638
v 2.3219695329666137 4.63611421585083 3.2818922638893127
v 1.8728398323059081 4.721167063713073 2.704143324494362
v 1.9117981433868407 4.721167063713073 2.9
v 1.9117981433868407 4.721167063713073 2.9
v 2.3979326128959655 4.63611421585083 2.9
v 1.7618959486484527 4.721167063713073 2.538104051351547
v 1.8728398323059081 4.721167063713073 2.704143324494362
v 1.8728398323059081 4.721167063713073 2.704143324494362
v 2.3219695329666137 4.63611421585083 2.518107736110687
v 1.595856675505638 4.721167063713073 2.4271601676940917
v 1.7618959486484527 4.721167063713073 2.538104051351547
v 1.7618959486484527 4.721167063713073 2.538104051351547
v 2.105644905567169 4.63611421585083 2.1943550944328307
v 1.4 4.721167063713073 2.388201856613159
v 1.595856675505638 4.721167063713073 2.4271601676940917
v 1.595856675505638 4.721167063713073 2.4271601676940917
v 1.7818922638893127 4.63611421585083 1.9780304670333861
v 1.2041433244943618 4.721167063713073 2.4271601676940917
v 1.4 4.721167063713073 2.388201856613159
v 1.4 4.721167063713073 2.388201856613159
v 1.4000000000000001 4.63611421585083 1.9020673871040343
v 1.0381040513515472 4.721167063713073 2.538104051351547
v 1.2041433244943618 4.721167063713073 2.4271601676940917
v 1.2041433244943618 4.721167063713073 2.4271601676940917
v 1.0181077361106872 4.63611421585083 1.9780304670333861
v 0.9271601676940917 4.721167063713073 2.704143324494362
v 1.0381040513515472 4.721167063713073 2.538104051351547
v 1.0381040513515472 4.721167063713073 2.538104051351547
v 0.6943550944328307 4.63611421585083 2.1943550944328307
v 0.8882018566131591 4.721167063713073 2.9
v 0.9271601676940917 4.721167063713073 2.704143324494362
v 0.40206738710403434 4.63611421585083 2.8999999999999995
v 0.8882018566131591 4.721167063713073 2.9
v 0.9271601676940917 4.721167063713073 2.704143324494362
v 0.47803046703338614 4.63611421585083 2.518107736110687
v 0.47803046703338614 4.63611421585083 3.2818922638893127
v 0.40206738710403434 4.63611421585083 2.9
v 0.6943550944328307 4.63611421585083 3.605644905567169
v 0.47803046703338614 4.63611421585083 3.2818922638893127
v 0.47803046703338614 4.63611421585083 3.2818922638893127
v 0.07513227462768546 4.499106204509735 3.448778176307678
v 1.0181077361106872 4.63611421585083 3.8219695329666137
v 0.6943550944328307 4.63611421585083 3.605644905567169
v 0.6943550944328307 4.63611421585083 3.605644905567169
v 0.3859900474548339 4.499106204509735 3.914009952545166
v 1.4 4.63611421585083 3.8979326128959655
v 1.0181077361106872 4.63611421585083 3.8219695329666137
v 1.0181077361106872 4.63611421585083 3.8219695329666137
v 0.8512218236923217 4.499106204509735 4.224867725372315
v 1.7818922638893127 4.63611421585083 3.8219695329666137
v 1.4 4.63611421585083 3.8979326128959655
v 1.4 4.63611421585083 3.8979326128959655
v 1.4 4.499106204509735 4.334026598930359
v 2.105644905567169 4.63611421585083 3.605644905567169
v 1.7818922638893127 4.63611421585083 3.8219695329666137
v 1.7818922638893127 4.63611421585083 3.8219695329666137
v 1.9487781763076781 4.499106204509735 4.224867725372315
v 2.3219695329666137 4.63611421585083 3.2818922638893127
v 2.105644905567169 4.63611421585083 3.605644905567169
v 2.105644905567169 4.63611421585083 3.605644905567169
v 2.414009952545166 4.499106204509735 3.914009952545166
v 2.3979326128959655 4.63611421585083 2.9
v 2.3219695329666137 4.63611421585083 3.2818922638893127
v 2.3219695329666137 4.63611421585083 3.2818922638893127
v 2.7248677253723144 4.499106204509735 3.448778176307678
v 2.3219695329666137 4.63611421585083 2.518107736110687
v 2.3979326128959655 4.63611421585083 2.9
v 2.3979326128959655 4.63611421585083 2.9
v 2.834026598930359 4.499106204509735 2.9
v 2.105644905567169 4.63611421585083 2.1943550944328307
v 2.3219695329666137 4.63611421585083 2.518107736110687
v 2.3219695329666137 4.63611421585083 2.518107736110687
v 2.7248677253723144 4.499106204509735 2.3512218236923217
v 1.7818922638893127 4.63611421585083 1.9780304670333861
v 2.105644905567169 4.63611421585083 2.1943550944328307
v 2.105644905567169 4.63611421585083 2.1943550944328307
v 2.414009952545166 4.499106204509735 1.885990047454834
v 1.4000000000000001 4.63611421585083 1.9020673871040343
v 1.7818922638893127 4.63611421585083 1.9780304670333861
v 1.7818922638893127 4.63611421585083 1.9780304670333861
v 1.9487781763076781 4.499106204509735 1.5751322746276855
v 1.0181077361106872 4.63611421585083 1.9780304670333861
v 1.4000000000000001 4.63611421585083 1.9020673871040343
v 1.4000000000000001 4.63611421585083 1.9020673871040343
v 1.4000000000000001 4.499106204509735 1.465973401069641
v 0.6943550944328307 4.63611421585083 2.1943550944328307
v 1.0181077361106872 4.63611421585083 1.9780304670333861
v 1.0181077361106872 4.63611421585083 1.9780304670333861
v 0.8512218236923217 4.499106204509735 1.5751322746276855
v 0.47803046703338614 4.63611421585083 2.518107736110687
v 0.6943550944328307 4.63611421585083 2.1943550944328307
v 0.6943550944328307 4.63611421585083 2.1943550944328307
v 0.3859900474548339 4.499106204509735 1.885990047454834
v 0.40206738710403434 4.63611421585083 2.8999999999999995
v 0.47803046703338614 4.63611421585083 2.518107736110687
v -0.034026598930358976 4.499106204509735 2.8999999999999995
v 0.40206738710403434 4.63611421585083 2.8999999999999995
v 0.47803046703338614 4.63611421585083 2.518107736110687
v 0.07513227462768546 4.499106204509735 2.3512218236923217
v 0.07513227462768546 4.499106204509735 3.448778176307678
v -0.034026598930358976 4.499106204509735 2.9
v 0.3859900474548339 4.499106204509735 3.914009952545166
v 0.07513227462768546 4.499106204509735 3.448778176307678
v 0.07513227462768546 4.499106204509735 3.448778176307678
v -0.2613316535949708 4.317013299465179 3.588146114349365
v 0.8512218236923217 4.499106204509735 4.224867725372315
v 0.3859900474548339 4.499106204509735 3.914009952545166
v 0.3859900474548339 4.499106204509735 3.914009952545166
v 0.12847175598144522 4.317013299465179 4.171528244018555
v 1.4 4.499106204509735 4.334026598930359
v 0.8512218236923217 4.499106204509735 4.224867725372315
v 0.8512218236923217 4.499106204509735 4.224867725372315
v 0.7118538856506347 4.317013299465179 4.561331653594971
v 1.9487781763076781 4.499106204509735 4.224867725372315
v 1.4 4.499106204509735 4.334026598930359
v 1.4 4.499106204509735 4.334026598930359
v 1.4 4.317013299465179 4.698212409019471
v 2.414009952545166 4.499106204509735 3.914009952545166
v 1.9487781763076781 4.499106204509735 4.224867725372315
v 1.9487781763076781 4.499106204509735 4.224867725372315
v 2.088146114349365 4.317013299465179 4.561331653594971
v 2.7248677253723144 4.499106204509735 3.448778176307678
v 2.414009952545166 4.499106204509735 3.914009952545166
v 2.414009952545166 4.499106204509735 3.914009952545166
v 2.6715282440185546 4.317013299465179 4.171528244018555
v 2.834026598930359 4.499106204509735 2.9
v 2.7248677253723144 4.499106204509735 3.448778176307678
v 2.7248677253723144 4.499106204509735 3.448778176307678
v 3.0613316535949706 4.317013299465179 3.588146114349365
v 2.7248677253723144 4.499106204509735 2.3512218236923217
v 2.834026598930359 4.499106204509735 2.9
v 2.834026598930359 4.499106204509735 2.9
v 3.19821240901947 4.317013299465179 2.9
v 2.414009952545166 4.499106204509735 1.885990047454834
v 2.7248677253723144 4.499106204509735 2.3512218236923217
v 2.7248677253723144 4.499106204509735 2.3512218236923217
v 3.0613316535949706 4.317013299465179 2.2118538856506347
v 1.9487781763076781 4.499106204509735 1.5751322746276855
v 2.414009952545166 4.499106204509735 1.885990047454834
v 2.414009952545166 4.499106204509735 1.885990047454834
v 2.6715282440185546 4.317013299465179 1.6284717559814452
v 1.4000000000000001 4.499106204509735 1.465973401069641
v 1.9487781763076781 4.499106204509735 1.5751322746276855
v 1.9487781763076781 4.499106204509735 1.5751322746276855
v 2.088146114349365 4.317013299465179 1.2386683464050292
v 0.8512218236923217 4.499106204509735 1.5751322746276855
v 1.4000000000000001 4.499106204509735 1.465973401069641
v 1.4000000000000001 4.499106204509735 1.465973401069641
v 1.4000000000000001 4.317013299465179 1.1017875909805297
v 0.3859900474548339 4.499106204509735 1.885990047454834
v 0.8512218236923217 4.499106204509735 1.5751322746276855
v 0.8512218236923217 4.499106204509735 1.5751322746276855
v 0.7118538856506347 4.317013299465179 1.2386683464050292
v 0.07513227462768546 4.499106204509735 2.3512218236923217
v 0.3859900474548339 4.499106204509735 1.885990047454834
v 0.3859900474548339 4.499106204509735 1.885990047454834
v 0.12847175598144522 4.317013299465179 1.6284717559814452
v -0.034026598930358976 4.499106204509735 2.8999999999999995
v 0.07513227462768546 4.499106204509735 2.3512218236923217
v -0.3982124090194703 4.317013299465179 2.8999999999999995
v -0.034026598930358976 4.499106204509735 2.8999999999999995
v 0.07513227462768546 4.499106204509735 2.3512218236923217
v -0.2613316535949708 4.317013299465179 2.2118538856506347
v -0.2613316535949708 4.317013299465179 3.588146114349365
v -0.3982124090194703 4.317013299465179 2.9
v 0.12847175598144522 4.317013299465179 4.171528244018555
v -0.2613316535949708 4.317013299465179 3.588146114349365
v -0.2613316535949708 4.317013299465179 3.588146114349365
v -0.5144893884658814 4.098966306447982 3.693007493019104
v 0.7118538856506347 4.317013299465179 4.561331653594971
v 0.12847175598144522 4.317013299465179 4.171528244018555
v 0.12847175598144522 4.317013299465179 4.171528244018555
v -0.06528673171997079 4.098966306447982 4.365286731719971
v 1.4 4.317013299465179 4.698212409019471
v 0.7118538856506347 4.317013299465179 4.561331653594971
v 0.7118538856506347 4.317013299465179 4.561331653594971
v 0.6069925069808959 4.098966306447982 4.814489388465882
v 2.088146114349365 4.317013299465179 4.561331653594971
v 1.4 4.317013299465179 4.698212409019471
v 1.4 4.317013299465179 4.698212409019471
v 1.3999999999999997 4.098966306447982 4.9722284317016605
v 2.6715282440185546 4.317013299465179 4.171528244018555
v 2.088146114349365 4.317013299465179 4.561331653594971
v 2.088146114349365 4.317013299465179 4.561331653594971
v 2.193007493019104 4.098966306447982 4.814489388465882
v 3.0613316535949706 4.317013299465179 3.588146114349365
v 2.6715282440185546 4.317013299465179 4.171528244018555
v 2.6715282440185546 4.317013299465179 4.171528244018555
v 2.8652867317199706 4.098966306447982 4.365286731719971
v 3.19821240901947 4.317013299465179 2.9
v 3.0613316535949706 4.317013299465179 3.588146114349365
v 3.0613316535949706 4.317013299465179 3.588146114349365
v 3.3144893884658813 4.098966306447982 3.693007493019104
v 3.0613316535949706 4.317013299465179 2.2118538856506347
v 3.19821240901947 4.317013299465179 2.9
v 3.19821240901947 4.317013299465179 2.9
v 3.47222843170166 4.098966306447982 2.9000000000000004
v 2.6715282440185546 4.317013299465179 1.6284717559814452
v 3.0613316535949706 4.317013299465179 2.2118538856506347
v 3.0613316535949706 4.317013299465179 2.2118538856506347
v 3.3144893884658813 4.098966306447982 2.106992506980896
v 2.088146114349365 4.317013299465179 1.2386683464050292
v 2.6715282440185546 4.317013299465179 1.6284717559814452
v 2.6715282440185546 4.317013299465179 1.6284717559814452
v 2.8652867317199706 4.098966306447982 1.4347132682800292
v 1.4000000000000001 4.317013299465179 1.1017875909805297
v 2.088146114349365 4.317013299465179 1.2386683464050292
v 2.088146114349365 4.317013299465179 1.2386683464050292
v 2.193007493019104 4.098966306447982 0.9855106115341186
v 0.7118538856506347 4.317013299465179 1.2386683464050292
v 1.4000000000000001 4.317013299465179 1.1017875909805297
v 1.4000000000000001 4.317013299465179 1.1017875909805297
v 1.4000000000000004 4.098966306447982 0.8277715682983398
v 0.12847175598144522 4.317013299465179 1.6284717559814452
v 0.7118538856506347 4.317013299465179 1.2386683464050292
v 0.7118538856506347 4.317013299465179 1.2386683464050292
v 0.6069925069808959 4.098966306447982 0.9855106115341186
v -0.2613316535949708 4.317013299465179 2.2118538856506347
v 0.12847175598144522 4.317013299465179 1.6284717559814452
v 0.12847175598144522 4.317013299465179 1.6284717559814452
v -0.06528673171997079 4.098966306447982 1.4347132682800292
v -0.3982124090194703 4.317013299465179 2.8999999999999995
v -0.2613316535949708 4.317013299465179 2.2118538856506347
v -0.6722284317016602 4.098966306447982 2.8999999999999995
v -0.3982124090194703 4.317013299465179 2.8999999999999995
v -0.2613316535949708 4.317013299465179 2.2118538856506347
v -0.5144893884658814 4.098966306447982 2.106992506980896
v -0.5144893884658814 4.098966306447982 3.693007493019104
v -0.6722284317016602 4.098966306447982 2.9
v -0.06528673171997079 4.098966306447982 4.365286731719971
v -0.5144893884658814 4.098966306447982 3.693007493019104
v -0.5144893884658814 4.098966306447982 3.693007493019104
v -0.6716466903686524 3.8558990716934205 3.758104169368744
v 0.6069925069808959 4.098966306447982 4.814489388465882
v -0.06528673171997079 4.098966306447982 4.365286731719971
v -0.06528673171997079 4.098966306447982 4.365286731719971
v -0.18556973934173593 3.8558990716934205 4.485569739341736
v 1.3999999999999997 4.098966306447982 4.9722284317016605
v 0.6069925069808959 4.098966306447982 4.814489388465882
v 0.6069925069808959 4.098966306447982 4.814489388465882
v 0.541895830631256 3.8558990716934205 4.971646690368653
v 2.193007493019104 4.098966306447982 4.814489388465882
v 1.3999999999999997 4.098966306447982 4.9722284317016605
v 1.3999999999999997 4.098966306447982 4.9722284317016605
v 1.3999999999999997 3.8558990716934205 5.142334127426148
v 2.8652867317199706 4.098966306447982 4.365286731719971
v 2.193007493019104 4.098966306447982 4.814489388465882
v 2.193007493019104 4.098966306447982 4.814489388465882
v 2.258104169368744 3.8558990716934205 4.971646690368653
v 3.3144893884658813 4.098966306447982 3.693007493019104
v 2.8652867317199706 4.098966306447982 4.365286731719971
v 2.8652867317199706 4.098966306447982 4.365286731719971
v 2.9855697393417358 3.8558990716934205 4.485569739341736
v 3.47222843170166 4.098966306447982 2.9000000000000004
v 3.3144893884658813 4.098966306447982 3.693007493019104
v 3.3144893884658813 4.098966306447982 3.693007493019104
v 3.4716466903686523 3.8558990716934205 3.758104169368744
v 3.3144893884658813 4.098966306447982 2.106992506980896
v 3.47222843170166 4.098966306447982 2.9000000000000004
v 3.47222843170166 4.098966306447982 2.9000000000000004
v 3.6423341274261474 3.8558990716934205 2.9000000000000004
v 2.8652867317199706 4.098966306447982 1.4347132682800292
v 3.3144893884658813 4.098966306447982 2.106992506980896
v 3.3144893884658813 4.098966306447982 2.106992506980896
v 3.4716466903686523 3.8558990716934205 2.041895830631256
v 2.193007493019104 4.098966306447982 0.9855106115341186
v 2.8652867317199706 4.098966306447982 1.4347132682800292
v 2.8652867317199706 4.098966306447982 1.4347132682800292
v 2.9855697393417358 3.8558990716934205 1.314430260658264
v 1.4000000000000004 4.098966306447982 0.8277715682983398
v 2.193007493019104 4.098966306447982 0.9855106115341186
v 2.193007493019104 4.098966306447982 0.9855106115341186
v 2.258104169368744 3.8558990716934205 0.8283533096313476
v 0.6069925069808959 4.098966306447982 0.9855106115341186
v 1.4000000000000004 4.098966306447982 0.8277715682983398
v 1.4000000000000004 4.098966306447982 0.8277715682983398
v 1.4000000000000004 3.8558990716934205 0.6576658725738525
v -0.06528673171997079 4.098966306447982 1.4347132682800292
v 0.6069925069808959 4.098966306447982 0.9855106115341186
v 0.6069925069808959 4.098966306447982 0.9855106115341186
v 0.541895830631256 3.8558990716934205 0.8283533096313476
v -0.5144893884658814 4.098966306447982 2.106992506980896
v -0.06528673171997079 4.098966306447982 1.4347132682800292
v -0.06528673171997079 4.098966306447982 1.4347132682800292
v -0.18556973934173593 3.8558990716934205 1.314430260658264
v -0.6722284317016602 4.098966306447982 2.8999999999999995
v -0.5144893884658814 4.098966306447982 2.106992506980896
v -0.8423341274261475 3.8558990716934205 2.8999999999999995
v -0.6722284317016602 4.098966306447982 2.8999999999999995
v -0.5144893884658814 4.098966306447982 2.106992506980896
v -0.6716466903686524 3.8558990716934205 2.041895830631256
v -0.6716466903686524 3.8558990716934205 3.758104169368744
v -0.8423341274261475 3.8558990716934205 2.9
v -0.18556973934173593 3.8558990716934205 4.485569739341736
v -0.6716466903686524 3.8558990716934205 3.758104169368744
v -0.6716466903686524 3.8558990716934205 3.758104169368744
v -0.7249229907989503 3.6 3.7801718950271606
v 0.541895830631256 3.8558990716934205 4.971646690368653
v -0.18556973934173593 3.8558990716934205 4.485569739341736
v -0.18556973934173593 3.8558990716934205 4.485569739341736
v -0.2263456344604493 3.6 4.52634563446045
v 1.3999999999999997 3.8558990716934205 5.142334127426148
v 0.541895830631256 3.8558990716934205 4.971646690368653
v 0.541895830631256 3.8558990716934205 4.971646690368653
v 0.5198281049728393 3.6 5.0249229907989506
v 2.258104169368744 3.8558990716934205 4.971646690368653
v 1.3999999999999997 3.8558990716934205 5.142334127426148
v 1.3999999999999997 3.8558990716934205 5.142334127426148
v 1.3999999999999997 3.6 5.1999999523162845
v 2.9855697393417358 3.8558990716934205 4.485569739341736
v 2.258104169368744 3.8558990716934205 4.971646690368653
v 2.258104169368744 3.8558990716934205 4.971646690368653
v 2.2801718950271606 3.6 5.0249229907989506
v 3.4716466903686523 3.8558990716934205 3.758104169368744
v 2.9855697393417358 3.8558990716934205 4.485569739341736
v 2.9855697393417358 3.8558990716934205 4.485569739341736
v 3.026345634460449 3.6 4.52634563446045
v 3.6423341274261474 3.8558990716934205 2.9000000000000004
v 3.4716466903686523 3.8558990716934205 3.758104169368744
v 3.4716466903686523 3.8558990716934205 3.758104169368744
v 3.52492299079895 3.6 3.7801718950271606
v 3.4716466903686523 3.8558990716934205 2.041895830631256
v 3.6423341274261474 3.8558990716934205 2.9000000000000004
v 3.6423341274261474 3.8558990716934205 2.9000000000000004
v 3.699999952316284 3.6 2.9000000000000004
v 2.9855697393417358 3.8558990716934205 1.314430260658264
v 3.4716466903686523 3.8558990716934205 2.041895830631256
v 3.4716466903686523 3.8558990716934205 2.041895830631256
v 3.52492299079895 3.6 2.0198281049728393
v 2.258104169368744 3.8558990716934205 0.8283533096313476
v 2.9855697393417358 3.8558990716934205 1.314430260658264
v 2.9855697393417358 3.8558990716934205 1.314430260658264
v 3.026345634460449 3.6 1.2736543655395507
v 1.4000000000000004 3.8558990716934205 0.6576658725738525
v 2.258104169368744 3.8558990716934205 0.8283533096313476
v 2.258104169368744 3.8558990716934205 0.8283533096313476
v 2.2801718950271606 3.6 0.7750770092010497
v 0.541895830631256 3.8558990716934205 0.8283533096313476
v 1.4000000000000004 3.8558990716934205 0.6576658725738525
v 1.4000000000000004 3.8558990716934205 0.6576658725738525
v 1.4000000000000004 3.6 0.6000000476837157
v -0.18556973934173593 3.8558990716934205 1.314430260658264
v 0.541895830631256 3.8558990716934205 0.8283533096313476
v 0.541895830631256 3.8558990716934205 0.8283533096313476
v 0.5198281049728393 3.6 0.7750770092010497
v -0.6716466903686524 3.8558990716934205 2.041895830631256
v -0.18556973934173593 3.8558990716934205 1.314430260658264
v -0.18556973934173593 3.8558990716934205 1.314430260658264
v -0.2263456344604493 3.6 1.2736543655395507
v -0.8423341274261475 3.8558990716934205 2.8999999999999995
v -0.6716466903686524 3.8558990716934205 2.041895830631256
v -0.8999999523162843 3.6 2.8999999999999995
v -0.8423341274261475 3.8558990716934205 2.8999999999999995
v -0.6716466903686524 3.8558990716934205 2.041895830631256
v -0.7249229907989503 3.6 2.0198281049728393
v -0.8999999523162843 3.6 2.9
v -0.7249229907989503 3.6 3.7801718950271606
v -0.7249229907989503 3.6 3.7801718950271606
v -0.2263456344604493 3.6 4.52634563446045
v -0.2263456344604493 3.6 4.52634563446045
v 0.5198281049728393 3.6 5.0249229907989506
v 0.5198281049728393 3.6 5.0249229907989506
v 1.3999999999999997 3.6 5.1999999523162845
v 1.3999999999999997 3.6 5.1999999523162845
v 2.2801718950271606 3.6 5.0249229907989506
v 2.2801718950271606 3.6 5.0249229907989506
v 3.026345634460449 3.6 4.52634563446045
v 3.026345634460449 3.6 4.52634563446045
v 3.52492299079895 3.6 3.7801718950271606
v 3.52492299079895 3.6 3.7801718950271606
v 3.699999952316284 3.6 2.9000000000000004
v 3.699999952316284 3.6 2.9000000000000004
v 3.52492299079895 3.6 2.0198281049728393
v 3.52492299079895 3.6 2.0198281049728393
v 3.026345634460449 3.6 1.2736543655395507
v 3.026345634460449 3.6 1.2736543655395507
v 2.2801718950271606 3.6 0.7750770092010497
v 2.2801718950271606 3.6 0.7750770092010497
v 1.4000000000000004 3.6 0.6000000476837157
v 1.4000000000000004 3.6 0.6000000476837157
v 0.5198281049728393 3.6 0.7750770092010497
v 0.5198281049728393 3.6 0.7750770092010497
v -0.2263456344604493 3.6 1.2736543655395507
v -0.2263456344604493 3.6 1.2736543655395507
v -0.7249229907989503 3.6 2.0198281049728393
v -0.7249229907989503 3.6 2.0198281049728393
v -0.8999999523162843 3.6 2.8999999999999995
l 3905 3906
l 3907 3908
l 3909 3910
l 3911 3912
l 3913 3914
l 3915 3916
l 3917 3918
l 3919 3920
l 3921 3922
l 3923 3924
l 3925 3926
l 3927 3928
l 3929 3930
l 3931 3932
l 3933 3934
l 3935 3936
l 3937 3938
l 3939 3940
l 3941 3942
l 3943 3944
l 3945 3946
l 3947 3948
l 3949 3950
l 3951 3952
l 3953 3954
l 3955 3956
l 3957 3958
l 3959 3960
l 3961 3962
l 3963 3964
l 3965 3966
l 3967 3968
l 3969 3970
l 3971 3972
l 3973 3974
l 3975 3976
l 3977 3978
l 3979 3980
l 3981 3982
l 3983 3984
l 3985 3986
l 3987 3988
l 3989 3990
l 3991 3992
l 3993 3994
l 3995 3996
l 3997 3998
l 3999 4000
l 4001 4002
l 4003 4004
l 4005 4006
l 4007 4008
l 4009 4010
l 4011 4012
l 4013 4014
l 4015 4016
l 4017 4018
l 4019 4020
l 4021 4022
l 4023 4024
l 4025 4026
l 4027 4028
l 4029 4030
l 4031 4032
l 4033 4034
l 4035 4036
l 4037 4038
l 4039 4040
l 4041 4042
l 4043 4044
l 4045 4046
l 4047 4048
l 4049 4050
l 4051 4052
l 4053 4054
l 4055 4056
l 4057 4058
l 4059 4060
l 4061 4062
l 4063 4064
l 4065 4066
l 4067 4068
l 4069 4070
l 4071 4072
l 4073 4074
l 4075 4076
l 4077 4078
l 4079 4080
l 4081 4082
l 4083 4084
l 4085 4086
l 4087 4088
l 4089 4090
l 4091 4092
l 4093 4094
l 4095 4096
l 4097 4098
l 4099 4100
l 4101 4102
l 4103 4104
l 4105 4106
l 4107 4108
l 4109 4110
l 4111 4112
l 4113 4114
l 4115 4116
l 4117 4118
l 4119 4120
l 4121 4122
l 4123 4124
l 4125 4126
l 4127 4128
l 4129 4130
l 4131 4132
l 4133 4134
l 4135 4136
l 4137 4138
l 4139 4140
l 4141 4142
l 4143 4144
l 4145 4146
l 4147 4148
l 4149 4150
l 4151 4152
l 4153 4154
l 4155 4156
l 4157 4158
l 4159 4160
l 4161 4162
l 4163 4164
l 4165 4166
l 4167 4168
l 4169 4170
l 4171 4172
l 4173 4174
l 4175 4176
l 4177 4178
l 4179 4180
l 4181 4182
l 4183 4184
l 4185 4186
l 4187 4188
l 4189 4190
l 4191 4192
l 4193 4194
l 4195 4196
l 4197 4198
l 4199 4200
l 4201 4202
l 4203 4204
l 4205 4206
l 4207 4208
l 4209 4210
l 4211 4212
l 4213 4214
l 4215 4216
l 4217 4218
l 4219 4220
l 4221 4222
l 4223 4224
l 4225 4226
l 4227 4228
l 4229 4230
l 4231 4232
l 4233 4234
l 4235 4236
l 4237 4238
l 4239 4240
l 4241 4242
l 4243 4244
l 4245 4246
l 4247 4248
l 4249 4250
l 4251 4252
l 4253 4254
l 4255 4256
l 4257 4258
l 4259 4260
l 4261 4262
l 4263 4264
l 4265 4266
l 4267 4268
l 4269 4270
l 4271 4272
l 4273 4274
l 4275 4276
l 4277 4278
l 4279 4280
l 4281 4282
l 4283 4284
l 4285 4286
l 4287 4288
l 4289 4290
l 4291 4292
l 4293 4294
l 4295 4296
l 4297 4298
l 4299 4300
l 4301 4302
l 4303 4304
l 4305 4306
l 4307 4308
l 4309 4310
l 4311 4312
l 4313 4314
l 4315 4316
l 4317 4318
l 4319 4320
l 4321 4322
l 4323 4324
l 4325 4326
l 4327 4328
l 4329 4330
l 4331 4332
l 4333 4334
l 4335 4336
l 4337 4338
l 4339 4340
l 4341 4342
l 4343 4344
l 4345 4346
l 4347 4348
l 4349 4350
l 4351 4352
o digestor_b_anillo_cuerpo
usemtl relleno_oscuro
v 3.7900001049041747 3.6 2.9
v 3.744076871871948 3.6 3.366265857219696
v 3.6080721855163573 3.6 3.814613425731659
v 3.3872124195098876 3.6000000000000005 4.227812910079956
v 3.089985156059265 3.6000000000000005 4.5899851560592655
v 2.727812910079956 3.6000000000000005 4.887212419509888
v 2.314613425731659 3.6000000000000005 5.108072185516358
v 1.866265857219696 3.6000000000000005 5.244076871871949
v 1.4000000000000001 3.6000000000000005 5.290000104904175
v 0.9337341427803039 3.6000000000000005 5.244076871871949
v 0.485386574268341 3.6000000000000005 5.108072185516358
v 0.07218708992004386 3.6000000000000005 4.887212419509888
v -0.2899851560592652 3.6000000000000005 4.5899851560592655
v -0.5872124195098878 3.6000000000000005 4.227812910079956
v -0.8080721855163575 3.6 3.814613425731659
v -0.9440768718719483 3.6 3.366265857219696
v -0.9900001049041749 3.6 2.9000000000000004
v -0.9440768718719483 3.6 2.433734142780304
v -0.8080721855163575 3.6 1.985386574268341
v -0.5872124195098878 3.5999999999999996 1.5721870899200439
v -0.2899851560592652 3.5999999999999996 1.2100148439407348
v 0.07218708992004386 3.5999999999999996 0.9127875804901122
v 0.485386574268341 3.5999999999999996 0.6919278144836425
v 0.9337341427803039 3.5999999999999996 0.5559231281280517
v 1.3999999999999995 3.5999999999999996 0.5099998950958251
v 1.866265857219696 3.5999999999999996 0.5559231281280517
v 2.314613425731659 3.5999999999999996 0.6919278144836425
v 2.727812910079956 3.5999999999999996 0.9127875804901122
v 3.089985156059265 3.5999999999999996 1.2100148439407348
v 3.3872124195098876 3.5999999999999996 1.5721870899200439
v 3.6080721855163573 3.6 1.985386574268341
v 3.744076871871948 3.6 2.433734142780304
v 3.7900001049041747 3.6 2.8999999999999995
v 3.7753552436828612 3.5646446593105794 2.9
v 3.7297135829925536 3.5646446593105794 3.363408827781677
v 3.5945421695709228 3.5646446593105794 3.8090091586112975
v 3.375035786628723 3.56464465931058 4.219676756858826
v 3.079629921913147 3.56464465931058 4.579629921913147
v 2.7196767568588256 3.56464465931058 4.8750357866287235
v 2.3090091586112975 3.56464465931058 5.094542169570923
v 1.8634088277816772 3.56464465931058 5.229713582992554
v 1.4000000000000001 3.56464465931058 5.275355243682862
v 0.9365911722183227 3.56464465931058 5.229713582992554
v 0.4909908413887023 3.56464465931058 5.094542169570923
v 0.08032324314117423 3.56464465931058 4.8750357866287235
v -0.27962992191314706 3.56464465931058 4.579629921913147
v -0.5750357866287232 3.56464465931058 4.219676756858826
v -0.7945421695709229 3.5646446593105794 3.8090091586112975
v -0.9297135829925538 3.5646446593105794 3.363408827781677
v -0.9753552436828614 3.5646446593105794 2.9000000000000004
v -0.9297135829925538 3.5646446593105794 2.4365911722183227
v -0.7945421695709229 3.5646446593105794 1.9909908413887023
v -0.5750357866287232 3.564644659310579 1.5803232431411742
v -0.27962992191314706 3.564644659310579 1.220370078086853
v 0.08032324314117423 3.564644659310579 0.9249642133712768
v 0.4909908413887023 3.564644659310579 0.7054578304290771
v 0.9365911722183227 3.564644659310579 0.5702864170074462
v 1.3999999999999995 3.564644659310579 0.5246447563171386
v 1.8634088277816772 3.564644659310579 0.5702864170074462
v 2.3090091586112975 3.564644659310579 0.7054578304290771
v 2.7196767568588256 3.564644659310579 0.9249642133712768
v 3.079629921913147 3.564644659310579 1.220370078086853
v 3.375035786628723 3.564644659310579 1.5803232431411742
v 3.5945421695709228 3.5646446593105794 1.9909908413887023
v 3.7297135829925536 3.5646446593105794 2.4365911722183227
v 3.7753552436828612 3.5646446593105794 2.8999999999999995
v 3.7399999141693114 3.549999999254942 2.9
v 3.695037508010864 3.549999999254942 3.3565113484859466
v 3.5618781089782714 3.549999999254942 3.7954792022705077
v 3.34563889503479 3.5499999992549425 4.200034403800965
v 3.0546298265457152 3.5499999992549425 4.554629826545716
v 2.7000344038009643 3.5499999992549425 4.84563889503479
v 2.2954792022705077 3.5499999992549425 5.061878108978272
v 1.8565113484859466 3.5499999992549425 5.195037508010865
v 1.4000000000000001 3.5499999992549425 5.239999914169312
v 0.9434886515140533 3.5499999992549425 5.195037508010865
v 0.5045207977294921 3.5499999992549425 5.061878108978272
v 0.09996559619903556 3.5499999992549425 4.84563889503479
v -0.2546298265457154 3.5499999992549425 4.554629826545716
v -0.5456388950347901 3.5499999992549425 4.200034403800965
v -0.7618781089782716 3.549999999254942 3.7954792022705077
v -0.8950375080108643 3.549999999254942 3.3565113484859466
v -0.9399999141693116 3.549999999254942 2.9000000000000004
v -0.8950375080108643 3.549999999254942 2.4434886515140533
v -0.7618781089782716 3.549999999254942 2.004520797729492
v -0.5456388950347901 3.5499999992549416 1.5999655961990356
v -0.2546298265457154 3.5499999992549416 1.2453701734542846
v 0.09996559619903556 3.5499999992549416 0.9543611049652099
v 0.5045207977294921 3.5499999992549416 0.7381218910217284
v 0.9434886515140533 3.5499999992549416 0.6049624919891357
v 1.3999999999999995 3.5499999992549416 0.5600000858306884
v 1.8565113484859466 3.5499999992549416 0.6049624919891357
v 2.2954792022705077 3.5499999992549416 0.7381218910217284
v 2.7000344038009643 3.5499999992549416 0.9543611049652099
v 3.0546298265457152 3.5499999992549416 1.2453701734542846
v 3.34563889503479 3.5499999992549416 1.5999655961990356
v 3.5618781089782714 3.549999999254942 2.004520797729492
v 3.695037508010864 3.549999999254942 2.4434886515140533
v 3.7399999141693114 3.549999999254942 2.8999999999999995
v 3.7046445846557616 3.5646446593105794 2.9
v 3.660361671447754 3.5646446593105794 3.349613869190216
v 3.52921404838562 3.5646446593105794 3.7819493055343627
v 3.316242003440857 3.56464465931058 4.180391931533814
v 3.029629850387573 3.56464465931058 4.529629850387574
v 2.6803919315338134 3.56464465931058 4.816242003440857
v 2.2819493055343627 3.56464465931058 5.0292140483856205
v 1.849613869190216 3.56464465931058 5.160361671447754
v 1.4000000000000001 3.56464465931058 5.204644584655762
v 0.9503861308097838 3.56464465931058 5.160361671447754
v 0.5180506944656371 3.56464465931058 5.0292140483856205
v 0.11960806846618643 3.56464465931058 4.816242003440857
v -0.22962985038757333 3.56464465931058 4.529629850387574
v -0.516242003440857 3.56464465931058 4.180391931533814
v -0.7292140483856202 3.5646446593105794 3.7819493055343627
v -0.860361671447754 3.5646446593105794 3.349613869190216
v -0.9046445846557618 3.5646446593105794 2.9000000000000004
v -0.860361671447754 3.5646446593105794 2.450386130809784
v -0.7292140483856202 3.5646446593105794 2.018050694465637
v -0.516242003440857 3.564644659310579 1.6196080684661864
v -0.22962985038757333 3.564644659310579 1.2703701496124267
v 0.11960806846618643 3.564644659310579 0.983757996559143
v 0.5180506944656371 3.564644659310579 0.7707859516143798
v 0.9503861308097838 3.564644659310579 0.639638328552246
v 1.3999999999999995 3.564644659310579 0.5953554153442382
v 1.849613869190216 3.564644659310579 0.639638328552246
v 2.2819493055343627 3.564644659310579 0.7707859516143798
v 2.6803919315338134 3.564644659310579 0.983757996559143
v 3.029629850387573 3.564644659310579 1.2703701496124267
v 3.316242003440857 3.564644659310579 1.6196080684661864
v 3.52921404838562 3.5646446593105794 2.018050694465637
v 3.660361671447754 3.5646446593105794 2.450386130809784
v 3.7046445846557616 3.5646446593105794 2.8999999999999995
v 3.6899999618530273 3.6 2.9
v 3.6459983825683593 3.6 3.346756839752197
v 3.5156840324401855 3.6 3.7763450384140014
v 3.3040653705596923 3.6000000000000005 4.1722557783126835
v 3.0192744970321654 3.6000000000000005 4.519274497032166
v 2.672255778312683 3.6000000000000005 4.804065370559693
v 2.2763450384140014 3.6000000000000005 5.015684032440186
v 1.8467568397521972 3.6000000000000005 5.14599838256836
v 1.4000000000000001 3.6000000000000005 5.189999961853028
v 0.9532431602478026 3.6000000000000005 5.14599838256836
v 0.5236549615859984 3.6000000000000005 5.015684032440186
v 0.1277442216873168 3.6000000000000005 4.804065370559693
v -0.21927449703216562 3.6000000000000005 4.519274497032166
v -0.5040653705596925 3.6000000000000005 4.1722557783126835
v -0.7156840324401856 3.6 3.7763450384140014
v -0.8459983825683595 3.6 3.346756839752197
v -0.8899999618530274 3.6 2.9000000000000004
v -0.8459983825683595 3.6 2.4532431602478026
v -0.7156840324401856 3.6 2.0236549615859984
v -0.5040653705596925 3.5999999999999996 1.6277442216873168
v -0.21927449703216562 3.5999999999999996 1.2807255029678344
v 0.1277442216873168 3.5999999999999996 0.9959346294403075
v 0.5236549615859984 3.5999999999999996 0.7843159675598144
v 0.9532431602478026 3.5999999999999996 0.6540016174316405
v 1.3999999999999995 3.5999999999999996 0.6100000381469726
v 1.8467568397521972 3.5999999999999996 0.6540016174316405
v 2.2763450384140014 3.5999999999999996 0.7843159675598144
v 2.672255778312683 3.5999999999999996 0.9959346294403075
v 3.0192744970321654 3.5999999999999996 1.2807255029678344
v 3.3040653705596923 3.5999999999999996 1.6277442216873168
v 3.5156840324401855 3.6 2.0236549615859984
v 3.6459983825683593 3.6 2.4532431602478026
v 3.6899999618530273 3.6 2.8999999999999995
v 3.7046445846557616 3.635355340689421 2.9
v 3.660361671447754 3.635355340689421 3.349613869190216
v 3.52921404838562 3.635355340689421 3.7819493055343627
v 3.316242003440857 3.6353553406894212 4.180391931533814
v 3.029629850387573 3.6353553406894212 4.529629850387574
v 2.6803919315338134 3.6353553406894212 4.816242003440857
v 2.2819493055343627 3.6353553406894212 5.0292140483856205
v 1.849613869190216 3.6353553406894212 5.160361671447754
v 1.4000000000000001 3.6353553406894212 5.204644584655762
v 0.9503861308097838 3.6353553406894212 5.160361671447754
v 0.5180506944656371 3.6353553406894212 5.0292140483856205
v 0.11960806846618643 3.6353553406894212 4.816242003440857
v -0.22962985038757333 3.6353553406894212 4.529629850387574
v -0.516242003440857 3.6353553406894212 4.180391931533814
v -0.7292140483856202 3.635355340689421 3.7819493055343627
v -0.860361671447754 3.635355340689421 3.349613869190216
v -0.9046445846557618 3.635355340689421 2.9000000000000004
v -0.860361671447754 3.635355340689421 2.450386130809784
v -0.7292140483856202 3.635355340689421 2.018050694465637
v -0.516242003440857 3.6353553406894203 1.6196080684661864
v -0.22962985038757333 3.6353553406894203 1.2703701496124267
v 0.11960806846618643 3.6353553406894203 0.983757996559143
v 0.5180506944656371 3.6353553406894203 0.7707859516143798
v 0.9503861308097838 3.6353553406894203 0.639638328552246
v 1.3999999999999995 3.6353553406894203 0.5953554153442382
v 1.849613869190216 3.6353553406894203 0.639638328552246
v 2.2819493055343627 3.6353553406894203 0.7707859516143798
v 2.6803919315338134 3.6353553406894203 0.983757996559143
v 3.029629850387573 3.6353553406894203 1.2703701496124267
v 3.316242003440857 3.6353553406894203 1.6196080684661864
v 3.52921404838562 3.635355340689421 2.018050694465637
v 3.660361671447754 3.635355340689421 2.450386130809784
v 3.7046445846557616 3.635355340689421 2.8999999999999995
v 3.7399999141693114 3.650000000745058 2.9
v 3.695037508010864 3.650000000745058 3.3565113484859466
v 3.5618781089782714 3.650000000745058 3.7954792022705077
v 3.34563889503479 3.6500000007450586 4.200034403800965
v 3.0546298265457152 3.6500000007450586 4.554629826545716
v 2.7000344038009643 3.6500000007450586 4.84563889503479
v 2.2954792022705077 3.6500000007450586 5.061878108978272
v 1.8565113484859466 3.6500000007450586 5.195037508010865
v 1.4000000000000001 3.6500000007450586 5.239999914169312
v 0.9434886515140533 3.6500000007450586 5.195037508010865
v 0.5045207977294921 3.6500000007450586 5.061878108978272
v 0.09996559619903556 3.6500000007450586 4.84563889503479
v -0.2546298265457154 3.6500000007450586 4.554629826545716
v -0.5456388950347901 3.6500000007450586 4.200034403800965
v -0.7618781089782716 3.650000000745058 3.7954792022705077
v -0.8950375080108643 3.650000000745058 3.3565113484859466
v -0.9399999141693116 3.650000000745058 2.9000000000000004
v -0.8950375080108643 3.650000000745058 2.4434886515140533
v -0.7618781089782716 3.650000000745058 2.004520797729492
v -0.5456388950347901 3.6500000007450577 1.5999655961990356
v -0.2546298265457154 3.6500000007450577 1.2453701734542846
v 0.09996559619903556 3.6500000007450577 0.9543611049652099
v 0.5045207977294921 3.6500000007450577 0.7381218910217284
v 0.9434886515140533 3.6500000007450577 0.6049624919891357
v 1.3999999999999995 3.6500000007450577 0.5600000858306884
v 1.8565113484859466 3.6500000007450577 0.6049624919891357
v 2.2954792022705077 3.6500000007450577 0.7381218910217284
v 2.7000344038009643 3.6500000007450577 0.9543611049652099
v 3.0546298265457152 3.6500000007450577 1.2453701734542846
v 3.34563889503479 3.6500000007450577 1.5999655961990356
v 3.5618781089782714 3.650000000745058 2.004520797729492
v 3.695037508010864 3.650000000745058 2.4434886515140533
v 3.7399999141693114 3.650000000745058 2.8999999999999995
v 3.7753552436828612 3.635355340689421 2.9
v 3.7297135829925536 3.635355340689421 3.363408827781677
v 3.5945421695709228 3.635355340689421 3.8090091586112975
v 3.375035786628723 3.6353553406894212 4.219676756858826
v 3.079629921913147 3.6353553406894212 4.579629921913147
v 2.7196767568588256 3.6353553406894212 4.8750357866287235
v 2.3090091586112975 3.6353553406894212 5.094542169570923
v 1.8634088277816772 3.6353553406894212 5.229713582992554
v 1.4000000000000001 3.6353553406894212 5.275355243682862
v 0.9365911722183227 3.6353553406894212 5.229713582992554
v 0.4909908413887023 3.6353553406894212 5.094542169570923
v 0.08032324314117423 3.6353553406894212 4.8750357866287235
v -0.27962992191314706 3.6353553406894212 4.579629921913147
v -0.5750357866287232 3.6353553406894212 4.219676756858826
v -0.7945421695709229 3.635355340689421 3.8090091586112975
v -0.9297135829925538 3.635355340689421 3.363408827781677
v -0.9753552436828614 3.635355340689421 2.9000000000000004
v -0.9297135829925538 3.635355340689421 2.4365911722183227
v -0.7945421695709229 3.635355340689421 1.9909908413887023
v -0.5750357866287232 3.6353553406894203 1.5803232431411742
v -0.27962992191314706 3.6353553406894203 1.220370078086853
v 0.08032324314117423 3.6353553406894203 0.9249642133712768
v 0.4909908413887023 3.6353553406894203 0.7054578304290771
v 0.9365911722183227 3.6353553406894203 0.5702864170074462
v 1.3999999999999995 3.6353553406894203 0.5246447563171386
v 1.8634088277816772 3.6353553406894203 0.5702864170074462
v 2.3090091586112975 3.6353553406894203 0.7054578304290771
v 2.7196767568588256 3.6353553406894203 0.9249642133712768
v 3.079629921913147 3.6353553406894203 1.220370078086853
v 3.375035786628723 3.6353553406894203 1.5803232431411742
v 3.5945421695709228 3.635355340689421 1.9909908413887023
v 3.7297135829925536 3.635355340689421 2.4365911722183227
v 3.7753552436828612 3.635355340689421 2.8999999999999995
v 3.7900001049041747 3.6 2.9
v 3.744076871871948 3.6 3.366265857219696
v 3.6080721855163573 3.6 3.814613425731659
v 3.3872124195098876 3.6000000000000005 4.227812910079956
v 3.089985156059265 3.6000000000000005 4.5899851560592655
v 2.727812910079956 3.6000000000000005 4.887212419509888
v 2.314613425731659 3.6000000000000005 5.108072185516358
v 1.866265857219696 3.6000000000000005 5.244076871871949
v 1.4000000000000001 3.6000000000000005 5.290000104904175
v 0.9337341427803039 3.6000000000000005 5.244076871871949
v 0.485386574268341 3.6000000000000005 5.108072185516358
v 0.07218708992004386 3.6000000000000005 4.887212419509888
v -0.2899851560592652 3.6000000000000005 4.5899851560592655
v -0.5872124195098878 3.6000000000000005 4.227812910079956
v -0.8080721855163575 3.6 3.814613425731659
v -0.9440768718719483 3.6 3.366265857219696
v -0.9900001049041749 3.6 2.9000000000000004
v -0.9440768718719483 3.6 2.433734142780304
v -0.8080721855163575 3.6 1.985386574268341
v -0.5872124195098878 3.5999999999999996 1.5721870899200439
v -0.2899851560592652 3.5999999999999996 1.2100148439407348
v 0.07218708992004386 3.5999999999999996 0.9127875804901122
v 0.485386574268341 3.5999999999999996 0.6919278144836425
v 0.9337341427803039 3.5999999999999996 0.5559231281280517
v 1.3999999999999995 3.5999999999999996 0.5099998950958251
v 1.866265857219696 3.5999999999999996 0.5559231281280517
v 2.314613425731659 3.5999999999999996 0.6919278144836425
v 2.727812910079956 3.5999999999999996 0.9127875804901122
v 3.089985156059265 3.5999999999999996 1.2100148439407348
v 3.3872124195098876 3.5999999999999996 1.5721870899200439
v 3.6080721855163573 3.6 1.985386574268341
v 3.744076871871948 3.6 2.433734142780304
v 3.7900001049041747 3.6 2.8999999999999995
vt 0 0
vt 0.03125 0
vt 0.0625 0
vt 0.09375 0
vt 0.125 0
vt 0.15625 0
vt 0.1875 0
vt 0.21875 0
vt 0.25 0
vt 0.28125 0
vt 0.3125 0
vt 0.34375 0
vt 0.375 0
vt 0.40625 0
vt 0.4375 0
vt 0.46875 0
vt 0.5 0
vt 0.53125 0
vt 0.5625 0
vt 0.59375 0
vt 0.625 0
vt 0.65625 0
vt 0.6875 0
vt 0.71875 0
vt 0.75 0
vt 0.78125 0
vt 0.8125 0
vt 0.84375 0
vt 0.875 0
vt 0.90625 0
vt 0.9375 0
vt 0.96875 0
vt 1 0
vt 0 0.125
vt 0.03125 0.125
vt 0.0625 0.125
vt 0.09375 0.125
vt 0.125 0.125
vt 0.15625 0.125
vt 0.1875 0.125
vt 0.21875 0.125
vt 0.25 0.125
vt 0.28125 0.125
vt 0.3125 0.125
vt 0.34375 0.125
vt 0.375 0.125
vt 0.40625 0.125
vt 0.4375 0.125
vt 0.46875 0.125
vt 0.5 0.125
vt 0.53125 0.125
vt 0.5625 0.125
vt 0.59375 0.125
vt 0.625 0.125
vt 0.65625 0.125
vt 0.6875 0.125
vt 0.71875 0.125
vt 0.75 0.125
vt 0.78125 0.125
vt 0.8125 0.125
vt 0.84375 0.125
vt 0.875 0.125
vt 0.90625 0.125
vt 0.9375 0.125
vt 0.96875 0.125
vt 1 0.125
vt 0 0.25
vt 0.03125 0.25
vt 0.0625 0.25
vt 0.09375 0.25
vt 0.125 0.25
vt 0.15625 0.25
vt 0.1875 0.25
vt 0.21875 0.25
vt 0.25 0.25
vt 0.28125 0.25
vt 0.3125 0.25
vt 0.34375 0.25
vt 0.375 0.25
vt 0.40625 0.25
vt 0.4375 0.25
vt 0.46875 0.25
vt 0.5 0.25
vt 0.53125 0.25
vt 0.5625 0.25
vt 0.59375 0.25
vt 0.625 0.25
vt 0.65625 0.25
vt 0.6875 0.25
vt 0.71875 0.25
vt 0.75 0.25
vt 0.78125 0.25
vt 0.8125 0.25
vt 0.84375 0.25
vt 0.875 0.25
vt 0.90625 0.25
vt 0.9375 0.25
vt 0.96875 0.25
vt 1 0.25
vt 0 0.375
vt 0.03125 0.375
vt 0.0625 0.375
vt 0.09375 0.375
vt 0.125 0.375
vt 0.15625 0.375
vt 0.1875 0.375
vt 0.21875 0.375
vt 0.25 0.375
vt 0.28125 0.375
vt 0.3125 0.375
vt 0.34375 0.375
vt 0.375 0.375
vt 0.40625 0.375
vt 0.4375 0.375
vt 0.46875 0.375
vt 0.5 0.375
vt 0.53125 0.375
vt 0.5625 0.375
vt 0.59375 0.375
vt 0.625 0.375
vt 0.65625 0.375
vt 0.6875 0.375
vt 0.71875 0.375
vt 0.75 0.375
vt 0.78125 0.375
vt 0.8125 0.375
vt 0.84375 0.375
vt 0.875 0.375
vt 0.90625 0.375
vt 0.9375 0.375
vt 0.96875 0.375
vt 1 0.375
vt 0 0.5
vt 0.03125 0.5
vt 0.0625 0.5
vt 0.09375 0.5
vt 0.125 0.5
vt 0.15625 0.5
vt 0.1875 0.5
vt 0.21875 0.5
vt 0.25 0.5
vt 0.28125 0.5
vt 0.3125 0.5
vt 0.34375 0.5
vt 0.375 0.5
vt 0.40625 0.5
vt 0.4375 0.5
vt 0.46875 0.5
vt 0.5 0.5
vt 0.53125 0.5
vt 0.5625 0.5
vt 0.59375 0.5
vt 0.625 0.5
vt 0.65625 0.5
vt 0.6875 0.5
vt 0.71875 0.5
vt 0.75 0.5
vt 0.78125 0.5
vt 0.8125 0.5
vt 0.84375 0.5
vt 0.875 0.5
vt 0.90625 0.5
vt 0.9375 0.5
vt 0.96875 0.5
vt 1 0.5
vt 0 0.625
vt 0.03125 0.625
vt 0.0625 0.625
vt 0.09375 0.625
vt 0.125 0.625
vt 0.15625 0.625
vt 0.1875 0.625
vt 0.21875 0.625
vt 0.25 0.625
vt 0.28125 0.625
vt 0.3125 0.625
vt 0.34375 0.625
vt 0.375 0.625
vt 0.40625 0.625
vt 0.4375 0.625
vt 0.46875 0.625
vt 0.5 0.625
vt 0.53125 0.625
vt 0.5625 0.625
vt 0.59375 0.625
vt 0.625 0.625
vt 0.65625 0.625
vt 0.6875 0.625
vt 0.71875 0.625
vt 0.75 0.625
vt 0.78125 0.625
vt 0.8125 0.625
vt 0.84375 0.625
vt 0.875 0.625
vt 0.90625 0.625
vt 0.9375 0.625
vt 0.96875 0.625
vt 1 0.625
vt 0 0.75
vt 0.03125 0.75
vt 0.0625 0.75
vt 0.09375 0.75
vt 0.125 0.75
vt 0.15625 0.75
vt 0.1875 0.75
vt 0.21875 0.75
vt 0.25 0.75
vt 0.28125 0.75
vt 0.3125 0.75
vt 0.34375 0.75
vt 0.375 0.75
vt 0.40625 0.75
vt 0.4375 0.75
vt 0.46875 0.75
vt 0.5 0.75
vt 0.53125 0.75
vt 0.5625 0.75
vt 0.59375 0.75
vt 0.625 0.75
vt 0.65625 0.75
vt 0.6875 0.75
vt 0.71875 0.75
vt 0.75 0.75
vt 0.78125 0.75
vt 0.8125 0.75
vt 0.84375 0.75
vt 0.875 0.75
vt 0.90625 0.75
vt 0.9375 0.75
vt 0.96875 0.75
vt 1 0.75
vt 0 0.875
vt 0.03125 0.875
vt 0.0625 0.875
vt 0.09375 0.875
vt 0.125 0.875
vt 0.15625 0.875
vt 0.1875 0.875
vt 0.21875 0.875
vt 0.25 0.875
vt 0.28125 0.875
vt 0.3125 0.875
vt 0.34375 0.875
vt 0.375 0.875
vt 0.40625 0.875
vt 0.4375 0.875
vt 0.46875 0.875
vt 0.5 0.875
vt 0.53125 0.875
vt 0.5625 0.875
vt 0.59375 0.875
vt 0.625 0.875
vt 0.65625 0.875
vt 0.6875 0.875
vt 0.71875 0.875
vt 0.75 0.875
vt 0.78125 0.875
vt 0.8125 0.875
vt 0.84375 0.875
vt 0.875 0.875
vt 0.90625 0.875
vt 0.9375 0.875
vt 0.96875 0.875
vt 1 0.875
vt 0 1
vt 0.03125 1
vt 0.0625 1
vt 0.09375 1
vt 0.125 1
vt 0.15625 1
vt 0.1875 1
vt 0.21875 1
vt 0.25 1
vt 0.28125 1
vt 0.3125 1
vt 0.34375 1
vt 0.375 1
vt 0.40625 1
vt 0.4375 1
vt 0.46875 1
vt 0.5 1
vt 0.53125 1
vt 0.5625 1
vt 0.59375 1
vt 0.625 1
vt 0.65625 1
vt 0.6875 1
vt 0.71875 1
vt 0.75 1
vt 0.78125 1
vt 0.8125 1
vt 0.84375 1
vt 0.875 1
vt 0.90625 1
vt 0.9375 1
vt 0.96875 1
vt 1 1
vn 1 0 0
vn 0.9807852789517083 4.331875509709332e-17 0.19509032931342324
vn 0.9238795305660377 8.497279259363763e-17 0.3826834370613369
vn 0.8314696016585884 1.233613764360728e-16 0.555570248949409
vn 0.7071067811865476 1.5700924586837752e-16 0.7071067811865476
vn 0.555570248949409 1.8462333920745442e-16 0.8314696016585884
vn 0.3826834370613369 2.0514246536285922e-16 0.9238795305660377
vn 0.19509032931342324 2.177780797811187e-16 0.9807852789517083
vn 6.123234262925839e-17 2.220446049250313e-16 1
vn -0.19509032931342324 2.177780797811187e-16 0.9807852789517083
vn -0.3826834370613369 2.0514246536285922e-16 0.9238795305660377
vn -0.555570248949409 1.8462333920745442e-16 0.8314696016585884
vn -0.7071067811865476 1.5700924586837752e-16 0.7071067811865476
vn -0.8314696016585884 1.233613764360728e-16 0.555570248949409
vn -0.9238795305660377 8.497279259363763e-17 0.3826834370613369
vn -0.9807852789517083 4.331875509709332e-17 0.19509032931342324
vn -1 2.7192622655495665e-32 1.2246468525851679e-16
vn -0.9807852789517083 -4.331875509709332e-17 -0.19509032931342324
vn -0.9238795305660377 -8.497279259363763e-17 -0.3826834370613369
vn -0.8314696016585884 -1.233613764360728e-16 -0.555570248949409
vn -0.7071067811865476 -1.5700924586837752e-16 -0.7071067811865476
vn -0.555570248949409 -1.8462333920745442e-16 -0.8314696016585884
vn -0.3826834370613369 -2.0514246536285922e-16 -0.9238795305660377
vn -0.19509032931342324 -2.177780797811187e-16 -0.9807852789517083
vn -1.8369701465288538e-16 -2.220446049250313e-16 -1
vn 0.19509032931342324 -2.177780797811187e-16 -0.9807852789517083
vn 0.3826834370613369 -2.0514246536285922e-16 -0.9238795305660377
vn 0.555570248949409 -1.8462333920745442e-16 -0.8314696016585884
vn 0.7071067811865476 -1.5700924586837752e-16 -0.7071067811865476
vn 0.8314696016585884 -1.233613764360728e-16 -0.555570248949409
vn 0.9238795305660377 -8.497279259363763e-17 -0.3826834370613369
vn 0.9807852789517083 -4.331875509709332e-17 -0.19509032931342324
vn 1 -5.438524531099133e-32 -2.4492937051703357e-16
vn 0.7071067811865476 -0.7071067811865476 1.5700924586837752e-16
vn 0.6935199426845902 -0.7071067617148827 0.13794968878491534
vn 0.6532815030743457 -0.7071067617226013 0.2705980511147487
vn 0.5879377874929517 -0.7071067873885876 0.39284748855870744
vn 0.5000000042785678 -0.7071067751357388 0.5000000042785679
vn 0.39284748855870727 -0.7071067873885876 0.5879377874929518
vn 0.2705980511147485 -0.7071067617226011 0.6532815030743457
vn 0.13794968878491518 -0.7071067617148826 0.6935199426845903
vn 4.329780375814312e-17 -0.7071067811865475 0.7071067811865477
vn -0.13794968878491518 -0.7071067617148826 0.6935199426845903
vn -0.2705980511147485 -0.7071067617226011 0.6532815030743457
vn -0.39284748855870727 -0.7071067873885876 0.5879377874929518
vn -0.5000000042785678 -0.7071067751357388 0.5000000042785679
vn -0.5879377874929517 -0.7071067873885876 0.39284748855870744
vn -0.6532815030743457 -0.7071067617226013 0.2705980511147487
vn -0.6935199426845902 -0.7071067617148827 0.13794968878491534
vn -0.7071067811865476 -0.7071067811865476 2.4360485338466374e-16
vn -0.6935199426845902 -0.7071067617148827 -0.137949688784915
vn -0.6532815030743456 -0.7071067617226013 -0.27059805111474833
vn -0.5879377874929517 -0.7071067873885878 -0.3928474885587071
vn -0.5000000042785677 -0.7071067751357389 -0.5000000042785675
vn -0.39284748855870727 -0.7071067873885878 -0.5879377874929516
vn -0.2705980511147485 -0.7071067617226013 -0.6532815030743455
vn -0.13794968878491518 -0.7071067617148828 -0.69351994268459
vn -1.2989340465698435e-16 -0.7071067811865477 -0.7071067811865475
vn 0.13794968878491518 -0.7071067617148828 -0.69351994268459
vn 0.2705980511147485 -0.7071067617226013 -0.6532815030743455
vn 0.39284748855870727 -0.7071067873885878 -0.5879377874929516
vn 0.5000000042785677 -0.7071067751357389 -0.5000000042785675
vn 0.5879377874929517 -0.7071067873885878 -0.3928474885587071
vn 0.6532815030743456 -0.7071067617226013 -0.27059805111474833
vn 0.6935199426845902 -0.7071067617148827 -0.137949688784915
vn 0.7071067811865476 -0.7071067811865476 -1.6181969164194976e-17
vn 0 -1 2.220446049250313e-16
vn 0 -1 2.220446049250313e-16
vn 0 -1 2.220446049250313e-16
vn 0 -1 2.220446049250313e-16
vn 0 -1 2.220446049250313e-16
vn 0 -1 2.220446049250313e-16
vn 0 -1 2.220446049250313e-16
vn 0 -1 2.220446049250313e-16
vn 0 -1 2.220446049250313e-16
vn 0 -1 2.220446049250313e-16
vn 0 -1 2.220446049250313e-16
vn 0 -1 2.220446049250313e-16
vn 0 -1 2.220446049250313e-16
vn 0 -1 2.220446049250313e-16
vn 0 -1 2.220446049250313e-16
vn 0 -1 2.220446049250313e-16
vn 0 -1 2.220446049250313e-16
vn 0 -1 2.220446049250313e-16
vn 0 -1 2.220446049250313e-16
vn 0 -1 2.220446049250313e-16
vn 0 -1 2.220446049250313e-16
vn 0 -1 2.220446049250313e-16
vn 0 -1 2.220446049250313e-16
vn 0 -1 2.220446049250313e-16
vn 0 -1 2.220446049250313e-16
vn 0 -1 2.220446049250313e-16
vn 0 -1 2.220446049250313e-16
vn 0 -1 2.220446049250313e-16
vn 0 -1 2.220446049250313e-16
vn 0 -1 2.220446049250313e-16
vn 0 -1 2.220446049250313e-16
vn 0 -1 2.220446049250313e-16
vn 0 -1 2.220446049250313e-16
vn -0.7071067811865476 -0.7071067811865476 1.5700924586837752e-16
vn -0.6935199426845902 -0.7071067617148827 -0.137949688784915
vn -0.6532815030743456 -0.7071067617226013 -0.27059805111474833
vn -0.5879377874929517 -0.7071067873885878 -0.3928474885587071
vn -0.5000000042785677 -0.7071067751357389 -0.5000000042785675
vn -0.39284748855870727 -0.7071067873885878 -0.5879377874929516
vn -0.2705980511147485 -0.7071067617226013 -0.6532815030743455
vn -0.13794968878491518 -0.7071067617148828 -0.69351994268459
vn -4.329780375814312e-17 -0.7071067811865477 -0.7071067811865475
vn 0.13794968878491518 -0.7071067617148828 -0.69351994268459
vn 0.2705980511147485 -0.7071067617226013 -0.6532815030743455
vn 0.39284748855870727 -0.7071067873885878 -0.5879377874929516
vn 0.5000000042785677 -0.7071067751357389 -0.5000000042785675
vn 0.5879377874929517 -0.7071067873885878 -0.3928474885587071
vn 0.6532815030743456 -0.7071067617226013 -0.27059805111474833
vn 0.6935199426845902 -0.7071067617148827 -0.137949688784915
vn 0.7071067811865476 -0.7071067811865476 7.041363835209127e-17
vn 0.6935199426845902 -0.7071067617148827 0.13794968878491534
vn 0.6532815030743457 -0.7071067617226013 0.2705980511147487
vn 0.5879377874929517 -0.7071067873885876 0.39284748855870744
vn 0.5000000042785678 -0.7071067751357388 0.5000000042785679
vn 0.39284748855870727 -0.7071067873885876 0.5879377874929518
vn 0.2705980511147485 -0.7071067617226011 0.6532815030743457
vn 0.13794968878491518 -0.7071067617148826 0.6935199426845903
vn 1.2989340465698435e-16 -0.7071067811865475 0.7071067811865477
vn -0.13794968878491518 -0.7071067617148826 0.6935199426845903
vn -0.2705980511147485 -0.7071067617226011 0.6532815030743457
vn -0.39284748855870727 -0.7071067873885876 0.5879377874929518
vn -0.5000000042785678 -0.7071067751357388 0.5000000042785679
vn -0.5879377874929517 -0.7071067873885876 0.39284748855870744
vn -0.6532815030743457 -0.7071067617226013 0.2705980511147487
vn -0.6935199426845902 -0.7071067617148827 0.13794968878491534
vn -0.7071067811865476 -0.7071067811865476 3.3020046090095e-16
vn -1 -1.2246468525851679e-16 2.7192622655495665e-32
vn -0.9807852789517083 -1.657834438877544e-16 -0.19509032931342324
vn -0.9238795305660377 -2.0743748134659667e-16 -0.3826834370613369
vn -0.8314696016585884 -2.458260626116438e-16 -0.555570248949409
vn -0.7071067811865476 -2.7947393322278815e-16 -0.7071067811865476
vn -0.555570248949409 -3.0708802538302543e-16 -0.8314696016585884
vn -0.3826834370613369 -3.2760715411581825e-16 -0.9238795305660377
vn -0.19509032931342324 -3.4024276857177973e-16 -0.9807852789517083
vn -6.123234262925839e-17 -3.445092901835481e-16 -1
vn 0.19509032931342324 -3.4024276857177973e-16 -0.9807852789517083
vn 0.3826834370613369 -3.2760715411581825e-16 -0.9238795305660377
vn 0.555570248949409 -3.0708802538302543e-16 -0.8314696016585884
vn 0.7071067811865476 -2.7947393322278815e-16 -0.7071067811865476
vn 0.8314696016585884 -2.458260626116438e-16 -0.555570248949409
vn 0.9238795305660377 -2.0743748134659667e-16 -0.3826834370613369
vn 0.9807852789517083 -1.657834438877544e-16 -0.19509032931342324
vn 1 -1.224646852585168e-16 -1.2246468525851676e-16
vn 0.9807852789517083 -7.914593369356774e-17 0.19509032931342324
vn 0.9238795305660377 -3.74918961593214e-17 0.3826834370613369
vn 0.8314696016585884 8.966902605017834e-19 0.555570248949409
vn 0.7071067811865476 3.454455851396687e-17 0.7071067811865476
vn 0.555570248949409 6.215865303188339e-17 0.8314696016585884
vn 0.3826834370613369 8.267777660990017e-17 0.9238795305660377
vn 0.19509032931342324 9.531339099045763e-17 0.9807852789517083
vn 1.8369701465288538e-16 9.957991966651452e-17 1
vn -0.19509032931342324 9.531339099045763e-17 0.9807852789517083
vn -0.3826834370613369 8.267777660990017e-17 0.9238795305660377
vn -0.555570248949409 6.215865303188339e-17 0.8314696016585884
vn -0.7071067811865476 3.454455851396687e-17 0.7071067811865476
vn -0.8314696016585884 8.966902605017834e-19 0.555570248949409
vn -0.9238795305660377 -3.74918961593214e-17 0.3826834370613369
vn -0.9807852789517083 -7.914593369356774e-17 0.19509032931342324
vn -1 -1.2246468525851674e-16 2.449293705170336e-16
vn -0.7071067811865476 0.7071067811865476 -1.5700924586837752e-16
vn -0.6935199426845902 0.7071067617148827 -0.13794968878491534
vn -0.6532815030743457 0.7071067617226013 -0.2705980511147487
vn -0.5879377874929517 0.7071067873885876 -0.39284748855870744
vn -0.5000000042785678 0.7071067751357388 -0.5000000042785679
vn -0.39284748855870727 0.7071067873885876 -0.5879377874929518
vn -0.2705980511147485 0.7071067617226011 -0.6532815030743457
vn -0.13794968878491518 0.7071067617148826 -0.6935199426845903
vn -4.329780375814312e-17 0.7071067811865475 -0.7071067811865477
vn 0.13794968878491518 0.7071067617148826 -0.6935199426845903
vn 0.2705980511147485 0.7071067617226011 -0.6532815030743457
vn 0.39284748855870727 0.7071067873885876 -0.5879377874929518
vn 0.5000000042785678 0.7071067751357388 -0.5000000042785679
vn 0.5879377874929517 0.7071067873885876 -0.39284748855870744
vn 0.6532815030743457 0.7071067617226013 -0.2705980511147487
vn 0.6935199426845902 0.7071067617148827 -0.13794968878491534
vn 0.7071067811865476 0.7071067811865476 -2.4360485338466374e-16
vn 0.6935199426845902 0.7071067617148827 0.137949688784915
vn 0.6532815030743456 0.7071067617226013 0.27059805111474833
vn 0.5879377874929517 0.7071067873885878 0.3928474885587071
vn 0.5000000042785677 0.7071067751357389 0.5000000042785675
vn 0.39284748855870727 0.7071067873885878 0.5879377874929516
vn 0.2705980511147485 0.7071067617226013 0.6532815030743455
vn 0.13794968878491518 0.7071067617148828 0.69351994268459
vn 1.2989340465698435e-16 0.7071067811865477 0.7071067811865475
vn -0.13794968878491518 0.7071067617148828 0.69351994268459
vn -0.2705980511147485 0.7071067617226013 0.6532815030743455
vn -0.39284748855870727 0.7071067873885878 0.5879377874929516
vn -0.5000000042785677 0.7071067751357389 0.5000000042785675
vn -0.5879377874929517 0.7071067873885878 0.3928474885587071
vn -0.6532815030743456 0.7071067617226013 0.27059805111474833
vn -0.6935199426845902 0.7071067617148827 0.137949688784915
vn -0.7071067811865476 0.7071067811865476 1.6181969164194976e-17
vn 0 1 -2.220446049250313e-16
vn 0 1 -2.220446049250313e-16
vn 0 1 -2.220446049250313e-16
vn 0 1 -2.220446049250313e-16
vn 0 1 -2.220446049250313e-16
vn 0 1 -2.220446049250313e-16
vn 0 1 -2.220446049250313e-16
vn 0 1 -2.220446049250313e-16
vn 0 1 -2.220446049250313e-16
vn 0 1 -2.220446049250313e-16
vn 0 1 -2.220446049250313e-16
vn 0 1 -2.220446049250313e-16
vn 0 1 -2.220446049250313e-16
vn 0 1 -2.220446049250313e-16
vn 0 1 -2.220446049250313e-16
vn 0 1 -2.220446049250313e-16
vn 0 1 -2.220446049250313e-16
vn 0 1 -2.220446049250313e-16
vn 0 1 -2.220446049250313e-16
vn 0 1 -2.220446049250313e-16
vn 0 1 -2.220446049250313e-16
vn 0 1 -2.220446049250313e-16
vn 0 1 -2.220446049250313e-16
vn 0 1 -2.220446049250313e-16
vn 0 1 -2.220446049250313e-16
vn 0 1 -2.220446049250313e-16
vn 0 1 -2.220446049250313e-16
vn 0 1 -2.220446049250313e-16
vn 0 1 -2.220446049250313e-16
vn 0 1 -2.220446049250313e-16
vn 0 1 -2.220446049250313e-16
vn 0 1 -2.220446049250313e-16
vn 0 1 -2.220446049250313e-16
vn 0.7071067811865476 0.7071067811865476 -1.5700924586837752e-16
vn 0.6935199426845902 0.7071067617148827 0.137949688784915
vn 0.6532815030743456 0.7071067617226013 0.27059805111474833
vn 0.5879377874929517 0.7071067873885878 0.3928474885587071
vn 0.5000000042785677 0.7071067751357389 0.5000000042785675
vn 0.39284748855870727 0.7071067873885878 0.5879377874929516
vn 0.2705980511147485 0.7071067617226013 0.6532815030743455
vn 0.13794968878491518 0.7071067617148828 0.69351994268459
vn 4.329780375814312e-17 0.7071067811865477 0.7071067811865475
vn -0.13794968878491518 0.7071067617148828 0.69351994268459
vn -0.2705980511147485 0.7071067617226013 0.6532815030743455
vn -0.39284748855870727 0.7071067873885878 0.5879377874929516
vn -0.5000000042785677 0.7071067751357389 0.5000000042785675
vn -0.5879377874929517 0.7071067873885878 0.3928474885587071
vn -0.6532815030743456 0.7071067617226013 0.27059805111474833
vn -0.6935199426845902 0.7071067617148827 0.137949688784915
vn -0.7071067811865476 0.7071067811865476 -7.041363835209127e-17
vn -0.6935199426845902 0.7071067617148827 -0.13794968878491534
vn -0.6532815030743457 0.7071067617226013 -0.2705980511147487
vn -0.5879377874929517 0.7071067873885876 -0.39284748855870744
vn -0.5000000042785678 0.7071067751357388 -0.5000000042785679
vn -0.39284748855870727 0.7071067873885876 -0.5879377874929518
vn -0.2705980511147485 0.7071067617226011 -0.6532815030743457
vn -0.13794968878491518 0.7071067617148826 -0.6935199426845903
vn -1.2989340465698435e-16 0.7071067811865475 -0.7071067811865477
vn 0.13794968878491518 0.7071067617148826 -0.6935199426845903
vn 0.2705980511147485 0.7071067617226011 -0.6532815030743457
vn 0.39284748855870727 0.7071067873885876 -0.5879377874929518
vn 0.5000000042785678 0.7071067751357388 -0.5000000042785679
vn 0.5879377874929517 0.7071067873885876 -0.39284748855870744
vn 0.6532815030743457 0.7071067617226013 -0.2705980511147487
vn 0.6935199426845902 0.7071067617148827 -0.13794968878491534
vn 0.7071067811865476 0.7071067811865476 -3.3020046090095e-16
vn 1 2.4492937051703357e-16 -5.438524531099133e-32
vn 0.9807852789517083 2.8824813267841543e-16 0.19509032931342324
vn 0.9238795305660377 3.2990217009955573e-16 0.3826834370613369
vn 0.8314696016585884 3.6829074878721484e-16 0.555570248949409
vn 0.7071067811865476 4.0193862057719876e-16 0.7071067811865476
vn 0.555570248949409 4.295527115585964e-16 0.8314696016585884
vn 0.3826834370613369 4.500718428687773e-16 0.9238795305660377
vn 0.19509032931342324 4.627074573624408e-16 0.9807852789517083
vn 6.123234262925839e-17 4.669739754420649e-16 1
vn -0.19509032931342324 4.627074573624408e-16 0.9807852789517083
vn -0.3826834370613369 4.500718428687773e-16 0.9238795305660377
vn -0.555570248949409 4.295527115585964e-16 0.8314696016585884
vn -0.7071067811865476 4.0193862057719876e-16 0.7071067811865476
vn -0.8314696016585884 3.6829074878721484e-16 0.555570248949409
vn -0.9238795305660377 3.2990217009955573e-16 0.3826834370613369
vn -0.9807852789517083 2.8824813267841543e-16 0.19509032931342324
vn -1 2.449293705170336e-16 1.2246468525851674e-16
vn -0.9807852789517083 2.0161062248422882e-16 -0.19509032931342324
vn -0.9238795305660377 1.5995658491228043e-16 -0.3826834370613369
vn -0.8314696016585884 1.2156799591506922e-16 -0.555570248949409
vn -0.7071067811865476 8.792012884044377e-17 -0.7071067811865476
vn -0.555570248949409 6.030603314368762e-17 -0.8314696016585884
vn -0.3826834370613369 3.9786912143058864e-17 -0.9238795305660377
vn -0.19509032931342324 2.7151297800203435e-17 -0.9807852789517083
vn -1.8369701465288538e-16 2.2884765592002263e-17 -1
vn 0.19509032931342324 2.7151297800203435e-17 -0.9807852789517083
vn 0.3826834370613369 3.9786912143058864e-17 -0.9238795305660377
vn 0.555570248949409 6.030603314368762e-17 -0.8314696016585884
vn 0.7071067811865476 8.792012884044377e-17 -0.7071067811865476
vn 0.8314696016585884 1.2156799591506922e-16 -0.555570248949409
vn 0.9238795305660377 1.5995658491228043e-16 -0.3826834370613369
vn 0.9807852789517083 2.0161062248422882e-16 -0.19509032931342324
vn 1 2.449293705170335e-16 -2.449293705170336e-16
f 4386/1926/1926 4353/1893/1893 4387/1927/1927
f 4353/1893/1893 4354/1894/1894 4387/1927/1927
f 4387/1927/1927 4354/1894/1894 4388/1928/1928
f 4354/1894/1894 4355/1895/1895 4388/1928/1928
f 4388/1928/1928 4355/1895/1895 4389/1929/1929
f 4355/1895/1895 4356/1896/1896 4389/1929/1929
f 4389/1929/1929 4356/1896/1896 4390/1930/1930
f 4356/1896/1896 4357/1897/1897 4390/1930/1930
f 4390/1930/1930 4357/1897/1897 4391/1931/1931
f 4357/1897/1897 4358/1898/1898 4391/1931/1931
f 4391/1931/1931 4358/1898/1898 4392/1932/1932
f 4358/1898/1898 4359/1899/1899 4392/1932/1932
f 4392/1932/1932 4359/1899/1899 4393/1933/1933
f 4359/1899/1899 4360/1900/1900 4393/1933/1933
f 4393/1933/1933 4360/1900/1900 4394/1934/1934
f 4360/1900/1900 4361/1901/1901 4394/1934/1934
f 4394/1934/1934 4361/1901/1901 4395/1935/1935
f 4361/1901/1901 4362/1902/1902 4395/1935/1935
f 4395/1935/1935 4362/1902/1902 4396/1936/1936
f 4362/1902/1902 4363/1903/1903 4396/1936/1936
f 4396/1936/1936 4363/1903/1903 4397/1937/1937
f 4363/1903/1903 4364/1904/1904 4397/1937/1937
f 4397/1937/1937 4364/1904/1904 4398/1938/1938
f 4364/1904/1904 4365/1905/1905 4398/1938/1938
f 4398/1938/1938 4365/1905/1905 4399/1939/1939
f 4365/1905/1905 4366/1906/1906 4399/1939/1939
f 4399/1939/1939 4366/1906/1906 4400/1940/1940
f 4366/1906/1906 4367/1907/1907 4400/1940/1940
f 4400/1940/1940 4367/1907/1907 4401/1941/1941
f 4367/1907/1907 4368/1908/1908 4401/1941/1941
f 4401/1941/1941 4368/1908/1908 4402/1942/1942
f 4368/1908/1908 4369/1909/1909 4402/1942/1942
f 4402/1942/1942 4369/1909/1909 4403/1943/1943
f 4369/1909/1909 4370/1910/1910 4403/1943/1943
f 4403/1943/1943 4370/1910/1910 4404/1944/1944
f 4370/1910/1910 4371/1911/1911 4404/1944/1944
f 4404/1944/1944 4371/1911/1911 4405/1945/1945
f 4371/1911/1911 4372/1912/1912 4405/1945/1945
f 4405/1945/1945 4372/1912/1912 4406/1946/1946
f 4372/1912/1912 4373/1913/1913 4406/1946/1946
f 4406/1946/1946 4373/1913/1913 4407/1947/1947
f 4373/1913/1913 4374/1914/1914 4407/1947/1947
f 4407/1947/1947 4374/1914/1914 4408/1948/1948
f 4374/1914/1914 4375/1915/1915 4408/1948/1948
f 4408/1948/1948 4375/1915/1915 4409/1949/1949
f 4375/1915/1915 4376/1916/1916 4409/1949/1949
f 4409/1949/1949 4376/1916/1916 4410/1950/1950
f 4376/1916/1916 4377/1917/1917 4410/1950/1950
f 4410/1950/1950 4377/1917/1917 4411/1951/1951
f 4377/1917/1917 4378/1918/1918 4411/1951/1951
f 4411/1951/1951 4378/1918/1918 4412/1952/1952
f 4378/1918/1918 4379/1919/1919 4412/1952/1952
f 4412/1952/1952 4379/1919/1919 4413/1953/1953
f 4379/1919/1919 4380/1920/1920 4413/1953/1953
f 4413/1953/1953 4380/1920/1920 4414/1954/1954
f 4380/1920/1920 4381/1921/1921 4414/1954/1954
f 4414/1954/1954 4381/1921/1921 4415/1955/1955
f 4381/1921/1921 4382/1922/1922 4415/1955/1955
f 4415/1955/1955 4382/1922/1922 4416/1956/1956
f 4382/1922/1922 4383/1923/1923 4416/1956/1956
f 4416/1956/1956 4383/1923/1923 4417/1957/1957
f 4383/1923/1923 4384/1924/1924 4417/1957/1957
f 4417/1957/1957 4384/1924/1924 4418/1958/1958
f 4384/1924/1924 4385/1925/1925 4418/1958/1958
f 4419/1959/1959 4386/1926/1926 4420/1960/1960
f 4386/1926/1926 4387/1927/1927 4420/1960/1960
f 4420/1960/1960 4387/1927/1927 4421/1961/1961
f 4387/1927/1927 4388/1928/1928 4421/1961/1961
f 4421/1961/1961 4388/1928/1928 4422/1962/1962
f 4388/1928/1928 4389/1929/1929 4422/1962/1962
f 4422/1962/1962 4389/1929/1929 4423/1963/1963
f 4389/1929/1929 4390/1930/1930 4423/1963/1963
f 4423/1963/1963 4390/1930/1930 4424/1964/1964
f 4390/1930/1930 4391/1931/1931 4424/1964/1964
f 4424/1964/1964 4391/1931/1931 4425/1965/1965
f 4391/1931/1931 4392/1932/1932 4425/1965/1965
f 4425/1965/1965 4392/1932/1932 4426/1966/1966
f 4392/1932/1932 4393/1933/1933 4426/1966/1966
f 4426/1966/1966 4393/1933/1933 4427/1967/1967
f 4393/1933/1933 4394/1934/1934 4427/1967/1967
f 4427/1967/1967 4394/1934/1934 4428/1968/1968
f 4394/1934/1934 4395/1935/1935 4428/1968/1968
f 4428/1968/1968 4395/1935/1935 4429/1969/1969
f 4395/1935/1935 4396/1936/1936 4429/1969/1969
f 4429/1969/1969 4396/1936/1936 4430/1970/1970
f 4396/1936/1936 4397/1937/1937 4430/1970/1970
f 4430/1970/1970 4397/1937/1937 4431/1971/1971
f 4397/1937/1937 4398/1938/1938 4431/1971/1971
f 4431/1971/1971 4398/1938/1938 4432/1972/1972
f 4398/1938/1938 4399/1939/1939 4432/1972/1972
f 4432/1972/1972 4399/1939/1939 4433/1973/1973
f 4399/1939/1939 4400/1940/1940 4433/1973/1973
f 4433/1973/1973 4400/1940/1940 4434/1974/1974
f 4400/1940/1940 4401/1941/1941 4434/1974/1974
f 4434/1974/1974 4401/1941/1941 4435/1975/1975
f 4401/1941/1941 4402/1942/1942 4435/1975/1975
f 4435/1975/1975 4402/1942/1942 4436/1976/1976
f 4402/1942/1942 4403/1943/1943 4436/1976/1976
f 4436/1976/1976 4403/1943/1943 4437/1977/1977
f 4403/1943/1943 4404/1944/1944 4437/1977/1977
f 4437/1977/1977 4404/1944/1944 4438/1978/1978
f 4404/1944/1944 4405/1945/1945 4438/1978/1978
f 4438/1978/1978 4405/1945/1945 4439/1979/1979
f 4405/1945/1945 4406/1946/1946 4439/1979/1979
f 4439/1979/1979 4406/1946/1946 4440/1980/1980
f 4406/1946/1946 4407/1947/1947 4440/1980/1980
f 4440/1980/1980 4407/1947/1947 4441/1981/1981
f 4407/1947/1947 4408/1948/1948 4441/1981/1981
f 4441/1981/1981 4408/1948/1948 4442/1982/1982
f 4408/1948/1948 4409/1949/1949 4442/1982/1982
f 4442/1982/1982 4409/1949/1949 4443/1983/1983
f 4409/1949/1949 4410/1950/1950 4443/1983/1983
f 4443/1983/1983 4410/1950/1950 4444/1984/1984
f 4410/1950/1950 4411/1951/1951 4444/1984/1984
f 4444/1984/1984 4411/1951/1951 4445/1985/1985
f 4411/1951/1951 4412/1952/1952 4445/1985/1985
f 4445/1985/1985 4412/1952/1952 4446/1986/1986
f 4412/1952/1952 4413/1953/1953 4446/1986/1986
f 4446/1986/1986 4413/1953/1953 4447/1987/1987
f 4413/1953/1953 4414/1954/1954 4447/1987/1987
f 4447/1987/1987 4414/1954/1954 4448/1988/1988
f 4414/1954/1954 4415/1955/1955 4448/1988/1988
f 4448/1988/1988 4415/1955/1955 4449/1989/1989
f 4415/1955/1955 4416/1956/1956 4449/1989/1989
f 4449/1989/1989 4416/1956/1956 4450/1990/1990
f 4416/1956/1956 4417/1957/1957 4450/1990/1990
f 4450/1990/1990 4417/1957/1957 4451/1991/1991
f 4417/1957/1957 4418/1958/1958 4451/1991/1991
f 4452/1992/1992 4419/1959/1959 4453/1993/1993
f 4419/1959/1959 4420/1960/1960 4453/1993/1993
f 4453/1993/1993 4420/1960/1960 4454/1994/1994
f 4420/1960/1960 4421/1961/1961 4454/1994/1994
f 4454/1994/1994 4421/1961/1961 4455/1995/1995
f 4421/1961/1961 4422/1962/1962 4455/1995/1995
f 4455/1995/1995 4422/1962/1962 4456/1996/1996
f 4422/1962/1962 4423/1963/1963 4456/1996/1996
f 4456/1996/1996 4423/1963/1963 4457/1997/1997
f 4423/1963/1963 4424/1964/1964 4457/1997/1997
f 4457/1997/1997 4424/1964/1964 4458/1998/1998
f 4424/1964/1964 4425/1965/1965 4458/1998/1998
f 4458/1998/1998 4425/1965/1965 4459/1999/1999
f 4425/1965/1965 4426/1966/1966 4459/1999/1999
f 4459/1999/1999 4426/1966/1966 4460/2000/2000
f 4426/1966/1966 4427/1967/1967 4460/2000/2000
f 4460/2000/2000 4427/1967/1967 4461/2001/2001
f 4427/1967/1967 4428/1968/1968 4461/2001/2001
f 4461/2001/2001 4428/1968/1968 4462/2002/2002
f 4428/1968/1968 4429/1969/1969 4462/2002/2002
f 4462/2002/2002 4429/1969/1969 4463/2003/2003
f 4429/1969/1969 4430/1970/1970 4463/2003/2003
f 4463/2003/2003 4430/1970/1970 4464/2004/2004
f 4430/1970/1970 4431/1971/1971 4464/2004/2004
f 4464/2004/2004 4431/1971/1971 4465/2005/2005
f 4431/1971/1971 4432/1972/1972 4465/2005/2005
f 4465/2005/2005 4432/1972/1972 4466/2006/2006
f 4432/1972/1972 4433/1973/1973 4466/2006/2006
f 4466/2006/2006 4433/1973/1973 4467/2007/2007
f 4433/1973/1973 4434/1974/1974 4467/2007/2007
f 4467/2007/2007 4434/1974/1974 4468/2008/2008
f 4434/1974/1974 4435/1975/1975 4468/2008/2008
f 4468/2008/2008 4435/1975/1975 4469/2009/2009
f 4435/1975/1975 4436/1976/1976 4469/2009/2009
f 4469/2009/2009 4436/1976/1976 4470/2010/2010
f 4436/1976/1976 4437/1977/1977 4470/2010/2010
f 4470/2010/2010 4437/1977/1977 4471/2011/2011
f 4437/1977/1977 4438/1978/1978 4471/2011/2011
f 4471/2011/2011 4438/1978/1978 4472/2012/2012
f 4438/1978/1978 4439/1979/1979 4472/2012/2012
f 4472/2012/2012 4439/1979/1979 4473/2013/2013
f 4439/1979/1979 4440/1980/1980 4473/2013/2013
f 4473/2013/2013 4440/1980/1980 4474/2014/2014
f 4440/1980/1980 4441/1981/1981 4474/2014/2014
f 4474/2014/2014 4441/1981/1981 4475/2015/2015
f 4441/1981/1981 4442/1982/1982 4475/2015/2015
f 4475/2015/2015 4442/1982/1982 4476/2016/2016
f 4442/1982/1982 4443/1983/1983 4476/2016/2016
f 4476/2016/2016 4443/1983/1983 4477/2017/2017
f 4443/1983/1983 4444/1984/1984 4477/2017/2017
f 4477/2017/2017 4444/1984/1984 4478/2018/2018
f 4444/1984/1984 4445/1985/1985 4478/2018/2018
f 4478/2018/2018 4445/1985/1985 4479/2019/2019
f 4445/1985/1985 4446/1986/1986 4479/2019/2019
f 4479/2019/2019 4446/1986/1986 4480/2020/2020
f 4446/1986/1986 4447/1987/1987 4480/2020/2020
f 4480/2020/2020 4447/1987/1987 4481/2021/2021
f 4447/1987/1987 4448/1988/1988 4481/2021/2021
f 4481/2021/2021 4448/1988/1988 4482/2022/2022
f 4448/1988/1988 4449/1989/1989 4482/2022/2022
f 4482/2022/2022 4449/1989/1989 4483/2023/2023
f 4449/1989/1989 4450/1990/1990 4483/2023/2023
f 4483/2023/2023 4450/1990/1990 4484/2024/2024
f 4450/1990/1990 4451/1991/1991 4484/2024/2024
f 4485/2025/2025 4452/1992/1992 4486/2026/2026
f 4452/1992/1992 4453/1993/1993 4486/2026/2026
f 4486/2026/2026 4453/1993/1993 4487/2027/2027
f 4453/1993/1993 4454/1994/1994 4487/2027/2027
f 4487/2027/2027 4454/1994/1994 4488/2028/2028
f 4454/1994/1994 4455/1995/1995 4488/2028/2028
f 4488/2028/2028 4455/1995/1995 4489/2029/2029
f 4455/1995/1995 4456/1996/1996 4489/2029/2029
f 4489/2029/2029 4456/1996/1996 4490/2030/2030
f 4456/1996/1996 4457/1997/1997 4490/2030/2030
f 4490/2030/2030 4457/1997/1997 4491/2031/2031
f 4457/1997/1997 4458/1998/1998 4491/2031/2031
f 4491/2031/2031 4458/1998/1998 4492/2032/2032
f 4458/1998/1998 4459/1999/1999 4492/2032/2032
f 4492/2032/2032 4459/1999/1999 4493/2033/2033
f 4459/1999/1999 4460/2000/2000 4493/2033/2033
f 4493/2033/2033 4460/2000/2000 4494/2034/2034
f 4460/2000/2000 4461/2001/2001 4494/2034/2034
f 4494/2034/2034 4461/2001/2001 4495/2035/2035
f 4461/2001/2001 4462/2002/2002 4495/2035/2035
f 4495/2035/2035 4462/2002/2002 4496/2036/2036
f 4462/2002/2002 4463/2003/2003 4496/2036/2036
f 4496/2036/2036 4463/2003/2003 4497/2037/2037
f 4463/2003/2003 4464/2004/2004 4497/2037/2037
f 4497/2037/2037 4464/2004/2004 4498/2038/2038
f 4464/2004/2004 4465/2005/2005 4498/2038/2038
f 4498/2038/2038 4465/2005/2005 4499/2039/2039
f 4465/2005/2005 4466/2006/2006 4499/2039/2039
f 4499/2039/2039 4466/2006/2006 4500/2040/2040
f 4466/2006/2006 4467/2007/2007 4500/2040/2040
f 4500/2040/2040 4467/2007/2007 4501/2041/2041
f 4467/2007/2007 4468/2008/2008 4501/2041/2041
f 4501/2041/2041 4468/2008/2008 4502/2042/2042
f 4468/2008/2008 4469/2009/2009 4502/2042/2042
f 4502/2042/2042 4469/2009/2009 4503/2043/2043
f 4469/2009/2009 4470/2010/2010 4503/2043/2043
f 4503/2043/2043 4470/2010/2010 4504/2044/2044
f 4470/2010/2010 4471/2011/2011 4504/2044/2044
f 4504/2044/2044 4471/2011/2011 4505/2045/2045
f 4471/2011/2011 4472/2012/2012 4505/2045/2045
f 4505/2045/2045 4472/2012/2012 4506/2046/2046
f 4472/2012/2012 4473/2013/2013 4506/2046/2046
f 4506/2046/2046 4473/2013/2013 4507/2047/2047
f 4473/2013/2013 4474/2014/2014 4507/2047/2047
f 4507/2047/2047 4474/2014/2014 4508/2048/2048
f 4474/2014/2014 4475/2015/2015 4508/2048/2048
f 4508/2048/2048 4475/2015/2015 4509/2049/2049
f 4475/2015/2015 4476/2016/2016 4509/2049/2049
f 4509/2049/2049 4476/2016/2016 4510/2050/2050
f 4476/2016/2016 4477/2017/2017 4510/2050/2050
f 4510/2050/2050 4477/2017/2017 4511/2051/2051
f 4477/2017/2017 4478/2018/2018 4511/2051/2051
f 4511/2051/2051 4478/2018/2018 4512/2052/2052
f 4478/2018/2018 4479/2019/2019 4512/2052/2052
f 4512/2052/2052 4479/2019/2019 4513/2053/2053
f 4479/2019/2019 4480/2020/2020 4513/2053/2053
f 4513/2053/2053 4480/2020/2020 4514/2054/2054
f 4480/2020/2020 4481/2021/2021 4514/2054/2054
f 4514/2054/2054 4481/2021/2021 4515/2055/2055
f 4481/2021/2021 4482/2022/2022 4515/2055/2055
f 4515/2055/2055 4482/2022/2022 4516/2056/2056
f 4482/2022/2022 4483/2023/2023 4516/2056/2056
f 4516/2056/2056 4483/2023/2023 4517/2057/2057
f 4483/2023/2023 4484/2024/2024 4517/2057/2057
f 4518/2058/2058 4485/2025/2025 4519/2059/2059
f 4485/2025/2025 4486/2026/2026 4519/2059/2059
f 4519/2059/2059 4486/2026/2026 4520/2060/2060
f 4486/2026/2026 4487/2027/2027 4520/2060/2060
f 4520/2060/2060 4487/2027/2027 4521/2061/2061
f 4487/2027/2027 4488/2028/2028 4521/2061/2061
f 4521/2061/2061 4488/2028/2028 4522/2062/2062
f 4488/2028/2028 4489/2029/2029 4522/2062/2062
f 4522/2062/2062 4489/2029/2029 4523/2063/2063
f 4489/2029/2029 4490/2030/2030 4523/2063/2063
f 4523/2063/2063 4490/2030/2030 4524/2064/2064
f 4490/2030/2030 4491/2031/2031 4524/2064/2064
f 4524/2064/2064 4491/2031/2031 4525/2065/2065
f 4491/2031/2031 4492/2032/2032 4525/2065/2065
f 4525/2065/2065 4492/2032/2032 4526/2066/2066
f 4492/2032/2032 4493/2033/2033 4526/2066/2066
f 4526/2066/2066 4493/2033/2033 4527/2067/2067
f 4493/2033/2033 4494/2034/2034 4527/2067/2067
f 4527/2067/2067 4494/2034/2034 4528/2068/2068
f 4494/2034/2034 4495/2035/2035 4528/2068/2068
f 4528/2068/2068 4495/2035/2035 4529/2069/2069
f 4495/2035/2035 4496/2036/2036 4529/2069/2069
f 4529/2069/2069 4496/2036/2036 4530/2070/2070
f 4496/2036/2036 4497/2037/2037 4530/2070/2070
f 4530/2070/2070 4497/2037/2037 4531/2071/2071
f 4497/2037/2037 4498/2038/2038 4531/2071/2071
f 4531/2071/2071 4498/2038/2038 4532/2072/2072
f 4498/2038/2038 4499/2039/2039 4532/2072/2072
f 4532/2072/2072 4499/2039/2039 4533/2073/2073
f 4499/2039/2039 4500/2040/2040 4533/2073/2073
f 4533/2073/2073 4500/2040/2040 4534/2074/2074
f 4500/2040/2040 4501/2041/2041 4534/2074/2074
f 4534/2074/2074 4501/2041/2041 4535/2075/2075
f 4501/2041/2041 4502/2042/2042 4535/2075/2075
f 4535/2075/2075 4502/2042/2042 4536/2076/2076
f 4502/2042/2042 4503/2043/2043 4536/2076/2076
f 4536/2076/2076 4503/2043/2043 4537/2077/2077
f 4503/2043/2043 4504/2044/2044 4537/2077/2077
f 4537/2077/2077 4504/2044/2044 4538/2078/2078
f 4504/2044/2044 4505/2045/2045 4538/2078/2078
f 4538/2078/2078 4505/2045/2045 4539/2079/2079
f 4505/2045/2045 4506/2046/2046 4539/2079/2079
f 4539/2079/2079 4506/2046/2046 4540/2080/2080
f 4506/2046/2046 4507/2047/2047 4540/2080/2080
f 4540/2080/2080 4507/2047/2047 4541/2081/2081
f 4507/2047/2047 4508/2048/2048 4541/2081/2081
f 4541/2081/2081 4508/2048/2048 4542/2082/2082
f 4508/2048/2048 4509/2049/2049 4542/2082/2082
f 4542/2082/2082 4509/2049/2049 4543/2083/2083
f 4509/2049/2049 4510/2050/2050 4543/2083/2083
f 4543/2083/2083 4510/2050/2050 4544/2084/2084
f 4510/2050/2050 4511/2051/2051 4544/2084/2084
f 4544/2084/2084 4511/2051/2051 4545/2085/2085
f 4511/2051/2051 4512/2052/2052 4545/2085/2085
f 4545/2085/2085 4512/2052/2052 4546/2086/2086
f 4512/2052/2052 4513/2053/2053 4546/2086/2086
f 4546/2086/2086 4513/2053/2053 4547/2087/2087
f 4513/2053/2053 4514/2054/2054 4547/2087/2087
f 4547/2087/2087 4514/2054/2054 4548/2088/2088
f 4514/2054/2054 4515/2055/2055 4548/2088/2088
f 4548/2088/2088 4515/2055/2055 4549/2089/2089
f 4515/2055/2055 4516/2056/2056 4549/2089/2089
f 4549/2089/2089 4516/2056/2056 4550/2090/2090
f 4516/2056/2056 4517/2057/2057 4550/2090/2090
f 4551/2091/2091 4518/2058/2058 4552/2092/2092
f 4518/2058/2058 4519/2059/2059 4552/2092/2092
f 4552/2092/2092 4519/2059/2059 4553/2093/2093
f 4519/2059/2059 4520/2060/2060 4553/2093/2093
f 4553/2093/2093 4520/2060/2060 4554/2094/2094
f 4520/2060/2060 4521/2061/2061 4554/2094/2094
f 4554/2094/2094 4521/2061/2061 4555/2095/2095
f 4521/2061/2061 4522/2062/2062 4555/2095/2095
f 4555/2095/2095 4522/2062/2062 4556/2096/2096
f 4522/2062/2062 4523/2063/2063 4556/2096/2096
f 4556/2096/2096 4523/2063/2063 4557/2097/2097
f 4523/2063/2063 4524/2064/2064 4557/2097/2097
f 4557/2097/2097 4524/2064/2064 4558/2098/2098
f 4524/2064/2064 4525/2065/2065 4558/2098/2098
f 4558/2098/2098 4525/2065/2065 4559/2099/2099
f 4525/2065/2065 4526/2066/2066 4559/2099/2099
f 4559/2099/2099 4526/2066/2066 4560/2100/2100
f 4526/2066/2066 4527/2067/2067 4560/2100/2100
f 4560/2100/2100 4527/2067/2067 4561/2101/2101
f 4527/2067/2067 4528/2068/2068 4561/2101/2101
f 4561/2101/2101 4528/2068/2068 4562/2102/2102
f 4528/2068/2068 4529/2069/2069 4562/2102/2102
f 4562/2102/2102 4529/2069/2069 4563/2103/2103
f 4529/2069/2069 4530/2070/2070 4563/2103/2103
f 4563/2103/2103 4530/2070/2070 4564/2104/2104
f 4530/2070/2070 4531/2071/2071 4564/2104/2104
f 4564/2104/2104 4531/2071/2071 4565/2105/2105
f 4531/2071/2071 4532/2072/2072 4565/2105/2105
f 4565/2105/2105 4532/2072/2072 4566/2106/2106
f 4532/2072/2072 4533/2073/2073 4566/2106/2106
f 4566/2106/2106 4533/2073/2073 4567/2107/2107
f 4533/2073/2073 4534/2074/2074 4567/2107/2107
f 4567/2107/2107 4534/2074/2074 4568/2108/2108
f 4534/2074/2074 4535/2075/2075 4568/2108/2108
f 4568/2108/2108 4535/2075/2075 4569/2109/2109
f 4535/2075/2075 4536/2076/2076 4569/2109/2109
f 4569/2109/2109 4536/2076/2076 4570/2110/2110
f 4536/2076/2076 4537/2077/2077 4570/2110/2110
f 4570/2110/2110 4537/2077/2077 4571/2111/2111
f 4537/2077/2077 4538/2078/2078 4571/2111/2111
f 4571/2111/2111 4538/2078/2078 4572/2112/2112
f 4538/2078/2078 4539/2079/2079 4572/2112/2112
f 4572/2112/2112 4539/2079/2079 4573/2113/2113
f 4539/2079/2079 4540/2080/2080 4573/2113/2113
f 4573/2113/2113 4540/2080/2080 4574/2114/2114
f 4540/2080/2080 4541/2081/2081 4574/2114/2114
f 4574/2114/2114 4541/2081/2081 4575/2115/2115
f 4541/2081/2081 4542/2082/2082 4575/2115/2115
f 4575/2115/2115 4542/2082/2082 4576/2116/2116
f 4542/2082/2082 4543/2083/2083 4576/2116/2116
f 4576/2116/2116 4543/2083/2083 4577/2117/2117
f 4543/2083/2083 4544/2084/2084 4577/2117/2117
f 4577/2117/2117 4544/2084/2084 4578/2118/2118
f 4544/2084/2084 4545/2085/2085 4578/2118/2118
f 4578/2118/2118 4545/2085/2085 4579/2119/2119
f 4545/2085/2085 4546/2086/2086 4579/2119/2119
f 4579/2119/2119 4546/2086/2086 4580/2120/2120
f 4546/2086/2086 4547/2087/2087 4580/2120/2120
f 4580/2120/2120 4547/2087/2087 4581/2121/2121
f 4547/2087/2087 4548/2088/2088 4581/2121/2121
f 4581/2121/2121 4548/2088/2088 4582/2122/2122
f 4548/2088/2088 4549/2089/2089 4582/2122/2122
f 4582/2122/2122 4549/2089/2089 4583/2123/2123
f 4549/2089/2089 4550/2090/2090 4583/2123/2123
f 4584/2124/2124 4551/2091/2091 4585/2125/2125
f 4551/2091/2091 4552/2092/2092 4585/2125/2125
f 4585/2125/2125 4552/2092/2092 4586/2126/2126
f 4552/2092/2092 4553/2093/2093 4586/2126/2126
f 4586/2126/2126 4553/2093/2093 4587/2127/2127
f 4553/2093/2093 4554/2094/2094 4587/2127/2127
f 4587/2127/2127 4554/2094/2094 4588/2128/2128
f 4554/2094/2094 4555/2095/2095 4588/2128/2128
f 4588/2128/2128 4555/2095/2095 4589/2129/2129
f 4555/2095/2095 4556/2096/2096 4589/2129/2129
f 4589/2129/2129 4556/2096/2096 4590/2130/2130
f 4556/2096/2096 4557/2097/2097 4590/2130/2130
f 4590/2130/2130 4557/2097/2097 4591/2131/2131
f 4557/2097/2097 4558/2098/2098 4591/2131/2131
f 4591/2131/2131 4558/2098/2098 4592/2132/2132
f 4558/2098/2098 4559/2099/2099 4592/2132/2132
f 4592/2132/2132 4559/2099/2099 4593/2133/2133
f 4559/2099/2099 4560/2100/2100 4593/2133/2133
f 4593/2133/2133 4560/2100/2100 4594/2134/2134
f 4560/2100/2100 4561/2101/2101 4594/2134/2134
f 4594/2134/2134 4561/2101/2101 4595/2135/2135
f 4561/2101/2101 4562/2102/2102 4595/2135/2135
f 4595/2135/2135 4562/2102/2102 4596/2136/2136
f 4562/2102/2102 4563/2103/2103 4596/2136/2136
f 4596/2136/2136 4563/2103/2103 4597/2137/2137
f 4563/2103/2103 4564/2104/2104 4597/2137/2137
f 4597/2137/2137 4564/2104/2104 4598/2138/2138
f 4564/2104/2104 4565/2105/2105 4598/2138/2138
f 4598/2138/2138 4565/2105/2105 4599/2139/2139
f 4565/2105/2105 4566/2106/2106 4599/2139/2139
f 4599/2139/2139 4566/2106/2106 4600/2140/2140
f 4566/2106/2106 4567/2107/2107 4600/2140/2140
f 4600/2140/2140 4567/2107/2107 4601/2141/2141
f 4567/2107/2107 4568/2108/2108 4601/2141/2141
f 4601/2141/2141 4568/2108/2108 4602/2142/2142
f 4568/2108/2108 4569/2109/2109 4602/2142/2142
f 4602/2142/2142 4569/2109/2109 4603/2143/2143
f 4569/2109/2109 4570/2110/2110 4603/2143/2143
f 4603/2143/2143 4570/2110/2110 4604/2144/2144
f 4570/2110/2110 4571/2111/2111 4604/2144/2144
f 4604/2144/2144 4571/2111/2111 4605/2145/2145
f 4571/2111/2111 4572/2112/2112 4605/2145/2145
f 4605/2145/2145 4572/2112/2112 4606/2146/2146
f 4572/2112/2112 4573/2113/2113 4606/2146/2146
f 4606/2146/2146 4573/2113/2113 4607/2147/2147
f 4573/2113/2113 4574/2114/2114 4607/2147/2147
f 4607/2147/2147 4574/2114/2114 4608/2148/2148
f 4574/2114/2114 4575/2115/2115 4608/2148/2148
f 4608/2148/2148 4575/2115/2115 4609/2149/2149
f 4575/2115/2115 4576/2116/2116 4609/2149/2149
f 4609/2149/2149 4576/2116/2116 4610/2150/2150
f 4576/2116/2116 4577/2117/2117 4610/2150/2150
f 4610/2150/2150 4577/2117/2117 4611/2151/2151
f 4577/2117/2117 4578/2118/2118 4611/2151/2151
f 4611/2151/2151 4578/2118/2118 4612/2152/2152
f 4578/2118/2118 4579/2119/2119 4612/2152/2152
f 4612/2152/2152 4579/2119/2119 4613/2153/2153
f 4579/2119/2119 4580/2120/2120 4613/2153/2153
f 4613/2153/2153 4580/2120/2120 4614/2154/2154
f 4580/2120/2120 4581/2121/2121 4614/2154/2154
f 4614/2154/2154 4581/2121/2121 4615/2155/2155
f 4581/2121/2121 4582/2122/2122 4615/2155/2155
f 4615/2155/2155 4582/2122/2122 4616/2156/2156
f 4582/2122/2122 4583/2123/2123 4616/2156/2156
f 4617/2157/2157 4584/2124/2124 4618/2158/2158
f 4584/2124/2124 4585/2125/2125 4618/2158/2158
f 4618/2158/2158 4585/2125/2125 4619/2159/2159
f 4585/2125/2125 4586/2126/2126 4619/2159/2159
f 4619/2159/2159 4586/2126/2126 4620/2160/2160
f 4586/2126/2126 4587/2127/2127 4620/2160/2160
f 4620/2160/2160 4587/2127/2127 4621/2161/2161
f 4587/2127/2127 4588/2128/2128 4621/2161/2161
f 4621/2161/2161 4588/2128/2128 4622/2162/2162
f 4588/2128/2128 4589/2129/2129 4622/2162/2162
f 4622/2162/2162 4589/2129/2129 4623/2163/2163
f 4589/2129/2129 4590/2130/2130 4623/2163/2163
f 4623/2163/2163 4590/2130/2130 4624/2164/2164
f 4590/2130/2130 4591/2131/2131 4624/2164/2164
f 4624/2164/2164 4591/2131/2131 4625/2165/2165
f 4591/2131/2131 4592/2132/2132 4625/2165/2165
f 4625/2165/2165 4592/2132/2132 4626/2166/2166
f 4592/2132/2132 4593/2133/2133 4626/2166/2166
f 4626/2166/2166 4593/2133/2133 4627/2167/2167
f 4593/2133/2133 4594/2134/2134 4627/2167/2167
f 4627/2167/2167 4594/2134/2134 4628/2168/2168
f 4594/2134/2134 4595/2135/2135 4628/2168/2168
f 4628/2168/2168 4595/2135/2135 4629/2169/2169
f 4595/2135/2135 4596/2136/2136 4629/2169/2169
f 4629/2169/2169 4596/2136/2136 4630/2170/2170
f 4596/2136/2136 4597/2137/2137 4630/2170/2170
f 4630/2170/2170 4597/2137/2137 4631/2171/2171
f 4597/2137/2137 4598/2138/2138 4631/2171/2171
f 4631/2171/2171 4598/2138/2138 4632/2172/2172
f 4598/2138/2138 4599/2139/2139 4632/2172/2172
f 4632/2172/2172 4599/2139/2139 4633/2173/2173
f 4599/2139/2139 4600/2140/2140 4633/2173/2173
f 4633/2173/2173 4600/2140/2140 4634/2174/2174
f 4600/2140/2140 4601/2141/2141 4634/2174/2174
f 4634/2174/2174 4601/2141/2141 4635/2175/2175
f 4601/2141/2141 4602/2142/2142 4635/2175/2175
f 4635/2175/2175 4602/2142/2142 4636/2176/2176
f 4602/2142/2142 4603/2143/2143 4636/2176/2176
f 4636/2176/2176 4603/2143/2143 4637/2177/2177
f 4603/2143/2143 4604/2144/2144 4637/2177/2177
f 4637/2177/2177 4604/2144/2144 4638/2178/2178
f 4604/2144/2144 4605/2145/2145 4638/2178/2178
f 4638/2178/2178 4605/2145/2145 4639/2179/2179
f 4605/2145/2145 4606/2146/2146 4639/2179/2179
f 4639/2179/2179 4606/2146/2146 4640/2180/2180
f 4606/2146/2146 4607/2147/2147 4640/2180/2180
f 4640/2180/2180 4607/2147/2147 4641/2181/2181
f 4607/2147/2147 4608/2148/2148 4641/2181/2181
f 4641/2181/2181 4608/2148/2148 4642/2182/2182
f 4608/2148/2148 4609/2149/2149 4642/2182/2182
f 4642/2182/2182 4609/2149/2149 4643/2183/2183
f 4609/2149/2149 4610/2150/2150 4643/2183/2183
f 4643/2183/2183 4610/2150/2150 4644/2184/2184
f 4610/2150/2150 4611/2151/2151 4644/2184/2184
f 4644/2184/2184 4611/2151/2151 4645/2185/2185
f 4611/2151/2151 4612/2152/2152 4645/2185/2185
f 4645/2185/2185 4612/2152/2152 4646/2186/2186
f 4612/2152/2152 4613/2153/2153 4646/2186/2186
f 4646/2186/2186 4613/2153/2153 4647/2187/2187
f 4613/2153/2153 4614/2154/2154 4647/2187/2187
f 4647/2187/2187 4614/2154/2154 4648/2188/2188
f 4614/2154/2154 4615/2155/2155 4648/2188/2188
f 4648/2188/2188 4615/2155/2155 4649/2189/2189
f 4615/2155/2155 4616/2156/2156 4649/2189/2189
o digestor_b_anillo_aristas
v 3.7753552436828612 3.5646446593105794 2.9
v 3.7297135829925536 3.5646446593105794 3.363408827781677
v 3.7297135829925536 3.5646446593105794 3.363408827781677
v 3.5945421695709228 3.5646446593105794 3.8090091586112975
v 3.5945421695709228 3.5646446593105794 3.8090091586112975
v 3.375035786628723 3.56464465931058 4.219676756858826
v 3.375035786628723 3.56464465931058 4.219676756858826
v 3.079629921913147 3.56464465931058 4.579629921913147
v 3.079629921913147 3.56464465931058 4.579629921913147
v 2.7196767568588256 3.56464465931058 4.8750357866287235
v 2.7196767568588256 3.56464465931058 4.8750357866287235
v 2.3090091586112975 3.56464465931058 5.094542169570923
v 2.3090091586112975 3.56464465931058 5.094542169570923
v 1.8634088277816772 3.56464465931058 5.229713582992554
v 1.8634088277816772 3.56464465931058 5.229713582992554
v 1.4000000000000001 3.56464465931058 5.275355243682862
v 1.4000000000000001 3.56464465931058 5.275355243682862
v 0.9365911722183227 3.56464465931058 5.229713582992554
v 0.9365911722183227 3.56464465931058 5.229713582992554
v 0.4909908413887023 3.56464465931058 5.094542169570923
v 0.4909908413887023 3.56464465931058 5.094542169570923
v 0.08032324314117423 3.56464465931058 4.8750357866287235
v 0.08032324314117423 3.56464465931058 4.8750357866287235
v -0.27962992191314706 3.56464465931058 4.579629921913147
v -0.27962992191314706 3.56464465931058 4.579629921913147
v -0.5750357866287232 3.56464465931058 4.219676756858826
v -0.5750357866287232 3.56464465931058 4.219676756858826
v -0.7945421695709229 3.5646446593105794 3.8090091586112975
v -0.7945421695709229 3.5646446593105794 3.8090091586112975
v -0.9297135829925538 3.5646446593105794 3.363408827781677
v -0.9297135829925538 3.5646446593105794 3.363408827781677
v -0.9753552436828614 3.5646446593105794 2.9000000000000004
v -0.9753552436828614 3.5646446593105794 2.9000000000000004
v -0.9297135829925538 3.5646446593105794 2.4365911722183227
v -0.9297135829925538 3.5646446593105794 2.4365911722183227
v -0.7945421695709229 3.5646446593105794 1.9909908413887023
v -0.7945421695709229 3.5646446593105794 1.9909908413887023
v -0.5750357866287232 3.564644659310579 1.5803232431411742
v -0.5750357866287232 3.564644659310579 1.5803232431411742
v -0.27962992191314706 3.564644659310579 1.220370078086853
v -0.27962992191314706 3.564644659310579 1.220370078086853
v 0.08032324314117423 3.564644659310579 0.9249642133712768
v 0.08032324314117423 3.564644659310579 0.9249642133712768
v 0.4909908413887023 3.564644659310579 0.7054578304290771
v 0.4909908413887023 3.564644659310579 0.7054578304290771
v 0.9365911722183227 3.564644659310579 0.5702864170074462
v 0.9365911722183227 3.564644659310579 0.5702864170074462
v 1.3999999999999995 3.564644659310579 0.5246447563171386
v 1.3999999999999995 3.564644659310579 0.5246447563171386
v 1.8634088277816772 3.564644659310579 0.5702864170074462
v 1.8634088277816772 3.564644659310579 0.5702864170074462
v 2.3090091586112975 3.564644659310579 0.7054578304290771
v 2.3090091586112975 3.564644659310579 0.7054578304290771
v 2.7196767568588256 3.564644659310579 0.9249642133712768
v 2.7196767568588256 3.564644659310579 0.9249642133712768
v 3.079629921913147 3.564644659310579 1.220370078086853
v 3.079629921913147 3.564644659310579 1.220370078086853
v 3.375035786628723 3.564644659310579 1.5803232431411742
v 3.375035786628723 3.564644659310579 1.5803232431411742
v 3.5945421695709228 3.5646446593105794 1.9909908413887023
v 3.5945421695709228 3.5646446593105794 1.9909908413887023
v 3.7297135829925536 3.5646446593105794 2.4365911722183227
v 3.7297135829925536 3.5646446593105794 2.4365911722183227
v 3.7753552436828612 3.5646446593105794 2.8999999999999995
v 3.7399999141693114 3.549999999254942 2.9
v 3.695037508010864 3.549999999254942 3.3565113484859466
v 3.695037508010864 3.549999999254942 3.3565113484859466
v 3.5618781089782714 3.549999999254942 3.7954792022705077
v 3.5618781089782714 3.549999999254942 3.7954792022705077
v 3.34563889503479 3.5499999992549425 4.200034403800965
v 3.34563889503479 3.5499999992549425 4.200034403800965
v 3.0546298265457152 3.5499999992549425 4.554629826545716
v 3.0546298265457152 3.5499999992549425 4.554629826545716
v 2.7000344038009643 3.5499999992549425 4.84563889503479
v 2.7000344038009643 3.5499999992549425 4.84563889503479
v 2.2954792022705077 3.5499999992549425 5.061878108978272
v 2.2954792022705077 3.5499999992549425 5.061878108978272
v 1.8565113484859466 3.5499999992549425 5.195037508010865
v 1.8565113484859466 3.5499999992549425 5.195037508010865
v 1.4000000000000001 3.5499999992549425 5.239999914169312
v 1.4000000000000001 3.5499999992549425 5.239999914169312
v 0.9434886515140533 3.5499999992549425 5.195037508010865
v 0.9434886515140533 3.5499999992549425 5.195037508010865
v 0.5045207977294921 3.5499999992549425 5.061878108978272
v 0.5045207977294921 3.5499999992549425 5.061878108978272
v 0.09996559619903556 3.5499999992549425 4.84563889503479
v 0.09996559619903556 3.5499999992549425 4.84563889503479
v -0.2546298265457154 3.5499999992549425 4.554629826545716
v -0.2546298265457154 3.5499999992549425 4.554629826545716
v -0.5456388950347901 3.5499999992549425 4.200034403800965
v -0.5456388950347901 3.5499999992549425 4.200034403800965
v -0.7618781089782716 3.549999999254942 3.7954792022705077
v -0.7618781089782716 3.549999999254942 3.7954792022705077
v -0.8950375080108643 3.549999999254942 3.3565113484859466
v -0.8950375080108643 3.549999999254942 3.3565113484859466
v -0.9399999141693116 3.549999999254942 2.9000000000000004
v -0.9399999141693116 3.549999999254942 2.9000000000000004
v -0.8950375080108643 3.549999999254942 2.4434886515140533
v -0.8950375080108643 3.549999999254942 2.4434886515140533
v -0.7618781089782716 3.549999999254942 2.004520797729492
v -0.7618781089782716 3.549999999254942 2.004520797729492
v -0.5456388950347901 3.5499999992549416 1.5999655961990356
v -0.5456388950347901 3.5499999992549416 1.5999655961990356
v -0.2546298265457154 3.5499999992549416 1.2453701734542846
v -0.2546298265457154 3.5499999992549416 1.2453701734542846
v 0.09996559619903556 3.5499999992549416 0.9543611049652099
v 0.09996559619903556 3.5499999992549416 0.9543611049652099
v 0.5045207977294921 3.5499999992549416 0.7381218910217284
v 0.5045207977294921 3.5499999992549416 0.7381218910217284
v 0.9434886515140533 3.5499999992549416 0.6049624919891357
v 0.9434886515140533 3.5499999992549416 0.6049624919891357
v 1.3999999999999995 3.5499999992549416 0.5600000858306884
v 1.3999999999999995 3.5499999992549416 0.5600000858306884
v 1.8565113484859466 3.5499999992549416 0.6049624919891357
v 1.8565113484859466 3.5499999992549416 0.6049624919891357
v 2.2954792022705077 3.5499999992549416 0.7381218910217284
v 2.2954792022705077 3.5499999992549416 0.7381218910217284
v 2.7000344038009643 3.5499999992549416 0.9543611049652099
v 2.7000344038009643 3.5499999992549416 0.9543611049652099
v 3.0546298265457152 3.5499999992549416 1.2453701734542846
v 3.0546298265457152 3.5499999992549416 1.2453701734542846
v 3.34563889503479 3.5499999992549416 1.5999655961990356
v 3.34563889503479 3.5499999992549416 1.5999655961990356
v 3.5618781089782714 3.549999999254942 2.004520797729492
v 3.5618781089782714 3.549999999254942 2.004520797729492
v 3.695037508010864 3.549999999254942 2.4434886515140533
v 3.695037508010864 3.549999999254942 2.4434886515140533
v 3.7399999141693114 3.549999999254942 2.8999999999999995
v 3.7046445846557616 3.5646446593105794 2.9
v 3.660361671447754 3.5646446593105794 3.349613869190216
v 3.660361671447754 3.5646446593105794 3.349613869190216
v 3.52921404838562 3.5646446593105794 3.7819493055343627
v 3.52921404838562 3.5646446593105794 3.7819493055343627
v 3.316242003440857 3.56464465931058 4.180391931533814
v 3.316242003440857 3.56464465931058 4.180391931533814
v 3.029629850387573 3.56464465931058 4.529629850387574
v 3.029629850387573 3.56464465931058 4.529629850387574
v 2.6803919315338134 3.56464465931058 4.816242003440857
v 2.6803919315338134 3.56464465931058 4.816242003440857
v 2.2819493055343627 3.56464465931058 5.0292140483856205
v 2.2819493055343627 3.56464465931058 5.0292140483856205
v 1.849613869190216 3.56464465931058 5.160361671447754
v 1.849613869190216 3.56464465931058 5.160361671447754
v 1.4000000000000001 3.56464465931058 5.204644584655762
v 1.4000000000000001 3.56464465931058 5.204644584655762
v 0.9503861308097838 3.56464465931058 5.160361671447754
v 0.9503861308097838 3.56464465931058 5.160361671447754
v 0.5180506944656371 3.56464465931058 5.0292140483856205
v 0.5180506944656371 3.56464465931058 5.0292140483856205
v 0.11960806846618643 3.56464465931058 4.816242003440857
v 0.11960806846618643 3.56464465931058 4.816242003440857
v -0.22962985038757333 3.56464465931058 4.529629850387574
v -0.22962985038757333 3.56464465931058 4.529629850387574
v -0.516242003440857 3.56464465931058 4.180391931533814
v -0.516242003440857 3.56464465931058 4.180391931533814
v -0.7292140483856202 3.5646446593105794 3.7819493055343627
v -0.7292140483856202 3.5646446593105794 3.7819493055343627
v -0.860361671447754 3.5646446593105794 3.349613869190216
v -0.860361671447754 3.5646446593105794 3.349613869190216
v -0.9046445846557618 3.5646446593105794 2.9000000000000004
v -0.9046445846557618 3.5646446593105794 2.9000000000000004
v -0.860361671447754 3.5646446593105794 2.450386130809784
v -0.860361671447754 3.5646446593105794 2.450386130809784
v -0.7292140483856202 3.5646446593105794 2.018050694465637
v -0.7292140483856202 3.5646446593105794 2.018050694465637
v -0.516242003440857 3.564644659310579 1.6196080684661864
v -0.516242003440857 3.564644659310579 1.6196080684661864
v -0.22962985038757333 3.564644659310579 1.2703701496124267
v -0.22962985038757333 3.564644659310579 1.2703701496124267
v 0.11960806846618643 3.564644659310579 0.983757996559143
v 0.11960806846618643 3.564644659310579 0.983757996559143
v 0.5180506944656371 3.564644659310579 0.7707859516143798
v 0.5180506944656371 3.564644659310579 0.7707859516143798
v 0.9503861308097838 3.564644659310579 0.639638328552246
v 0.9503861308097838 3.564644659310579 0.639638328552246
v 1.3999999999999995 3.564644659310579 0.5953554153442382
v 1.3999999999999995 3.564644659310579 0.5953554153442382
v 1.849613869190216 3.564644659310579 0.639638328552246
v 1.849613869190216 3.564644659310579 0.639638328552246
v 2.2819493055343627 3.564644659310579 0.7707859516143798
v 2.2819493055343627 3.564644659310579 0.7707859516143798
v 2.6803919315338134 3.564644659310579 0.983757996559143
v 2.6803919315338134 3.564644659310579 0.983757996559143
v 3.029629850387573 3.564644659310579 1.2703701496124267
v 3.029629850387573 3.564644659310579 1.2703701496124267
v 3.316242003440857 3.564644659310579 1.6196080684661864
v 3.316242003440857 3.564644659310579 1.6196080684661864
v 3.52921404838562 3.5646446593105794 2.018050694465637
v 3.52921404838562 3.5646446593105794 2.018050694465637
v 3.660361671447754 3.5646446593105794 2.450386130809784
v 3.660361671447754 3.5646446593105794 2.450386130809784
v 3.7046445846557616 3.5646446593105794 2.8999999999999995
v 3.6899999618530273 3.6 2.9
v 3.6459983825683593 3.6 3.346756839752197
v 3.6459983825683593 3.6 3.346756839752197
v 3.5156840324401855 3.6 3.7763450384140014
v 3.5156840324401855 3.6 3.7763450384140014
v 3.3040653705596923 3.6000000000000005 4.1722557783126835
v 3.3040653705596923 3.6000000000000005 4.1722557783126835
v 3.0192744970321654 3.6000000000000005 4.519274497032166
v 3.0192744970321654 3.6000000000000005 4.519274497032166
v 2.672255778312683 3.6000000000000005 4.804065370559693
v 2.672255778312683 3.6000000000000005 4.804065370559693
v 2.2763450384140014 3.6000000000000005 5.015684032440186
v 2.2763450384140014 3.6000000000000005 5.015684032440186
v 1.8467568397521972 3.6000000000000005 5.14599838256836
v 1.8467568397521972 3.6000000000000005 5.14599838256836
v 1.4000000000000001 3.6000000000000005 5.189999961853028
v 1.4000000000000001 3.6000000000000005 5.189999961853028
v 0.9532431602478026 3.6000000000000005 5.14599838256836
v 0.9532431602478026 3.6000000000000005 5.14599838256836
v 0.5236549615859984 3.6000000000000005 5.015684032440186
v 0.5236549615859984 3.6000000000000005 5.015684032440186
v 0.1277442216873168 3.6000000000000005 4.804065370559693
v 0.1277442216873168 3.6000000000000005 4.804065370559693
v -0.21927449703216562 3.6000000000000005 4.519274497032166
v -0.21927449703216562 3.6000000000000005 4.519274497032166
v -0.5040653705596925 3.6000000000000005 4.1722557783126835
v -0.5040653705596925 3.6000000000000005 4.1722557783126835
v -0.7156840324401856 3.6 3.7763450384140014
v -0.7156840324401856 3.6 3.7763450384140014
v -0.8459983825683595 3.6 3.346756839752197
v -0.8459983825683595 3.6 3.346756839752197
v -0.8899999618530274 3.6 2.9000000000000004
v -0.8899999618530274 3.6 2.9000000000000004
v -0.8459983825683595 3.6 2.4532431602478026
v -0.8459983825683595 3.6 2.4532431602478026
v -0.7156840324401856 3.6 2.0236549615859984
v -0.7156840324401856 3.6 2.0236549615859984
v -0.5040653705596925 3.5999999999999996 1.6277442216873168
v -0.5040653705596925 3.5999999999999996 1.6277442216873168
v -0.21927449703216562 3.5999999999999996 1.2807255029678344
v -0.21927449703216562 3.5999999999999996 1.2807255029678344
v 0.1277442216873168 3.5999999999999996 0.9959346294403075
v 0.1277442216873168 3.5999999999999996 0.9959346294403075
v 0.5236549615859984 3.5999999999999996 0.7843159675598144
v 0.5236549615859984 3.5999999999999996 0.7843159675598144
v 0.9532431602478026 3.5999999999999996 0.6540016174316405
v 0.9532431602478026 3.5999999999999996 0.6540016174316405
v 1.3999999999999995 3.5999999999999996 0.6100000381469726
v 1.3999999999999995 3.5999999999999996 0.6100000381469726
v 1.8467568397521972 3.5999999999999996 0.6540016174316405
v 1.8467568397521972 3.5999999999999996 0.6540016174316405
v 2.2763450384140014 3.5999999999999996 0.7843159675598144
v 2.2763450384140014 3.5999999999999996 0.7843159675598144
v 2.672255778312683 3.5999999999999996 0.9959346294403075
v 2.672255778312683 3.5999999999999996 0.9959346294403075
v 3.0192744970321654 3.5999999999999996 1.2807255029678344
v 3.0192744970321654 3.5999999999999996 1.2807255029678344
v 3.3040653705596923 3.5999999999999996 1.6277442216873168
v 3.3040653705596923 3.5999999999999996 1.6277442216873168
v 3.5156840324401855 3.6 2.0236549615859984
v 3.5156840324401855 3.6 2.0236549615859984
v 3.6459983825683593 3.6 2.4532431602478026
v 3.6459983825683593 3.6 2.4532431602478026
v 3.6899999618530273 3.6 2.8999999999999995
v 3.7046445846557616 3.635355340689421 2.9
v 3.660361671447754 3.635355340689421 3.349613869190216
v 3.660361671447754 3.635355340689421 3.349613869190216
v 3.52921404838562 3.635355340689421 3.7819493055343627
v 3.52921404838562 3.635355340689421 3.7819493055343627
v 3.316242003440857 3.6353553406894212 4.180391931533814
v 3.316242003440857 3.6353553406894212 4.180391931533814
v 3.029629850387573 3.6353553406894212 4.529629850387574
v 3.029629850387573 3.6353553406894212 4.529629850387574
v 2.6803919315338134 3.6353553406894212 4.816242003440857
v 2.6803919315338134 3.6353553406894212 4.816242003440857
v 2.2819493055343627 3.6353553406894212 5.0292140483856205
v 2.2819493055343627 3.6353553406894212 5.0292140483856205
v 1.849613869190216 3.6353553406894212 5.160361671447754
v 1.849613869190216 3.6353553406894212 5.160361671447754
v 1.4000000000000001 3.6353553406894212 5.204644584655762
v 1.4000000000000001 3.6353553406894212 5.204644584655762
v 0.9503861308097838 3.6353553406894212 5.160361671447754
v 0.9503861308097838 3.6353553406894212 5.160361671447754
v 0.5180506944656371 3.6353553406894212 5.0292140483856205
v 0.5180506944656371 3.6353553406894212 5.0292140483856205
v 0.11960806846618643 3.6353553406894212 4.816242003440857
v 0.11960806846618643 3.6353553406894212 4.816242003440857
v -0.22962985038757333 3.6353553406894212 4.529629850387574
v -0.22962985038757333 3.6353553406894212 4.529629850387574
v -0.516242003440857 3.6353553406894212 4.180391931533814
v -0.516242003440857 3.6353553406894212 4.180391931533814
v -0.7292140483856202 3.635355340689421 3.7819493055343627
v -0.7292140483856202 3.635355340689421 3.7819493055343627
v -0.860361671447754 3.635355340689421 3.349613869190216
v -0.860361671447754 3.635355340689421 3.349613869190216
v -0.9046445846557618 3.635355340689421 2.9000000000000004
v -0.9046445846557618 3.635355340689421 2.9000000000000004
v -0.860361671447754 3.635355340689421 2.450386130809784
v -0.860361671447754 3.635355340689421 2.450386130809784
v -0.7292140483856202 3.635355340689421 2.018050694465637
v -0.7292140483856202 3.635355340689421 2.018050694465637
v -0.516242003440857 3.6353553406894203 1.6196080684661864
v -0.516242003440857 3.6353553406894203 1.6196080684661864
v -0.22962985038757333 3.6353553406894203 1.2703701496124267
v -0.22962985038757333 3.6353553406894203 1.2703701496124267
v 0.11960806846618643 3.6353553406894203 0.983757996559143
v 0.11960806846618643 3.6353553406894203 0.983757996559143
v 0.5180506944656371 3.6353553406894203 0.7707859516143798
v 0.5180506944656371 3.6353553406894203 0.7707859516143798
v 0.9503861308097838 3.6353553406894203 0.639638328552246
v 0.9503861308097838 3.6353553406894203 0.639638328552246
v 1.3999999999999995 3.6353553406894203 0.5953554153442382
v 1.3999999999999995 3.6353553406894203 0.5953554153442382
v 1.849613869190216 3.6353553406894203 0.639638328552246
v 1.849613869190216 3.6353553406894203 0.639638328552246
v 2.2819493055343627 3.6353553406894203 0.7707859516143798
v 2.2819493055343627 3.6353553406894203 0.7707859516143798
v 2.6803919315338134 3.6353553406894203 0.983757996559143
v 2.6803919315338134 3.6353553406894203 0.983757996559143
v 3.029629850387573 3.6353553406894203 1.2703701496124267
v 3.029629850387573 3.6353553406894203 1.2703701496124267
v 3.316242003440857 3.6353553406894203 1.6196080684661864
v 3.316242003440857 3.6353553406894203 1.6196080684661864
v 3.52921404838562 3.635355340689421 2.018050694465637
v 3.52921404838562 3.635355340689421 2.018050694465637
v 3.660361671447754 3.635355340689421 2.450386130809784
v 3.660361671447754 3.635355340689421 2.450386130809784
v 3.7046445846557616 3.635355340689421 2.8999999999999995
v 3.7399999141693114 3.650000000745058 2.9
v 3.695037508010864 3.650000000745058 3.3565113484859466
v 3.695037508010864 3.650000000745058 3.3565113484859466
v 3.5618781089782714 3.650000000745058 3.7954792022705077
v 3.5618781089782714 3.650000000745058 3.7954792022705077
v 3.34563889503479 3.6500000007450586 4.200034403800965
v 3.34563889503479 3.6500000007450586 4.200034403800965
v 3.0546298265457152 3.6500000007450586 4.554629826545716
v 3.0546298265457152 3.6500000007450586 4.554629826545716
v 2.7000344038009643 3.6500000007450586 4.84563889503479
v 2.7000344038009643 3.6500000007450586 4.84563889503479
v 2.2954792022705077 3.6500000007450586 5.061878108978272
v 2.2954792022705077 3.6500000007450586 5.061878108978272
v 1.8565113484859466 3.6500000007450586 5.195037508010865
v 1.8565113484859466 3.6500000007450586 5.195037508010865
v 1.4000000000000001 3.6500000007450586 5.239999914169312
v 1.4000000000000001 3.6500000007450586 5.239999914169312
v 0.9434886515140533 3.6500000007450586 5.195037508010865
v 0.9434886515140533 3.6500000007450586 5.195037508010865
v 0.5045207977294921 3.6500000007450586 5.061878108978272
v 0.5045207977294921 3.6500000007450586 5.061878108978272
v 0.09996559619903556 3.6500000007450586 4.84563889503479
v 0.09996559619903556 3.6500000007450586 4.84563889503479
v -0.2546298265457154 3.6500000007450586 4.554629826545716
v -0.2546298265457154 3.6500000007450586 4.554629826545716
v -0.5456388950347901 3.6500000007450586 4.200034403800965
v -0.5456388950347901 3.6500000007450586 4.200034403800965
v -0.7618781089782716 3.650000000745058 3.7954792022705077
v -0.7618781089782716 3.650000000745058 3.7954792022705077
v -0.8950375080108643 3.650000000745058 3.3565113484859466
v -0.8950375080108643 3.650000000745058 3.3565113484859466
v -0.9399999141693116 3.650000000745058 2.9000000000000004
v -0.9399999141693116 3.650000000745058 2.9000000000000004
v -0.8950375080108643 3.650000000745058 2.4434886515140533
v -0.8950375080108643 3.650000000745058 2.4434886515140533
v -0.7618781089782716 3.650000000745058 2.004520797729492
v -0.7618781089782716 3.650000000745058 2.004520797729492
v -0.5456388950347901 3.6500000007450577 1.5999655961990356
v -0.5456388950347901 3.6500000007450577 1.5999655961990356
v -0.2546298265457154 3.6500000007450577 1.2453701734542846
v -0.2546298265457154 3.6500000007450577 1.2453701734542846
v 0.09996559619903556 3.6500000007450577 0.9543611049652099
v 0.09996559619903556 3.6500000007450577 0.9543611049652099
v 0.5045207977294921 3.6500000007450577 0.7381218910217284
v 0.5045207977294921 3.6500000007450577 0.7381218910217284
v 0.9434886515140533 3.6500000007450577 0.6049624919891357
v 0.9434886515140533 3.6500000007450577 0.6049624919891357
v 1.3999999999999995 3.6500000007450577 0.5600000858306884
v 1.3999999999999995 3.6500000007450577 0.5600000858306884
v 1.8565113484859466 3.6500000007450577 0.6049624919891357
v 1.8565113484859466 3.6500000007450577 0.6049624919891357
v 2.2954792022705077 3.6500000007450577 0.7381218910217284
v 2.2954792022705077 3.6500000007450577 0.7381218910217284
v 2.7000344038009643 3.6500000007450577 0.9543611049652099
v 2.7000344038009643 3.6500000007450577 0.9543611049652099
v 3.0546298265457152 3.6500000007450577 1.2453701734542846
v 3.0546298265457152 3.6500000007450577 1.2453701734542846
v 3.34563889503479 3.6500000007450577 1.5999655961990356
v 3.34563889503479 3.6500000007450577 1.5999655961990356
v 3.5618781089782714 3.650000000745058 2.004520797729492
v 3.5618781089782714 3.650000000745058 2.004520797729492
v 3.695037508010864 3.650000000745058 2.4434886515140533
v 3.695037508010864 3.650000000745058 2.4434886515140533
v 3.7399999141693114 3.650000000745058 2.8999999999999995
v 3.744076871871948 3.6 3.366265857219696
v 3.7900001049041747 3.6 2.9
v 3.7753552436828612 3.635355340689421 2.9
v 3.7297135829925536 3.635355340689421 3.363408827781677
v 3.6080721855163573 3.6 3.814613425731659
v 3.744076871871948 3.6 3.366265857219696
v 3.7297135829925536 3.635355340689421 3.363408827781677
v 3.5945421695709228 3.635355340689421 3.8090091586112975
v 3.3872124195098876 3.6000000000000005 4.227812910079956
v 3.6080721855163573 3.6 3.814613425731659
v 3.5945421695709228 3.635355340689421 3.8090091586112975
v 3.375035786628723 3.6353553406894212 4.219676756858826
v 3.089985156059265 3.6000000000000005 4.5899851560592655
v 3.3872124195098876 3.6000000000000005 4.227812910079956
v 3.375035786628723 3.6353553406894212 4.219676756858826
v 3.079629921913147 3.6353553406894212 4.579629921913147
v 2.727812910079956 3.6000000000000005 4.887212419509888
v 3.089985156059265 3.6000000000000005 4.5899851560592655
v 3.079629921913147 3.6353553406894212 4.579629921913147
v 2.7196767568588256 3.6353553406894212 4.8750357866287235
v 2.314613425731659 3.6000000000000005 5.108072185516358
v 2.727812910079956 3.6000000000000005 4.887212419509888
v 2.7196767568588256 3.6353553406894212 4.8750357866287235
v 2.3090091586112975 3.6353553406894212 5.094542169570923
v 1.866265857219696 3.6000000000000005 5.244076871871949
v 2.314613425731659 3.6000000000000005 5.108072185516358
v 2.3090091586112975 3.6353553406894212 5.094542169570923
v 1.8634088277816772 3.6353553406894212 5.229713582992554
v 1.4000000000000001 3.6000000000000005 5.290000104904175
v 1.866265857219696 3.6000000000000005 5.244076871871949
v 1.8634088277816772 3.6353553406894212 5.229713582992554
v 1.4000000000000001 3.6353553406894212 5.275355243682862
v 0.9337341427803039 3.6000000000000005 5.244076871871949
v 1.4000000000000001 3.6000000000000005 5.290000104904175
v 1.4000000000000001 3.6353553406894212 5.275355243682862
v 0.9365911722183227 3.6353553406894212 5.229713582992554
v 0.485386574268341 3.6000000000000005 5.108072185516358
v 0.9337341427803039 3.6000000000000005 5.244076871871949
v 0.9365911722183227 3.6353553406894212 5.229713582992554
v 0.4909908413887023 3.6353553406894212 5.094542169570923
v 0.07218708992004386 3.6000000000000005 4.887212419509888
v 0.485386574268341 3.6000000000000005 5.108072185516358
v 0.4909908413887023 3.6353553406894212 5.094542169570923
v 0.08032324314117423 3.6353553406894212 4.8750357866287235
v -0.2899851560592652 3.6000000000000005 4.5899851560592655
v 0.07218708992004386 3.6000000000000005 4.887212419509888
v 0.08032324314117423 3.6353553406894212 4.8750357866287235
v -0.27962992191314706 3.6353553406894212 4.579629921913147
v -0.5872124195098878 3.6000000000000005 4.227812910079956
v -0.2899851560592652 3.6000000000000005 4.5899851560592655
v -0.27962992191314706 3.6353553406894212 4.579629921913147
v -0.5750357866287232 3.6353553406894212 4.219676756858826
v -0.8080721855163575 3.6 3.814613425731659
v -0.5872124195098878 3.6000000000000005 4.227812910079956
v -0.5750357866287232 3.6353553406894212 4.219676756858826
v -0.7945421695709229 3.635355340689421 3.8090091586112975
v -0.9440768718719483 3.6 3.366265857219696
v -0.8080721855163575 3.6 3.814613425731659
v -0.7945421695709229 3.635355340689421 3.8090091586112975
v -0.9297135829925538 3.635355340689421 3.363408827781677
v -0.9900001049041749 3.6 2.9000000000000004
v -0.9440768718719483 3.6 3.366265857219696
v -0.9297135829925538 3.635355340689421 3.363408827781677
v -0.9753552436828614 3.635355340689421 2.9000000000000004
v -0.9440768718719483 3.6 2.433734142780304
v -0.9900001049041749 3.6 2.9000000000000004
v -0.9753552436828614 3.635355340689421 2.9000000000000004
v -0.9297135829925538 3.635355340689421 2.4365911722183227
v -0.8080721855163575 3.6 1.985386574268341
v -0.9440768718719483 3.6 2.433734142780304
v -0.9297135829925538 3.635355340689421 2.4365911722183227
v -0.7945421695709229 3.635355340689421 1.9909908413887023
v -0.5872124195098878 3.5999999999999996 1.5721870899200439
v -0.8080721855163575 3.6 1.985386574268341
v -0.7945421695709229 3.635355340689421 1.9909908413887023
v -0.5750357866287232 3.6353553406894203 1.5803232431411742
v -0.2899851560592652 3.5999999999999996 1.2100148439407348
v -0.5872124195098878 3.5999999999999996 1.5721870899200439
v -0.5750357866287232 3.6353553406894203 1.5803232431411742
v -0.27962992191314706 3.6353553406894203 1.220370078086853
v 0.07218708992004386 3.5999999999999996 0.9127875804901122
v -0.2899851560592652 3.5999999999999996 1.2100148439407348
v -0.27962992191314706 3.6353553406894203 1.220370078086853
v 0.08032324314117423 3.6353553406894203 0.9249642133712768
v 0.485386574268341 3.5999999999999996 0.6919278144836425
v 0.07218708992004386 3.5999999999999996 0.9127875804901122
v 0.08032324314117423 3.6353553406894203 0.9249642133712768
v 0.4909908413887023 3.6353553406894203 0.7054578304290771
v 0.9337341427803039 3.5999999999999996 0.5559231281280517
v 0.485386574268341 3.5999999999999996 0.6919278144836425
v 0.4909908413887023 3.6353553406894203 0.7054578304290771
v 0.9365911722183227 3.6353553406894203 0.5702864170074462
v 1.3999999999999995 3.5999999999999996 0.5099998950958251
v 0.9337341427803039 3.5999999999999996 0.5559231281280517
v 0.9365911722183227 3.6353553406894203 0.5702864170074462
v 1.3999999999999995 3.6353553406894203 0.5246447563171386
v 1.866265857219696 3.5999999999999996 0.5559231281280517
v 1.3999999999999995 3.5999999999999996 0.5099998950958251
v 1.3999999999999995 3.6353553406894203 0.5246447563171386
v 1.8634088277816772 3.6353553406894203 0.5702864170074462
v 2.314613425731659 3.5999999999999996 0.6919278144836425
v 1.866265857219696 3.5999999999999996 0.5559231281280517
v 1.8634088277816772 3.6353553406894203 0.5702864170074462
v 2.3090091586112975 3.6353553406894203 0.7054578304290771
v 2.727812910079956 3.5999999999999996 0.9127875804901122
v 2.314613425731659 3.5999999999999996 0.6919278144836425
v 2.3090091586112975 3.6353553406894203 0.7054578304290771
v 2.7196767568588256 3.6353553406894203 0.9249642133712768
v 3.089985156059265 3.5999999999999996 1.2100148439407348
v 2.727812910079956 3.5999999999999996 0.9127875804901122
v 2.7196767568588256 3.6353553406894203 0.9249642133712768
v 3.079629921913147 3.6353553406894203 1.220370078086853
v 3.3872124195098876 3.5999999999999996 1.5721870899200439
v 3.089985156059265 3.5999999999999996 1.2100148439407348
v 3.079629921913147 3.6353553406894203 1.220370078086853
v 3.375035786628723 3.6353553406894203 1.5803232431411742
v 3.6080721855163573 3.6 1.985386574268341
v 3.3872124195098876 3.5999999999999996 1.5721870899200439
v 3.375035786628723 3.6353553406894203 1.5803232431411742
v 3.5945421695709228 3.635355340689421 1.9909908413887023
v 3.744076871871948 3.6 2.433734142780304
v 3.6080721855163573 3.6 1.985386574268341
v 3.5945421695709228 3.635355340689421 1.9909908413887023
v 3.7297135829925536 3.635355340689421 2.4365911722183227
v 3.7900001049041747 3.6 2.8999999999999995
v 3.744076871871948 3.6 2.433734142780304
v 3.7297135829925536 3.635355340689421 2.4365911722183227
v 3.7753552436828612 3.635355340689421 2.8999999999999995
l 4650 4651
l 4652 4653
l 4654 4655
l 4656 4657
l 4658 4659
l 4660 4661
l 4662 4663
l 4664 4665
l 4666 4667
l 4668 4669
l 4670 4671
l 4672 4673
l 4674 4675
l 4676 4677
l 4678 4679
l 4680 4681
l 4682 4683
l 4684 4685
l 4686 4687
l 4688 4689
l 4690 4691
l 4692 4693
l 4694 4695
l 4696 4697
l 4698 4699
l 4700 4701
l 4702 4703
l 4704 4705
l 4706 4707
l 4708 4709
l 4710 4711
l 4712 4713
l 4714 4715
l 4716 4717
l 4718 4719
l 4720 4721
l 4722 4723
l 4724 4725
l 4726 4727
l 4728 4729
l 4730 4731
l 4732 4733
l 4734 4735
l 4736 4737
l 4738 4739
l 4740 4741
l 4742 4743
l 4744 4745
l 4746 4747
l 4748 4749
l 4750 4751
l 4752 4753
l 4754 4755
l 4756 4757
l 4758 4759
l 4760 4761
l 4762 4763
l 4764 4765
l 4766 4767
l 4768 4769
l 4770 4771
l 4772 4773
l 4774 4775
l 4776 4777
l 4778 4779
l 4780 4781
l 4782 4783
l 4784 4785
l 4786 4787
l 4788 4789
l 4790 4791
l 4792 4793
l 4794 4795
l 4796 4797
l 4798 4799
l 4800 4801
l 4802 4803
l 4804 4805
l 4806 4807
l 4808 4809
l 4810 4811
l 4812 4813
l 4814 4815
l 4816 4817
l 4818 4819
l 4820 4821
l 4822 4823
l 4824 4825
l 4826 4827
l 4828 4829
l 4830 4831
l 4832 4833
l 4834 4835
l 4836 4837
l 4838 4839
l 4840 4841
l 4842 4843
l 4844 4845
l 4846 4847
l 4848 4849
l 4850 4851
l 4852 4853
l 4854 4855
l 4856 4857
l 4858 4859
l 4860 4861
l 4862 4863
l 4864 4865
l 4866 4867
l 4868 4869
l 4870 4871
l 4872 4873
l 4874 4875
l 4876 4877
l 4878 4879
l 4880 4881
l 4882 4883
l 4884 4885
l 4886 4887
l 4888 4889
l 4890 4891
l 4892 4893
l 4894 4895
l 4896 4897
l 4898 4899
l 4900 4901
l 4902 4903
l 4904 4905
l 4906 4907
l 4908 4909
l 4910 4911
l 4912 4913
l 4914 4915
l 4916 4917
l 4918 4919
l 4920 4921
l 4922 4923
l 4924 4925
l 4926 4927
l 4928 4929
l 4930 4931
l 4932 4933
l 4934 4935
l 4936 4937
l 4938 4939
l 4940 4941
l 4942 4943
l 4944 4945
l 4946 4947
l 4948 4949
l 4950 4951
l 4952 4953
l 4954 4955
l 4956 4957
l 4958 4959
l 4960 4961
l 4962 4963
l 4964 4965
l 4966 4967
l 4968 4969
l 4970 4971
l 4972 4973
l 4974 4975
l 4976 4977
l 4978 4979
l 4980 4981
l 4982 4983
l 4984 4985
l 4986 4987
l 4988 4989
l 4990 4991
l 4992 4993
l 4994 4995
l 4996 4997
l 4998 4999
l 5000 5001
l 5002 5003
l 5004 5005
l 5006 5007
l 5008 5009
l 5010 5011
l 5012 5013
l 5014 5015
l 5016 5017
l 5018 5019
l 5020 5021
l 5022 5023
l 5024 5025
l 5026 5027
l 5028 5029
l 5030 5031
l 5032 5033
l 5034 5035
l 5036 5037
l 5038 5039
l 5040 5041
l 5042 5043
l 5044 5045
l 5046 5047
l 5048 5049
l 5050 5051
l 5052 5053
l 5054 5055
l 5056 5057
l 5058 5059
l 5060 5061
l 5062 5063
l 5064 5065
l 5066 5067
l 5068 5069
l 5070 5071
l 5072 5073
l 5074 5075
l 5076 5077
l 5078 5079
l 5080 5081
l 5082 5083
l 5084 5085
l 5086 5087
l 5088 5089
l 5090 5091
l 5092 5093
l 5094 5095
l 5096 5097
l 5098 5099
l 5100 5101
l 5102 5103
l 5104 5105
l 5106 5107
l 5108 5109
l 5110 5111
l 5112 5113
l 5114 5115
l 5116 5117
l 5118 5119
l 5120 5121
l 5122 5123
l 5124 5125
l 5126 5127
l 5128 5129
l 5130 5131
l 5132 5133
l 5134 5135
l 5136 5137
l 5138 5139
l 5140 5141
l 5142 5143
l 5144 5145
l 5146 5147
l 5148 5149
l 5150 5151
l 5152 5153
l 5154 5155
l 5156 5157
l 5158 5159
l 5160 5161
o sensor
usemtl lima_solido
v -0.9199999999999999 2.9900000035762786 2.9
v -0.9199999999999999 2.9900000035762786 2.9
v -0.9199999999999999 2.9900000035762786 2.9
v -0.9199999999999999 2.9900000035762786 2.9
v -0.9199999999999999 2.9900000035762786 2.9
v -0.9199999999999999 2.9900000035762786 2.9
v -0.9199999999999999 2.9900000035762786 2.9
v -0.9199999999999999 2.9900000035762786 2.9
v -0.9199999999999999 2.9900000035762786 2.9
v -0.9199999999999999 2.9900000035762786 2.9
v -0.9199999999999999 2.9900000035762786 2.9
v -0.9544415083527564 2.983149157464504 2.9
v -0.9478637651354074 2.983149157464504 2.9202442109584807
v -0.9306430118903517 2.983149157464504 2.932755821943283
v -0.9093569881096482 2.983149157464504 2.932755821943283
v -0.8921362348645925 2.983149157464504 2.9202442109584807
v -0.8855584916472434 2.983149157464504 2.9
v -0.8921362348645925 2.983149157464504 2.879755789041519
v -0.9093569881096482 2.983149157464504 2.867244178056717
v -0.9306430118903517 2.983149157464504 2.867244178056717
v -0.9478637651354074 2.983149157464504 2.879755789041519
v -0.9544415083527564 2.983149157464504 2.9
v -0.983639611005783 2.963639611005783 2.9
v -0.971485527306795 2.963639611005783 2.937406425923109
v -0.9396657218039035 2.963639611005783 2.9605248659849166
v -0.9003342781960963 2.963639611005783 2.9605248659849166
v -0.8685144726932048 2.963639611005783 2.937406425923109
v -0.8563603889942168 2.963639611005783 2.9
v -0.8685144726932048 2.963639611005783 2.862593574076891
v -0.9003342781960963 2.963639611005783 2.8394751340150832
v -0.9396657218039035 2.963639611005783 2.8394751340150832
v -0.971485527306795 2.963639611005783 2.862593574076891
v -0.983639611005783 2.963639611005783 2.9
v -1.0031491574645042 2.9344415083527564 2.9
v -0.9872690793871879 2.9344415083527564 2.9488738492131232
v -0.9456945025175809 2.9344415083527564 2.979079546034336
v -0.8943054974824189 2.9344415083527564 2.979079546034336
v -0.852730920612812 2.9344415083527564 2.9488738492131232
v -0.8368508425354957 2.9344415083527564 2.9
v -0.852730920612812 2.9344415083527564 2.8511261507868766
v -0.8943054974824189 2.9344415083527564 2.820920453965664
v -0.9456945025175809 2.9344415083527564 2.820920453965664
v -0.9872690793871879 2.9344415083527564 2.8511261507868766
v -1.0031491574645042 2.9344415083527564 2.9
v -1.0100000035762786 2.9 2.9
v -0.9928115290403365 2.9 2.9529006719589233
v -0.9478115291148423 2.9 2.9855950862169265
v -0.8921884708851575 2.9 2.9855950862169265
v -0.8471884709596633 2.9 2.9529006719589233
v -0.8299999964237212 2.9 2.9
v -0.8471884709596633 2.9 2.8470993280410766
v -0.8921884708851575 2.9 2.8144049137830733
v -0.9478115291148423 2.9 2.8144049137830733
v -0.9928115290403365 2.9 2.8470993280410766
v -1.0100000035762786 2.9 2.9
v -1.0031491574645042 2.8655584916472434 2.9
v -0.9872690793871879 2.8655584916472434 2.9488738492131232
v -0.9456945025175809 2.8655584916472434 2.979079546034336
v -0.8943054974824189 2.8655584916472434 2.979079546034336
v -0.852730920612812 2.8655584916472434 2.9488738492131232
v -0.8368508425354957 2.8655584916472434 2.9
v -0.852730920612812 2.8655584916472434 2.8511261507868766
v -0.8943054974824189 2.8655584916472434 2.820920453965664
v -0.9456945025175809 2.8655584916472434 2.820920453965664
v -0.9872690793871879 2.8655584916472434 2.8511261507868766
v -1.0031491574645042 2.8655584916472434 2.9
v -0.983639611005783 2.836360388994217 2.9
v -0.971485527306795 2.836360388994217 2.937406425923109
v -0.9396657218039035 2.836360388994217 2.9605248659849166
v -0.9003342781960963 2.836360388994217 2.9605248659849166
v -0.8685144726932048 2.836360388994217 2.937406425923109
v -0.8563603889942168 2.836360388994217 2.9
v -0.8685144726932048 2.836360388994217 2.862593574076891
v -0.9003342781960963 2.836360388994217 2.8394751340150832
v -0.9396657218039035 2.836360388994217 2.8394751340150832
v -0.971485527306795 2.836360388994217 2.862593574076891
v -0.983639611005783 2.836360388994217 2.9
v -0.9544415083527564 2.8168508425354957 2.9
v -0.9478637651354074 2.8168508425354957 2.9202442109584807
v -0.9306430118903517 2.8168508425354957 2.932755821943283
v -0.9093569881096482 2.8168508425354957 2.932755821943283
v -0.8921362348645925 2.8168508425354957 2.9202442109584807
v -0.8855584916472434 2.8168508425354957 2.9
v -0.8921362348645925 2.8168508425354957 2.879755789041519
v -0.9093569881096482 2.8168508425354957 2.867244178056717
v -0.9306430118903517 2.8168508425354957 2.867244178056717
v -0.9478637651354074 2.8168508425354957 2.879755789041519
v -0.9544415083527564 2.8168508425354957 2.9
v -0.9199999999999999 2.8099999964237212 2.9
v -0.9199999999999999 2.8099999964237212 2.9
v -0.9199999999999999 2.8099999964237212 2.9
v -0.9199999999999999 2.8099999964237212 2.9
v -0.9199999999999999 2.8099999964237212 2.9
v -0.9199999999999999 2.8099999964237212 2.9
v -0.9199999999999999 2.8099999964237212 2.9
v -0.9199999999999999 2.8099999964237212 2.9
v -0.9199999999999999 2.8099999964237212 2.9
v -0.9199999999999999 2.8099999964237212 2.9
v -0.9199999999999999 2.8099999964237212 2.9
vt 0.05000000074505806 1
vt 0.15000000596046448 1
vt 0.25 1
vt 0.3499999940395355 1
vt 0.44999998807907104 1
vt 0.550000011920929 1
vt 0.6499999761581421 1
vt 0.75 1
vt 0.8500000238418579 1
vt 0.949999988079071 1
vt 1.0499999523162842 1
vt 0 0.875
vt 0.10000000149011612 0.875
vt 0.20000000298023224 0.875
vt 0.30000001192092896 0.875
vt 0.4000000059604645 0.875
vt 0.5 0.875
vt 0.6000000238418579 0.875
vt 0.699999988079071 0.875
vt 0.800000011920929 0.875
vt 0.8999999761581421 0.875
vt 1 0.875
vt 0 0.75
vt 0.10000000149011612 0.75
vt 0.20000000298023224 0.75
vt 0.30000001192092896 0.75
vt 0.4000000059604645 0.75
vt 0.5 0.75
vt 0.6000000238418579 0.75
vt 0.699999988079071 0.75
vt 0.800000011920929 0.75
vt 0.8999999761581421 0.75
vt 1 0.75
vt 0 0.625
vt 0.10000000149011612 0.625
vt 0.20000000298023224 0.625
vt 0.30000001192092896 0.625
vt 0.4000000059604645 0.625
vt 0.5 0.625
vt 0.6000000238418579 0.625
vt 0.699999988079071 0.625
vt 0.800000011920929 0.625
vt 0.8999999761581421 0.625
vt 1 0.625
vt 0 0.5
vt 0.10000000149011612 0.5
vt 0.20000000298023224 0.5
vt 0.30000001192092896 0.5
vt 0.4000000059604645 0.5
vt 0.5 0.5
vt 0.6000000238418579 0.5
vt 0.699999988079071 0.5
vt 0.800000011920929 0.5
vt 0.8999999761581421 0.5
vt 1 0.5
vt 0 0.375
vt 0.10000000149011612 0.375
vt 0.20000000298023224 0.375
vt 0.30000001192092896 0.375
vt 0.4000000059604645 0.375
vt 0.5 0.375
vt 0.6000000238418579 0.375
vt 0.699999988079071 0.375
vt 0.800000011920929 0.375
vt 0.8999999761581421 0.375
vt 1 0.375
vt 0 0.25
vt 0.10000000149011612 0.25
vt 0.20000000298023224 0.25
vt 0.30000001192092896 0.25
vt 0.4000000059604645 0.25
vt 0.5 0.25
vt 0.6000000238418579 0.25
vt 0.699999988079071 0.25
vt 0.800000011920929 0.25
vt 0.8999999761581421 0.25
vt 1 0.25
vt 0 0.125
vt 0.10000000149011612 0.125
vt 0.20000000298023224 0.125
vt 0.30000001192092896 0.125
vt 0.4000000059604645 0.125
vt 0.5 0.125
vt 0.6000000238418579 0.125
vt 0.699999988079071 0.125
vt 0.800000011920929 0.125
vt 0.8999999761581421 0.125
vt 1 0.125
vt -0.05000000074505806 0
vt 0.05000000074505806 0
vt 0.15000000596046448 0
vt 0.25 0
vt 0.3499999940395355 0
vt 0.44999998807907104 0
vt 0.550000011920929 0
vt 0.6499999761581421 0
vt 0.75 0
vt 0.8500000238418579 0
vt 0.949999988079071 0
vn 0 1 0
vn 0 1 0
vn 0 1 0
vn 0 1 0
vn 0 1 0
vn 0 1 0
vn 0 1 0
vn 0 1 0
vn 0 1 0
vn 0 1 0
vn 0 1 0
vn -0.3826834370613369 0.9238795305660377 0
vn -0.30959741046821454 0.9238795270537845 0.22493568619107826
vn -0.11825568589945505 0.9238795324059993 0.36395357170073417
vn 0.11825568589945505 0.9238795324059993 0.36395357170073417
vn 0.30959741046821454 0.9238795270537845 0.22493568619107826
vn 0.3826834370613369 0.9238795305660377 4.686520603449003e-17
vn 0.30959741046821454 0.9238795270537845 -0.22493568619107826
vn 0.11825568589945505 0.9238795324059993 -0.36395357170073417
vn -0.11825568589945505 0.9238795324059993 -0.36395357170073417
vn -0.30959741046821454 0.9238795270537845 -0.22493568619107826
vn -0.3826834370613369 0.9238795305660377 -9.373041206898005e-17
vn -0.7071067811865476 0.7071067811865476 0
vn -0.5720614176588762 0.7071067668252459 0.41562694178321036
vn -0.21850800555373517 0.7071067704166476 0.6724985254555338
vn 0.21850800555373517 0.7071067704166476 0.6724985254555338
vn 0.5720614176588762 0.7071067668252459 0.41562694178321036
vn 0.7071067811865476 0.7071067811865476 8.659560751628624e-17
vn 0.5720614176588762 0.7071067668252459 -0.41562694178321036
vn 0.21850800555373517 0.7071067704166476 -0.6724985254555338
vn -0.21850800555373517 0.7071067704166476 -0.6724985254555338
vn -0.5720614176588762 0.7071067668252459 -0.41562694178321036
vn -0.7071067811865476 0.7071067811865476 -1.7319121503257247e-16
vn -0.9238795305660377 0.3826834370613369 0
vn -0.7474342453230138 0.38268341941514195 0.5430427694235064
vn -0.28549448151266615 0.38268343278472655 0.878661647790497
vn 0.28549448151266615 0.38268343278472655 0.878661647790497
vn 0.7474342453230138 0.38268341941514195 0.5430427694235064
vn 0.9238795305660377 0.3826834370613369 1.131426144463939e-16
vn 0.7474342453230138 0.38268341941514195 -0.5430427694235064
vn 0.28549448151266615 0.38268343278472655 -0.878661647790497
vn -0.28549448151266615 0.38268343278472655 -0.878661647790497
vn -0.7474342453230138 0.38268341941514195 -0.5430427694235064
vn -0.9238795305660377 0.3826834370613369 -2.262852288927878e-16
vn -1 6.123234262925839e-17 0
vn -0.8090170011595983 6.123234252155896e-17 0.5877852429542022
vn -0.3090169948284817 6.123234109277411e-17 0.9510565161477913
vn 0.3090169948284817 6.123234109277411e-17 0.9510565161477913
vn 0.8090170011595983 6.123234252155896e-17 0.5877852429542022
vn 1 6.123234262925839e-17 1.2246468525851679e-16
vn 0.8090170011595983 6.123234252155896e-17 -0.5877852429542022
vn 0.3090169948284817 6.123234109277411e-17 -0.9510565161477913
vn -0.3090169948284817 6.123234109277411e-17 -0.9510565161477913
vn -0.8090170011595983 6.123234252155896e-17 -0.5877852429542022
vn -1 6.123234262925839e-17 -2.4492937051703357e-16
vn -0.9238795305660377 -0.3826834370613369 0
vn -0.7474342453230138 -0.38268341941514195 0.5430427694235064
vn -0.28549448151266615 -0.38268343278472655 0.878661647790497
vn 0.28549448151266615 -0.38268343278472655 0.878661647790497
vn 0.7474342453230138 -0.38268341941514195 0.5430427694235064
vn 0.9238795305660377 -0.3826834370613369 1.131426144463939e-16
vn 0.7474342453230138 -0.38268341941514195 -0.5430427694235064
vn 0.28549448151266615 -0.38268343278472655 -0.878661647790497
vn -0.28549448151266615 -0.38268343278472655 -0.878661647790497
vn -0.7474342453230138 -0.38268341941514195 -0.5430427694235064
vn -0.9238795305660377 -0.3826834370613369 -2.262852288927878e-16
vn -0.7071067811865476 -0.7071067811865476 0
vn -0.5720614176588762 -0.7071067668252459 0.41562694178321036
vn -0.21850800555373517 -0.7071067704166476 0.6724985254555338
vn 0.21850800555373517 -0.7071067704166476 0.6724985254555338
vn 0.5720614176588762 -0.7071067668252459 0.41562694178321036
vn 0.7071067811865476 -0.7071067811865476 8.659560751628624e-17
vn 0.5720614176588762 -0.7071067668252459 -0.41562694178321036
vn 0.21850800555373517 -0.7071067704166476 -0.6724985254555338
vn -0.21850800555373517 -0.7071067704166476 -0.6724985254555338
vn -0.5720614176588762 -0.7071067668252459 -0.41562694178321036
vn -0.7071067811865476 -0.7071067811865476 -1.7319121503257247e-16
vn -0.3826834370613369 -0.9238795305660377 0
vn -0.30959741046821454 -0.9238795270537845 0.22493568619107826
vn -0.11825568589945505 -0.9238795324059993 0.36395357170073417
vn 0.11825568589945505 -0.9238795324059993 0.36395357170073417
vn 0.30959741046821454 -0.9238795270537845 0.22493568619107826
vn 0.3826834370613369 -0.9238795305660377 4.686520603449003e-17
vn 0.30959741046821454 -0.9238795270537845 -0.22493568619107826
vn 0.11825568589945505 -0.9238795324059993 -0.36395357170073417
vn -0.11825568589945505 -0.9238795324059993 -0.36395357170073417
vn -0.30959741046821454 -0.9238795270537845 -0.22493568619107826
vn -0.3826834370613369 -0.9238795305660377 -9.373041206898005e-17
vn -1.2246468525851679e-16 -1 0
vn -9.907600785479212e-17 -1 7.198293111792428e-17
vn -3.7843668534256176e-17 -1 1.1647082866083914e-16
vn 3.7843668534256176e-17 -1 1.1647082866083914e-16
vn 9.907600785479212e-17 -1 7.198293111792428e-17
vn 1.2246468525851679e-16 -1 1.4997597572211942e-32
vn 9.907600785479212e-17 -1 -7.198293111792428e-17
vn 3.7843668534256176e-17 -1 -1.1647082866083914e-16
vn -3.7843668534256176e-17 -1 -1.1647082866083914e-16
vn -9.907600785479212e-17 -1 -7.198293111792428e-17
vn -1.2246468525851679e-16 -1 -2.9995195144423884e-32
f 5162/2190/2190 5173/2201/2201 5174/2202/2202
f 5163/2191/2191 5174/2202/2202 5175/2203/2203
f 5164/2192/2192 5175/2203/2203 5176/2204/2204
f 5165/2193/2193 5176/2204/2204 5177/2205/2205
f 5166/2194/2194 5177/2205/2205 5178/2206/2206
f 5167/2195/2195 5178/2206/2206 5179/2207/2207
f 5168/2196/2196 5179/2207/2207 5180/2208/2208
f 5169/2197/2197 5180/2208/2208 5181/2209/2209
f 5170/2198/2198 5181/2209/2209 5182/2210/2210
f 5171/2199/2199 5182/2210/2210 5183/2211/2211
f 5174/2202/2202 5173/2201/2201 5185/2213/2213
f 5173/2201/2201 5184/2212/2212 5185/2213/2213
f 5175/2203/2203 5174/2202/2202 5186/2214/2214
f 5174/2202/2202 5185/2213/2213 5186/2214/2214
f 5176/2204/2204 5175/2203/2203 5187/2215/2215
f 5175/2203/2203 5186/2214/2214 5187/2215/2215
f 5177/2205/2205 5176/2204/2204 5188/2216/2216
f 5176/2204/2204 5187/2215/2215 5188/2216/2216
f 5178/2206/2206 5177/2205/2205 5189/2217/2217
f 5177/2205/2205 5188/2216/2216 5189/2217/2217
f 5179/2207/2207 5178/2206/2206 5190/2218/2218
f 5178/2206/2206 5189/2217/2217 5190/2218/2218
f 5180/2208/2208 5179/2207/2207 5191/2219/2219
f 5179/2207/2207 5190/2218/2218 5191/2219/2219
f 5181/2209/2209 5180/2208/2208 5192/2220/2220
f 5180/2208/2208 5191/2219/2219 5192/2220/2220
f 5182/2210/2210 5181/2209/2209 5193/2221/2221
f 5181/2209/2209 5192/2220/2220 5193/2221/2221
f 5183/2211/2211 5182/2210/2210 5194/2222/2222
f 5182/2210/2210 5193/2221/2221 5194/2222/2222
f 5185/2213/2213 5184/2212/2212 5196/2224/2224
f 5184/2212/2212 5195/2223/2223 5196/2224/2224
f 5186/2214/2214 5185/2213/2213 5197/2225/2225
f 5185/2213/2213 5196/2224/2224 5197/2225/2225
f 5187/2215/2215 5186/2214/2214 5198/2226/2226
f 5186/2214/2214 5197/2225/2225 5198/2226/2226
f 5188/2216/2216 5187/2215/2215 5199/2227/2227
f 5187/2215/2215 5198/2226/2226 5199/2227/2227
f 5189/2217/2217 5188/2216/2216 5200/2228/2228
f 5188/2216/2216 5199/2227/2227 5200/2228/2228
f 5190/2218/2218 5189/2217/2217 5201/2229/2229
f 5189/2217/2217 5200/2228/2228 5201/2229/2229
f 5191/2219/2219 5190/2218/2218 5202/2230/2230
f 5190/2218/2218 5201/2229/2229 5202/2230/2230
f 5192/2220/2220 5191/2219/2219 5203/2231/2231
f 5191/2219/2219 5202/2230/2230 5203/2231/2231
f 5193/2221/2221 5192/2220/2220 5204/2232/2232
f 5192/2220/2220 5203/2231/2231 5204/2232/2232
f 5194/2222/2222 5193/2221/2221 5205/2233/2233
f 5193/2221/2221 5204/2232/2232 5205/2233/2233
f 5196/2224/2224 5195/2223/2223 5207/2235/2235
f 5195/2223/2223 5206/2234/2234 5207/2235/2235
f 5197/2225/2225 5196/2224/2224 5208/2236/2236
f 5196/2224/2224 5207/2235/2235 5208/2236/2236
f 5198/2226/2226 5197/2225/2225 5209/2237/2237
f 5197/2225/2225 5208/2236/2236 5209/2237/2237
f 5199/2227/2227 5198/2226/2226 5210/2238/2238
f 5198/2226/2226 5209/2237/2237 5210/2238/2238
f 5200/2228/2228 5199/2227/2227 5211/2239/2239
f 5199/2227/2227 5210/2238/2238 5211/2239/2239
f 5201/2229/2229 5200/2228/2228 5212/2240/2240
f 5200/2228/2228 5211/2239/2239 5212/2240/2240
f 5202/2230/2230 5201/2229/2229 5213/2241/2241
f 5201/2229/2229 5212/2240/2240 5213/2241/2241
f 5203/2231/2231 5202/2230/2230 5214/2242/2242
f 5202/2230/2230 5213/2241/2241 5214/2242/2242
f 5204/2232/2232 5203/2231/2231 5215/2243/2243
f 5203/2231/2231 5214/2242/2242 5215/2243/2243
f 5205/2233/2233 5204/2232/2232 5216/2244/2244
f 5204/2232/2232 5215/2243/2243 5216/2244/2244
f 5207/2235/2235 5206/2234/2234 5218/2246/2246
f 5206/2234/2234 5217/2245/2245 5218/2246/2246
f 5208/2236/2236 5207/2235/2235 5219/2247/2247
f 5207/2235/2235 5218/2246/2246 5219/2247/2247
f 5209/2237/2237 5208/2236/2236 5220/2248/2248
f 5208/2236/2236 5219/2247/2247 5220/2248/2248
f 5210/2238/2238 5209/2237/2237 5221/2249/2249
f 5209/2237/2237 5220/2248/2248 5221/2249/2249
f 5211/2239/2239 5210/2238/2238 5222/2250/2250
f 5210/2238/2238 5221/2249/2249 5222/2250/2250
f 5212/2240/2240 5211/2239/2239 5223/2251/2251
f 5211/2239/2239 5222/2250/2250 5223/2251/2251
f 5213/2241/2241 5212/2240/2240 5224/2252/2252
f 5212/2240/2240 5223/2251/2251 5224/2252/2252
f 5214/2242/2242 5213/2241/2241 5225/2253/2253
f 5213/2241/2241 5224/2252/2252 5225/2253/2253
f 5215/2243/2243 5214/2242/2242 5226/2254/2254
f 5214/2242/2242 5225/2253/2253 5226/2254/2254
f 5216/2244/2244 5215/2243/2243 5227/2255/2255
f 5215/2243/2243 5226/2254/2254 5227/2255/2255
f 5218/2246/2246 5217/2245/2245 5229/2257/2257
f 5217/2245/2245 5228/2256/2256 5229/2257/2257
f 5219/2247/2247 5218/2246/2246 5230/2258/2258
f 5218/2246/2246 5229/2257/2257 5230/2258/2258
f 5220/2248/2248 5219/2247/2247 5231/2259/2259
f 5219/2247/2247 5230/2258/2258 5231/2259/2259
f 5221/2249/2249 5220/2248/2248 5232/2260/2260
f 5220/2248/2248 5231/2259/2259 5232/2260/2260
f 5222/2250/2250 5221/2249/2249 5233/2261/2261
f 5221/2249/2249 5232/2260/2260 5233/2261/2261
f 5223/2251/2251 5222/2250/2250 5234/2262/2262
f 5222/2250/2250 5233/2261/2261 5234/2262/2262
f 5224/2252/2252 5223/2251/2251 5235/2263/2263
f 5223/2251/2251 5234/2262/2262 5235/2263/2263
f 5225/2253/2253 5224/2252/2252 5236/2264/2264
f 5224/2252/2252 5235/2263/2263 5236/2264/2264
f 5226/2254/2254 5225/2253/2253 5237/2265/2265
f 5225/2253/2253 5236/2264/2264 5237/2265/2265
f 5227/2255/2255 5226/2254/2254 5238/2266/2266
f 5226/2254/2254 5237/2265/2265 5238/2266/2266
f 5229/2257/2257 5228/2256/2256 5240/2268/2268
f 5228/2256/2256 5239/2267/2267 5240/2268/2268
f 5230/2258/2258 5229/2257/2257 5241/2269/2269
f 5229/2257/2257 5240/2268/2268 5241/2269/2269
f 5231/2259/2259 5230/2258/2258 5242/2270/2270
f 5230/2258/2258 5241/2269/2269 5242/2270/2270
f 5232/2260/2260 5231/2259/2259 5243/2271/2271
f 5231/2259/2259 5242/2270/2270 5243/2271/2271
f 5233/2261/2261 5232/2260/2260 5244/2272/2272
f 5232/2260/2260 5243/2271/2271 5244/2272/2272
f 5234/2262/2262 5233/2261/2261 5245/2273/2273
f 5233/2261/2261 5244/2272/2272 5245/2273/2273
f 5235/2263/2263 5234/2262/2262 5246/2274/2274
f 5234/2262/2262 5245/2273/2273 5246/2274/2274
f 5236/2264/2264 5235/2263/2263 5247/2275/2275
f 5235/2263/2263 5246/2274/2274 5247/2275/2275
f 5237/2265/2265 5236/2264/2264 5248/2276/2276
f 5236/2264/2264 5247/2275/2275 5248/2276/2276
f 5238/2266/2266 5237/2265/2265 5249/2277/2277
f 5237/2265/2265 5248/2276/2276 5249/2277/2277
f 5240/2268/2268 5239/2267/2267 5251/2279/2279
f 5241/2269/2269 5240/2268/2268 5252/2280/2280
f 5242/2270/2270 5241/2269/2269 5253/2281/2281
f 5243/2271/2271 5242/2270/2270 5254/2282/2282
f 5244/2272/2272 5243/2271/2271 5255/2283/2283
f 5245/2273/2273 5244/2272/2272 5256/2284/2284
f 5246/2274/2274 5245/2273/2273 5257/2285/2285
f 5247/2275/2275 5246/2274/2274 5258/2286/2286
f 5248/2276/2276 5247/2275/2275 5259/2287/2287
f 5249/2277/2277 5248/2276/2276 5260/2288/2288
o sensor
usemtl lima_solido
v -0.9199999999999999 1.9900000035762786 3.7
v -0.9199999999999999 1.9900000035762786 3.7
v -0.9199999999999999 1.9900000035762786 3.7
v -0.9199999999999999 1.9900000035762786 3.7
v -0.9199999999999999 1.9900000035762786 3.7
v -0.9199999999999999 1.9900000035762786 3.7
v -0.9199999999999999 1.9900000035762786 3.7
v -0.9199999999999999 1.9900000035762786 3.7
v -0.9199999999999999 1.9900000035762786 3.7
v -0.9199999999999999 1.9900000035762786 3.7
v -0.9199999999999999 1.9900000035762786 3.7
v -0.9544415083527564 1.9831491574645042 3.7
v -0.9478637651354074 1.9831491574645042 3.720244210958481
v -0.9306430118903517 1.9831491574645042 3.7327558219432833
v -0.9093569881096482 1.9831491574645042 3.7327558219432833
v -0.8921362348645925 1.9831491574645042 3.720244210958481
v -0.8855584916472434 1.9831491574645042 3.7
v -0.8921362348645925 1.9831491574645042 3.6797557890415193
v -0.9093569881096482 1.9831491574645042 3.667244178056717
v -0.9306430118903517 1.9831491574645042 3.667244178056717
v -0.9478637651354074 1.9831491574645042 3.6797557890415193
v -0.9544415083527564 1.9831491574645042 3.7
v -0.983639611005783 1.963639611005783 3.7
v -0.971485527306795 1.963639611005783 3.7374064259231092
v -0.9396657218039035 1.963639611005783 3.760524865984917
v -0.9003342781960963 1.963639611005783 3.760524865984917
v -0.8685144726932048 1.963639611005783 3.7374064259231092
v -0.8563603889942168 1.963639611005783 3.7
v -0.8685144726932048 1.963639611005783 3.662593574076891
v -0.9003342781960963 1.963639611005783 3.6394751340150835
v -0.9396657218039035 1.963639611005783 3.6394751340150835
v -0.971485527306795 1.963639611005783 3.662593574076891
v -0.983639611005783 1.963639611005783 3.7
v -1.0031491574645042 1.9344415083527564 3.7
v -0.9872690793871879 1.9344415083527564 3.7488738492131235
v -0.9456945025175809 1.9344415083527564 3.7790795460343363
v -0.8943054974824189 1.9344415083527564 3.7790795460343363
v -0.852730920612812 1.9344415083527564 3.7488738492131235
v -0.8368508425354957 1.9344415083527564 3.7
v -0.852730920612812 1.9344415083527564 3.651126150786877
v -0.8943054974824189 1.9344415083527564 3.620920453965664
v -0.9456945025175809 1.9344415083527564 3.620920453965664
v -0.9872690793871879 1.9344415083527564 3.651126150786877
v -1.0031491574645042 1.9344415083527564 3.7
v -1.0100000035762786 1.9 3.7
v -0.9928115290403365 1.9 3.7529006719589235
v -0.9478115291148423 1.9 3.7855950862169268
v -0.8921884708851575 1.9 3.7855950862169268
v -0.8471884709596633 1.9 3.7529006719589235
v -0.8299999964237212 1.9 3.7
v -0.8471884709596633 1.9 3.647099328041077
v -0.8921884708851575 1.9 3.6144049137830736
v -0.9478115291148423 1.9 3.6144049137830736
v -0.9928115290403365 1.9 3.647099328041077
v -1.0100000035762786 1.9 3.7
v -1.0031491574645042 1.8655584916472434 3.7
v -0.9872690793871879 1.8655584916472434 3.7488738492131235
v -0.9456945025175809 1.8655584916472434 3.7790795460343363
v -0.8943054974824189 1.8655584916472434 3.7790795460343363
v -0.852730920612812 1.8655584916472434 3.7488738492131235
v -0.8368508425354957 1.8655584916472434 3.7
v -0.852730920612812 1.8655584916472434 3.651126150786877
v -0.8943054974824189 1.8655584916472434 3.620920453965664
v -0.9456945025175809 1.8655584916472434 3.620920453965664
v -0.9872690793871879 1.8655584916472434 3.651126150786877
v -1.0031491574645042 1.8655584916472434 3.7
v -0.983639611005783 1.8363603889942168 3.7
v -0.971485527306795 1.8363603889942168 3.7374064259231092
v -0.9396657218039035 1.8363603889942168 3.760524865984917
v -0.9003342781960963 1.8363603889942168 3.760524865984917
v -0.8685144726932048 1.8363603889942168 3.7374064259231092
v -0.8563603889942168 1.8363603889942168 3.7
v -0.8685144726932048 1.8363603889942168 3.662593574076891
v -0.9003342781960963 1.8363603889942168 3.6394751340150835
v -0.9396657218039035 1.8363603889942168 3.6394751340150835
v -0.971485527306795 1.8363603889942168 3.662593574076891
v -0.983639611005783 1.8363603889942168 3.7
v -0.9544415083527564 1.8168508425354957 3.7
v -0.9478637651354074 1.8168508425354957 3.720244210958481
v -0.9306430118903517 1.8168508425354957 3.7327558219432833
v -0.9093569881096482 1.8168508425354957 3.7327558219432833
v -0.8921362348645925 1.8168508425354957 3.720244210958481
v -0.8855584916472434 1.8168508425354957 3.7
v -0.8921362348645925 1.8168508425354957 3.6797557890415193
v -0.9093569881096482 1.8168508425354957 3.667244178056717
v -0.9306430118903517 1.8168508425354957 3.667244178056717
v -0.9478637651354074 1.8168508425354957 3.6797557890415193
v -0.9544415083527564 1.8168508425354957 3.7
v -0.9199999999999999 1.8099999964237212 3.7
v -0.9199999999999999 1.8099999964237212 3.7
v -0.9199999999999999 1.8099999964237212 3.7
v -0.9199999999999999 1.8099999964237212 3.7
v -0.9199999999999999 1.8099999964237212 3.7
v -0.9199999999999999 1.8099999964237212 3.7
v -0.9199999999999999 1.8099999964237212 3.7
v -0.9199999999999999 1.8099999964237212 3.7
v -0.9199999999999999 1.8099999964237212 3.7
v -0.9199999999999999 1.8099999964237212 3.7
v -0.9199999999999999 1.8099999964237212 3.7
vt 0.05000000074505806 1
vt 0.15000000596046448 1
vt 0.25 1
vt 0.3499999940395355 1
vt 0.44999998807907104 1
vt 0.550000011920929 1
vt 0.6499999761581421 1
vt 0.75 1
vt 0.8500000238418579 1
vt 0.949999988079071 1
vt 1.0499999523162842 1
vt 0 0.875
vt 0.10000000149011612 0.875
vt 0.20000000298023224 0.875
vt 0.30000001192092896 0.875
vt 0.4000000059604645 0.875
vt 0.5 0.875
vt 0.6000000238418579 0.875
vt 0.699999988079071 0.875
vt 0.800000011920929 0.875
vt 0.8999999761581421 0.875
vt 1 0.875
vt 0 0.75
vt 0.10000000149011612 0.75
vt 0.20000000298023224 0.75
vt 0.30000001192092896 0.75
vt 0.4000000059604645 0.75
vt 0.5 0.75
vt 0.6000000238418579 0.75
vt 0.699999988079071 0.75
vt 0.800000011920929 0.75
vt 0.8999999761581421 0.75
vt 1 0.75
vt 0 0.625
vt 0.10000000149011612 0.625
vt 0.20000000298023224 0.625
vt 0.30000001192092896 0.625
vt 0.4000000059604645 0.625
vt 0.5 0.625
vt 0.6000000238418579 0.625
vt 0.699999988079071 0.625
vt 0.800000011920929 0.625
vt 0.8999999761581421 0.625
vt 1 0.625
vt 0 0.5
vt 0.10000000149011612 0.5
vt 0.20000000298023224 0.5
vt 0.30000001192092896 0.5
vt 0.4000000059604645 0.5
vt 0.5 0.5
vt 0.6000000238418579 0.5
vt 0.699999988079071 0.5
vt 0.800000011920929 0.5
vt 0.8999999761581421 0.5
vt 1 0.5
vt 0 0.375
vt 0.10000000149011612 0.375
vt 0.20000000298023224 0.375
vt 0.30000001192092896 0.375
vt 0.4000000059604645 0.375
vt 0.5 0.375
vt 0.6000000238418579 0.375
vt 0.699999988079071 0.375
vt 0.800000011920929 0.375
vt 0.8999999761581421 0.375
vt 1 0.375
vt 0 0.25
vt 0.10000000149011612 0.25
vt 0.20000000298023224 0.25
vt 0.30000001192092896 0.25
vt 0.4000000059604645 0.25
vt 0.5 0.25
vt 0.6000000238418579 0.25
vt 0.699999988079071 0.25
vt 0.800000011920929 0.25
vt 0.8999999761581421 0.25
vt 1 0.25
vt 0 0.125
vt 0.10000000149011612 0.125
vt 0.20000000298023224 0.125
vt 0.30000001192092896 0.125
vt 0.4000000059604645 0.125
vt 0.5 0.125
vt 0.6000000238418579 0.125
vt 0.699999988079071 0.125
vt 0.800000011920929 0.125
vt 0.8999999761581421 0.125
vt 1 0.125
vt -0.05000000074505806 0
vt 0.05000000074505806 0
vt 0.15000000596046448 0
vt 0.25 0
vt 0.3499999940395355 0
vt 0.44999998807907104 0
vt 0.550000011920929 0
vt 0.6499999761581421 0
vt 0.75 0
vt 0.8500000238418579 0
vt 0.949999988079071 0
vn 0 1 0
vn 0 1 0
vn 0 1 0
vn 0 1 0
vn 0 1 0
vn 0 1 0
vn 0 1 0
vn 0 1 0
vn 0 1 0
vn 0 1 0
vn 0 1 0
vn -0.3826834370613369 0.9238795305660377 0
vn -0.30959741046821454 0.9238795270537845 0.22493568619107826
vn -0.11825568589945505 0.9238795324059993 0.36395357170073417
vn 0.11825568589945505 0.9238795324059993 0.36395357170073417
vn 0.30959741046821454 0.9238795270537845 0.22493568619107826
vn 0.3826834370613369 0.9238795305660377 4.686520603449003e-17
vn 0.30959741046821454 0.9238795270537845 -0.22493568619107826
vn 0.11825568589945505 0.9238795324059993 -0.36395357170073417
vn -0.11825568589945505 0.9238795324059993 -0.36395357170073417
vn -0.30959741046821454 0.9238795270537845 -0.22493568619107826
vn -0.3826834370613369 0.9238795305660377 -9.373041206898005e-17
vn -0.7071067811865476 0.7071067811865476 0
vn -0.5720614176588762 0.7071067668252459 0.41562694178321036
vn -0.21850800555373517 0.7071067704166476 0.6724985254555338
vn 0.21850800555373517 0.7071067704166476 0.6724985254555338
vn 0.5720614176588762 0.7071067668252459 0.41562694178321036
vn 0.7071067811865476 0.7071067811865476 8.659560751628624e-17
vn 0.5720614176588762 0.7071067668252459 -0.41562694178321036
vn 0.21850800555373517 0.7071067704166476 -0.6724985254555338
vn -0.21850800555373517 0.7071067704166476 -0.6724985254555338
vn -0.5720614176588762 0.7071067668252459 -0.41562694178321036
vn -0.7071067811865476 0.7071067811865476 -1.7319121503257247e-16
vn -0.9238795305660377 0.3826834370613369 0
vn -0.7474342453230138 0.38268341941514195 0.5430427694235064
vn -0.28549448151266615 0.38268343278472655 0.878661647790497
vn 0.28549448151266615 0.38268343278472655 0.878661647790497
vn 0.7474342453230138 0.38268341941514195 0.5430427694235064
vn 0.9238795305660377 0.3826834370613369 1.131426144463939e-16
vn 0.7474342453230138 0.38268341941514195 -0.5430427694235064
vn 0.28549448151266615 0.38268343278472655 -0.878661647790497
vn -0.28549448151266615 0.38268343278472655 -0.878661647790497
vn -0.7474342453230138 0.38268341941514195 -0.5430427694235064
vn -0.9238795305660377 0.3826834370613369 -2.262852288927878e-16
vn -1 6.123234262925839e-17 0
vn -0.8090170011595983 6.123234252155896e-17 0.5877852429542022
vn -0.3090169948284817 6.123234109277411e-17 0.9510565161477913
vn 0.3090169948284817 6.123234109277411e-17 0.9510565161477913
vn 0.8090170011595983 6.123234252155896e-17 0.5877852429542022
vn 1 6.123234262925839e-17 1.2246468525851679e-16
vn 0.8090170011595983 6.123234252155896e-17 -0.5877852429542022
vn 0.3090169948284817 6.123234109277411e-17 -0.9510565161477913
vn -0.3090169948284817 6.123234109277411e-17 -0.9510565161477913
vn -0.8090170011595983 6.123234252155896e-17 -0.5877852429542022
vn -1 6.123234262925839e-17 -2.4492937051703357e-16
vn -0.9238795305660377 -0.3826834370613369 0
vn -0.7474342453230138 -0.38268341941514195 0.5430427694235064
vn -0.28549448151266615 -0.38268343278472655 0.878661647790497
vn 0.28549448151266615 -0.38268343278472655 0.878661647790497
vn 0.7474342453230138 -0.38268341941514195 0.5430427694235064
vn 0.9238795305660377 -0.3826834370613369 1.131426144463939e-16
vn 0.7474342453230138 -0.38268341941514195 -0.5430427694235064
vn 0.28549448151266615 -0.38268343278472655 -0.878661647790497
vn -0.28549448151266615 -0.38268343278472655 -0.878661647790497
vn -0.7474342453230138 -0.38268341941514195 -0.5430427694235064
vn -0.9238795305660377 -0.3826834370613369 -2.262852288927878e-16
vn -0.7071067811865476 -0.7071067811865476 0
vn -0.5720614176588762 -0.7071067668252459 0.41562694178321036
vn -0.21850800555373517 -0.7071067704166476 0.6724985254555338
vn 0.21850800555373517 -0.7071067704166476 0.6724985254555338
vn 0.5720614176588762 -0.7071067668252459 0.41562694178321036
vn 0.7071067811865476 -0.7071067811865476 8.659560751628624e-17
vn 0.5720614176588762 -0.7071067668252459 -0.41562694178321036
vn 0.21850800555373517 -0.7071067704166476 -0.6724985254555338
vn -0.21850800555373517 -0.7071067704166476 -0.6724985254555338
vn -0.5720614176588762 -0.7071067668252459 -0.41562694178321036
vn -0.7071067811865476 -0.7071067811865476 -1.7319121503257247e-16
vn -0.3826834370613369 -0.9238795305660377 0
vn -0.30959741046821454 -0.9238795270537845 0.22493568619107826
vn -0.11825568589945505 -0.9238795324059993 0.36395357170073417
vn 0.11825568589945505 -0.9238795324059993 0.36395357170073417
vn 0.30959741046821454 -0.9238795270537845 0.22493568619107826
vn 0.3826834370613369 -0.9238795305660377 4.686520603449003e-17
vn 0.30959741046821454 -0.9238795270537845 -0.22493568619107826
vn 0.11825568589945505 -0.9238795324059993 -0.36395357170073417
vn -0.11825568589945505 -0.9238795324059993 -0.36395357170073417
vn -0.30959741046821454 -0.9238795270537845 -0.22493568619107826
vn -0.3826834370613369 -0.9238795305660377 -9.373041206898005e-17
vn -1.2246468525851679e-16 -1 0
vn -9.907600785479212e-17 -1 7.198293111792428e-17
vn -3.7843668534256176e-17 -1 1.1647082866083914e-16
vn 3.7843668534256176e-17 -1 1.1647082866083914e-16
vn 9.907600785479212e-17 -1 7.198293111792428e-17
vn 1.2246468525851679e-16 -1 1.4997597572211942e-32
vn 9.907600785479212e-17 -1 -7.198293111792428e-17
vn 3.7843668534256176e-17 -1 -1.1647082866083914e-16
vn -3.7843668534256176e-17 -1 -1.1647082866083914e-16
vn -9.907600785479212e-17 -1 -7.198293111792428e-17
vn -1.2246468525851679e-16 -1 -2.9995195144423884e-32
f 5261/2289/2289 5272/2300/2300 5273/2301/2301
f 5262/2290/2290 5273/2301/2301 5274/2302/2302
f 5263/2291/2291 5274/2302/2302 5275/2303/2303
f 5264/2292/2292 5275/2303/2303 5276/2304/2304
f 5265/2293/2293 5276/2304/2304 5277/2305/2305
f 5266/2294/2294 5277/2305/2305 5278/2306/2306
f 5267/2295/2295 5278/2306/2306 5279/2307/2307
f 5268/2296/2296 5279/2307/2307 5280/2308/2308
f 5269/2297/2297 5280/2308/2308 5281/2309/2309
f 5270/2298/2298 5281/2309/2309 5282/2310/2310
f 5273/2301/2301 5272/2300/2300 5284/2312/2312
f 5272/2300/2300 5283/2311/2311 5284/2312/2312
f 5274/2302/2302 5273/2301/2301 5285/2313/2313
f 5273/2301/2301 5284/2312/2312 5285/2313/2313
f 5275/2303/2303 5274/2302/2302 5286/2314/2314
f 5274/2302/2302 5285/2313/2313 5286/2314/2314
f 5276/2304/2304 5275/2303/2303 5287/2315/2315
f 5275/2303/2303 5286/2314/2314 5287/2315/2315
f 5277/2305/2305 5276/2304/2304 5288/2316/2316
f 5276/2304/2304 5287/2315/2315 5288/2316/2316
f 5278/2306/2306 5277/2305/2305 5289/2317/2317
f 5277/2305/2305 5288/2316/2316 5289/2317/2317
f 5279/2307/2307 5278/2306/2306 5290/2318/2318
f 5278/2306/2306 5289/2317/2317 5290/2318/2318
f 5280/2308/2308 5279/2307/2307 5291/2319/2319
f 5279/2307/2307 5290/2318/2318 5291/2319/2319
f 5281/2309/2309 5280/2308/2308 5292/2320/2320
f 5280/2308/2308 5291/2319/2319 5292/2320/2320
f 5282/2310/2310 5281/2309/2309 5293/2321/2321
f 5281/2309/2309 5292/2320/2320 5293/2321/2321
f 5284/2312/2312 5283/2311/2311 5295/2323/2323
f 5283/2311/2311 5294/2322/2322 5295/2323/2323
f 5285/2313/2313 5284/2312/2312 5296/2324/2324
f 5284/2312/2312 5295/2323/2323 5296/2324/2324
f 5286/2314/2314 5285/2313/2313 5297/2325/2325
f 5285/2313/2313 5296/2324/2324 5297/2325/2325
f 5287/2315/2315 5286/2314/2314 5298/2326/2326
f 5286/2314/2314 5297/2325/2325 5298/2326/2326
f 5288/2316/2316 5287/2315/2315 5299/2327/2327
f 5287/2315/2315 5298/2326/2326 5299/2327/2327
f 5289/2317/2317 5288/2316/2316 5300/2328/2328
f 5288/2316/2316 5299/2327/2327 5300/2328/2328
f 5290/2318/2318 5289/2317/2317 5301/2329/2329
f 5289/2317/2317 5300/2328/2328 5301/2329/2329
f 5291/2319/2319 5290/2318/2318 5302/2330/2330
f 5290/2318/2318 5301/2329/2329 5302/2330/2330
f 5292/2320/2320 5291/2319/2319 5303/2331/2331
f 5291/2319/2319 5302/2330/2330 5303/2331/2331
f 5293/2321/2321 5292/2320/2320 5304/2332/2332
f 5292/2320/2320 5303/2331/2331 5304/2332/2332
f 5295/2323/2323 5294/2322/2322 5306/2334/2334
f 5294/2322/2322 5305/2333/2333 5306/2334/2334
f 5296/2324/2324 5295/2323/2323 5307/2335/2335
f 5295/2323/2323 5306/2334/2334 5307/2335/2335
f 5297/2325/2325 5296/2324/2324 5308/2336/2336
f 5296/2324/2324 5307/2335/2335 5308/2336/2336
f 5298/2326/2326 5297/2325/2325 5309/2337/2337
f 5297/2325/2325 5308/2336/2336 5309/2337/2337
f 5299/2327/2327 5298/2326/2326 5310/2338/2338
f 5298/2326/2326 5309/2337/2337 5310/2338/2338
f 5300/2328/2328 5299/2327/2327 5311/2339/2339
f 5299/2327/2327 5310/2338/2338 5311/2339/2339
f 5301/2329/2329 5300/2328/2328 5312/2340/2340
f 5300/2328/2328 5311/2339/2339 5312/2340/2340
f 5302/2330/2330 5301/2329/2329 5313/2341/2341
f 5301/2329/2329 5312/2340/2340 5313/2341/2341
f 5303/2331/2331 5302/2330/2330 5314/2342/2342
f 5302/2330/2330 5313/2341/2341 5314/2342/2342
f 5304/2332/2332 5303/2331/2331 5315/2343/2343
f 5303/2331/2331 5314/2342/2342 5315/2343/2343
f 5306/2334/2334 5305/2333/2333 5317/2345/2345
f 5305/2333/2333 5316/2344/2344 5317/2345/2345
f 5307/2335/2335 5306/2334/2334 5318/2346/2346
f 5306/2334/2334 5317/2345/2345 5318/2346/2346
f 5308/2336/2336 5307/2335/2335 5319/2347/2347
f 5307/2335/2335 5318/2346/2346 5319/2347/2347
f 5309/2337/2337 5308/2336/2336 5320/2348/2348
f 5308/2336/2336 5319/2347/2347 5320/2348/2348
f 5310/2338/2338 5309/2337/2337 5321/2349/2349
f 5309/2337/2337 5320/2348/2348 5321/2349/2349
f 5311/2339/2339 5310/2338/2338 5322/2350/2350
f 5310/2338/2338 5321/2349/2349 5322/2350/2350
f 5312/2340/2340 5311/2339/2339 5323/2351/2351
f 5311/2339/2339 5322/2350/2350 5323/2351/2351
f 5313/2341/2341 5312/2340/2340 5324/2352/2352
f 5312/2340/2340 5323/2351/2351 5324/2352/2352
f 5314/2342/2342 5313/2341/2341 5325/2353/2353
f 5313/2341/2341 5324/2352/2352 5325/2353/2353
f 5315/2343/2343 5314/2342/2342 5326/2354/2354
f 5314/2342/2342 5325/2353/2353 5326/2354/2354
f 5317/2345/2345 5316/2344/2344 5328/2356/2356
f 5316/2344/2344 5327/2355/2355 5328/2356/2356
f 5318/2346/2346 5317/2345/2345 5329/2357/2357
f 5317/2345/2345 5328/2356/2356 5329/2357/2357
f 5319/2347/2347 5318/2346/2346 5330/2358/2358
f 5318/2346/2346 5329/2357/2357 5330/2358/2358
f 5320/2348/2348 5319/2347/2347 5331/2359/2359
f 5319/2347/2347 5330/2358/2358 5331/2359/2359
f 5321/2349/2349 5320/2348/2348 5332/2360/2360
f 5320/2348/2348 5331/2359/2359 5332/2360/2360
f 5322/2350/2350 5321/2349/2349 5333/2361/2361
f 5321/2349/2349 5332/2360/2360 5333/2361/2361
f 5323/2351/2351 5322/2350/2350 5334/2362/2362
f 5322/2350/2350 5333/2361/2361 5334/2362/2362
f 5324/2352/2352 5323/2351/2351 5335/2363/2363
f 5323/2351/2351 5334/2362/2362 5335/2363/2363
f 5325/2353/2353 5324/2352/2352 5336/2364/2364
f 5324/2352/2352 5335/2363/2363 5336/2364/2364
f 5326/2354/2354 5325/2353/2353 5337/2365/2365
f 5325/2353/2353 5336/2364/2364 5337/2365/2365
f 5328/2356/2356 5327/2355/2355 5339/2367/2367
f 5327/2355/2355 5338/2366/2366 5339/2367/2367
f 5329/2357/2357 5328/2356/2356 5340/2368/2368
f 5328/2356/2356 5339/2367/2367 5340/2368/2368
f 5330/2358/2358 5329/2357/2357 5341/2369/2369
f 5329/2357/2357 5340/2368/2368 5341/2369/2369
f 5331/2359/2359 5330/2358/2358 5342/2370/2370
f 5330/2358/2358 5341/2369/2369 5342/2370/2370
f 5332/2360/2360 5331/2359/2359 5343/2371/2371
f 5331/2359/2359 5342/2370/2370 5343/2371/2371
f 5333/2361/2361 5332/2360/2360 5344/2372/2372
f 5332/2360/2360 5343/2371/2371 5344/2372/2372
f 5334/2362/2362 5333/2361/2361 5345/2373/2373
f 5333/2361/2361 5344/2372/2372 5345/2373/2373
f 5335/2363/2363 5334/2362/2362 5346/2374/2374
f 5334/2362/2362 5345/2373/2373 5346/2374/2374
f 5336/2364/2364 5335/2363/2363 5347/2375/2375
f 5335/2363/2363 5346/2374/2374 5347/2375/2375
f 5337/2365/2365 5336/2364/2364 5348/2376/2376
f 5336/2364/2364 5347/2375/2375 5348/2376/2376
f 5339/2367/2367 5338/2366/2366 5350/2378/2378
f 5340/2368/2368 5339/2367/2367 5351/2379/2379
f 5341/2369/2369 5340/2368/2368 5352/2380/2380
f 5342/2370/2370 5341/2369/2369 5353/2381/2381
f 5343/2371/2371 5342/2370/2370 5354/2382/2382
f 5344/2372/2372 5343/2371/2371 5355/2383/2383
f 5345/2373/2373 5344/2372/2372 5356/2384/2384
f 5346/2374/2374 5345/2373/2373 5357/2385/2385
f 5347/2375/2375 5346/2374/2374 5358/2386/2386
f 5348/2376/2376 5347/2375/2375 5359/2387/2387
o sensor
usemtl lima_solido
v 1.4 4.8900000035762785 2.9
v 1.4 4.8900000035762785 2.9
v 1.4 4.8900000035762785 2.9
v 1.4 4.8900000035762785 2.9
v 1.4 4.8900000035762785 2.9
v 1.4 4.8900000035762785 2.9
v 1.4 4.8900000035762785 2.9
v 1.4 4.8900000035762785 2.9
v 1.4 4.8900000035762785 2.9
v 1.4 4.8900000035762785 2.9
v 1.4 4.8900000035762785 2.9
v 1.3655584916472434 4.883149157464504 2.9
v 1.3721362348645925 4.883149157464504 2.9202442109584807
v 1.3893569881096481 4.883149157464504 2.932755821943283
v 1.4106430118903517 4.883149157464504 2.932755821943283
v 1.4278637651354074 4.883149157464504 2.9202442109584807
v 1.4344415083527564 4.883149157464504 2.9
v 1.4278637651354074 4.883149157464504 2.879755789041519
v 1.4106430118903517 4.883149157464504 2.867244178056717
v 1.3893569881096481 4.883149157464504 2.867244178056717
v 1.3721362348645925 4.883149157464504 2.879755789041519
v 1.3655584916472434 4.883149157464504 2.9
v 1.3363603889942168 4.863639611005783 2.9
v 1.3485144726932048 4.863639611005783 2.937406425923109
v 1.3803342781960963 4.863639611005783 2.9605248659849166
v 1.4196657218039035 4.863639611005783 2.9605248659849166
v 1.451485527306795 4.863639611005783 2.937406425923109
v 1.463639611005783 4.863639611005783 2.9
v 1.451485527306795 4.863639611005783 2.862593574076891
v 1.4196657218039035 4.863639611005783 2.8394751340150832
v 1.3803342781960963 4.863639611005783 2.8394751340150832
v 1.3485144726932048 4.863639611005783 2.862593574076891
v 1.3363603889942168 4.863639611005783 2.9
v 1.3168508425354957 4.834441508352756 2.9
v 1.332730920612812 4.834441508352756 2.9488738492131232
v 1.374305497482419 4.834441508352756 2.979079546034336
v 1.425694502517581 4.834441508352756 2.979079546034336
v 1.4672690793871879 4.834441508352756 2.9488738492131232
v 1.4831491574645042 4.834441508352756 2.9
v 1.4672690793871879 4.834441508352756 2.8511261507868766
v 1.425694502517581 4.834441508352756 2.820920453965664
v 1.374305497482419 4.834441508352756 2.820920453965664
v 1.332730920612812 4.834441508352756 2.8511261507868766
v 1.3168508425354957 4.834441508352756 2.9
v 1.3099999964237212 4.8 2.9
v 1.3271884709596633 4.8 2.9529006719589233
v 1.3721884708851575 4.8 2.9855950862169265
v 1.4278115291148423 4.8 2.9855950862169265
v 1.4728115290403365 4.8 2.9529006719589233
v 1.4900000035762786 4.8 2.9
v 1.4728115290403365 4.8 2.8470993280410766
v 1.4278115291148423 4.8 2.8144049137830733
v 1.3721884708851575 4.8 2.8144049137830733
v 1.3271884709596633 4.8 2.8470993280410766
v 1.3099999964237212 4.8 2.9
v 1.3168508425354957 4.765558491647243 2.9
v 1.332730920612812 4.765558491647243 2.9488738492131232
v 1.374305497482419 4.765558491647243 2.979079546034336
v 1.425694502517581 4.765558491647243 2.979079546034336
v 1.4672690793871879 4.765558491647243 2.9488738492131232
v 1.4831491574645042 4.765558491647243 2.9
v 1.4672690793871879 4.765558491647243 2.8511261507868766
v 1.425694502517581 4.765558491647243 2.820920453965664
v 1.374305497482419 4.765558491647243 2.820920453965664
v 1.332730920612812 4.765558491647243 2.8511261507868766
v 1.3168508425354957 4.765558491647243 2.9
v 1.3363603889942168 4.736360388994217 2.9
v 1.3485144726932048 4.736360388994217 2.937406425923109
v 1.3803342781960963 4.736360388994217 2.9605248659849166
v 1.4196657218039035 4.736360388994217 2.9605248659849166
v 1.451485527306795 4.736360388994217 2.937406425923109
v 1.463639611005783 4.736360388994217 2.9
v 1.451485527306795 4.736360388994217 2.862593574076891
v 1.4196657218039035 4.736360388994217 2.8394751340150832
v 1.3803342781960963 4.736360388994217 2.8394751340150832
v 1.3485144726932048 4.736360388994217 2.862593574076891
v 1.3363603889942168 4.736360388994217 2.9
v 1.3655584916472434 4.716850842535496 2.9
v 1.3721362348645925 4.716850842535496 2.9202442109584807
v 1.3893569881096481 4.716850842535496 2.932755821943283
v 1.4106430118903517 4.716850842535496 2.932755821943283
v 1.4278637651354074 4.716850842535496 2.9202442109584807
v 1.4344415083527564 4.716850842535496 2.9
v 1.4278637651354074 4.716850842535496 2.879755789041519
v 1.4106430118903517 4.716850842535496 2.867244178056717
v 1.3893569881096481 4.716850842535496 2.867244178056717
v 1.3721362348645925 4.716850842535496 2.879755789041519
v 1.3655584916472434 4.716850842535496 2.9
v 1.4 4.709999996423721 2.9
v 1.4 4.709999996423721 2.9
v 1.4 4.709999996423721 2.9
v 1.4 4.709999996423721 2.9
v 1.4 4.709999996423721 2.9
v 1.4 4.709999996423721 2.9
v 1.4 4.709999996423721 2.9
v 1.4 4.709999996423721 2.9
v 1.4 4.709999996423721 2.9
v 1.4 4.709999996423721 2.9
v 1.4 4.709999996423721 2.9
vt 0.05000000074505806 1
vt 0.15000000596046448 1
vt 0.25 1
vt 0.3499999940395355 1
vt 0.44999998807907104 1
vt 0.550000011920929 1
vt 0.6499999761581421 1
vt 0.75 1
vt 0.8500000238418579 1
vt 0.949999988079071 1
vt 1.0499999523162842 1
vt 0 0.875
vt 0.10000000149011612 0.875
vt 0.20000000298023224 0.875
vt 0.30000001192092896 0.875
vt 0.4000000059604645 0.875
vt 0.5 0.875
vt 0.6000000238418579 0.875
vt 0.699999988079071 0.875
vt 0.800000011920929 0.875
vt 0.8999999761581421 0.875
vt 1 0.875
vt 0 0.75
vt 0.10000000149011612 0.75
vt 0.20000000298023224 0.75
vt 0.30000001192092896 0.75
vt 0.4000000059604645 0.75
vt 0.5 0.75
vt 0.6000000238418579 0.75
vt 0.699999988079071 0.75
vt 0.800000011920929 0.75
vt 0.8999999761581421 0.75
vt 1 0.75
vt 0 0.625
vt 0.10000000149011612 0.625
vt 0.20000000298023224 0.625
vt 0.30000001192092896 0.625
vt 0.4000000059604645 0.625
vt 0.5 0.625
vt 0.6000000238418579 0.625
vt 0.699999988079071 0.625
vt 0.800000011920929 0.625
vt 0.8999999761581421 0.625
vt 1 0.625
vt 0 0.5
vt 0.10000000149011612 0.5
vt 0.20000000298023224 0.5
vt 0.30000001192092896 0.5
vt 0.4000000059604645 0.5
vt 0.5 0.5
vt 0.6000000238418579 0.5
vt 0.699999988079071 0.5
vt 0.800000011920929 0.5
vt 0.8999999761581421 0.5
vt 1 0.5
vt 0 0.375
vt 0.10000000149011612 0.375
vt 0.20000000298023224 0.375
vt 0.30000001192092896 0.375
vt 0.4000000059604645 0.375
vt 0.5 0.375
vt 0.6000000238418579 0.375
vt 0.699999988079071 0.375
vt 0.800000011920929 0.375
vt 0.8999999761581421 0.375
vt 1 0.375
vt 0 0.25
vt 0.10000000149011612 0.25
vt 0.20000000298023224 0.25
vt 0.30000001192092896 0.25
vt 0.4000000059604645 0.25
vt 0.5 0.25
vt 0.6000000238418579 0.25
vt 0.699999988079071 0.25
vt 0.800000011920929 0.25
vt 0.8999999761581421 0.25
vt 1 0.25
vt 0 0.125
vt 0.10000000149011612 0.125
vt 0.20000000298023224 0.125
vt 0.30000001192092896 0.125
vt 0.4000000059604645 0.125
vt 0.5 0.125
vt 0.6000000238418579 0.125
vt 0.699999988079071 0.125
vt 0.800000011920929 0.125
vt 0.8999999761581421 0.125
vt 1 0.125
vt -0.05000000074505806 0
vt 0.05000000074505806 0
vt 0.15000000596046448 0
vt 0.25 0
vt 0.3499999940395355 0
vt 0.44999998807907104 0
vt 0.550000011920929 0
vt 0.6499999761581421 0
vt 0.75 0
vt 0.8500000238418579 0
vt 0.949999988079071 0
vn 0 1 0
vn 0 1 0
vn 0 1 0
vn 0 1 0
vn 0 1 0
vn 0 1 0
vn 0 1 0
vn 0 1 0
vn 0 1 0
vn 0 1 0
vn 0 1 0
vn -0.3826834370613369 0.9238795305660377 0
vn -0.30959741046821454 0.9238795270537845 0.22493568619107826
vn -0.11825568589945505 0.9238795324059993 0.36395357170073417
vn 0.11825568589945505 0.9238795324059993 0.36395357170073417
vn 0.30959741046821454 0.9238795270537845 0.22493568619107826
vn 0.3826834370613369 0.9238795305660377 4.686520603449003e-17
vn 0.30959741046821454 0.9238795270537845 -0.22493568619107826
vn 0.11825568589945505 0.9238795324059993 -0.36395357170073417
vn -0.11825568589945505 0.9238795324059993 -0.36395357170073417
vn -0.30959741046821454 0.9238795270537845 -0.22493568619107826
vn -0.3826834370613369 0.9238795305660377 -9.373041206898005e-17
vn -0.7071067811865476 0.7071067811865476 0
vn -0.5720614176588762 0.7071067668252459 0.41562694178321036
vn -0.21850800555373517 0.7071067704166476 0.6724985254555338
vn 0.21850800555373517 0.7071067704166476 0.6724985254555338
vn 0.5720614176588762 0.7071067668252459 0.41562694178321036
vn 0.7071067811865476 0.7071067811865476 8.659560751628624e-17
vn 0.5720614176588762 0.7071067668252459 -0.41562694178321036
vn 0.21850800555373517 0.7071067704166476 -0.6724985254555338
vn -0.21850800555373517 0.7071067704166476 -0.6724985254555338
vn -0.5720614176588762 0.7071067668252459 -0.41562694178321036
vn -0.7071067811865476 0.7071067811865476 -1.7319121503257247e-16
vn -0.9238795305660377 0.3826834370613369 0
vn -0.7474342453230138 0.38268341941514195 0.5430427694235064
vn -0.28549448151266615 0.38268343278472655 0.878661647790497
vn 0.28549448151266615 0.38268343278472655 0.878661647790497
vn 0.7474342453230138 0.38268341941514195 0.5430427694235064
vn 0.9238795305660377 0.3826834370613369 1.131426144463939e-16
vn 0.7474342453230138 0.38268341941514195 -0.5430427694235064
vn 0.28549448151266615 0.38268343278472655 -0.878661647790497
vn -0.28549448151266615 0.38268343278472655 -0.878661647790497
vn -0.7474342453230138 0.38268341941514195 -0.5430427694235064
vn -0.9238795305660377 0.3826834370613369 -2.262852288927878e-16
vn -1 6.123234262925839e-17 0
vn -0.8090170011595983 6.123234252155896e-17 0.5877852429542022
vn -0.3090169948284817 6.123234109277411e-17 0.9510565161477913
vn 0.3090169948284817 6.123234109277411e-17 0.9510565161477913
vn 0.8090170011595983 6.123234252155896e-17 0.5877852429542022
vn 1 6.123234262925839e-17 1.2246468525851679e-16
vn 0.8090170011595983 6.123234252155896e-17 -0.5877852429542022
vn 0.3090169948284817 6.123234109277411e-17 -0.9510565161477913
vn -0.3090169948284817 6.123234109277411e-17 -0.9510565161477913
vn -0.8090170011595983 6.123234252155896e-17 -0.5877852429542022
vn -1 6.123234262925839e-17 -2.4492937051703357e-16
vn -0.9238795305660377 -0.3826834370613369 0
vn -0.7474342453230138 -0.38268341941514195 0.5430427694235064
vn -0.28549448151266615 -0.38268343278472655 0.878661647790497
vn 0.28549448151266615 -0.38268343278472655 0.878661647790497
vn 0.7474342453230138 -0.38268341941514195 0.5430427694235064
vn 0.9238795305660377 -0.3826834370613369 1.131426144463939e-16
vn 0.7474342453230138 -0.38268341941514195 -0.5430427694235064
vn 0.28549448151266615 -0.38268343278472655 -0.878661647790497
vn -0.28549448151266615 -0.38268343278472655 -0.878661647790497
vn -0.7474342453230138 -0.38268341941514195 -0.5430427694235064
vn -0.9238795305660377 -0.3826834370613369 -2.262852288927878e-16
vn -0.7071067811865476 -0.7071067811865476 0
vn -0.5720614176588762 -0.7071067668252459 0.41562694178321036
vn -0.21850800555373517 -0.7071067704166476 0.6724985254555338
vn 0.21850800555373517 -0.7071067704166476 0.6724985254555338
vn 0.5720614176588762 -0.7071067668252459 0.41562694178321036
vn 0.7071067811865476 -0.7071067811865476 8.659560751628624e-17
vn 0.5720614176588762 -0.7071067668252459 -0.41562694178321036
vn 0.21850800555373517 -0.7071067704166476 -0.6724985254555338
vn -0.21850800555373517 -0.7071067704166476 -0.6724985254555338
vn -0.5720614176588762 -0.7071067668252459 -0.41562694178321036
vn -0.7071067811865476 -0.7071067811865476 -1.7319121503257247e-16
vn -0.3826834370613369 -0.9238795305660377 0
vn -0.30959741046821454 -0.9238795270537845 0.22493568619107826
vn -0.11825568589945505 -0.9238795324059993 0.36395357170073417
vn 0.11825568589945505 -0.9238795324059993 0.36395357170073417
vn 0.30959741046821454 -0.9238795270537845 0.22493568619107826
vn 0.3826834370613369 -0.9238795305660377 4.686520603449003e-17
vn 0.30959741046821454 -0.9238795270537845 -0.22493568619107826
vn 0.11825568589945505 -0.9238795324059993 -0.36395357170073417
vn -0.11825568589945505 -0.9238795324059993 -0.36395357170073417
vn -0.30959741046821454 -0.9238795270537845 -0.22493568619107826
vn -0.3826834370613369 -0.9238795305660377 -9.373041206898005e-17
vn -1.2246468525851679e-16 -1 0
vn -9.907600785479212e-17 -1 7.198293111792428e-17
vn -3.7843668534256176e-17 -1 1.1647082866083914e-16
vn 3.7843668534256176e-17 -1 1.1647082866083914e-16
vn 9.907600785479212e-17 -1 7.198293111792428e-17
vn 1.2246468525851679e-16 -1 1.4997597572211942e-32
vn 9.907600785479212e-17 -1 -7.198293111792428e-17
vn 3.7843668534256176e-17 -1 -1.1647082866083914e-16
vn -3.7843668534256176e-17 -1 -1.1647082866083914e-16
vn -9.907600785479212e-17 -1 -7.198293111792428e-17
vn -1.2246468525851679e-16 -1 -2.9995195144423884e-32
f 5360/2388/2388 5371/2399/2399 5372/2400/2400
f 5361/2389/2389 5372/2400/2400 5373/2401/2401
f 5362/2390/2390 5373/2401/2401 5374/2402/2402
f 5363/2391/2391 5374/2402/2402 5375/2403/2403
f 5364/2392/2392 5375/2403/2403 5376/2404/2404
f 5365/2393/2393 5376/2404/2404 5377/2405/2405
f 5366/2394/2394 5377/2405/2405 5378/2406/2406
f 5367/2395/2395 5378/2406/2406 5379/2407/2407
f 5368/2396/2396 5379/2407/2407 5380/2408/2408
f 5369/2397/2397 5380/2408/2408 5381/2409/2409
f 5372/2400/2400 5371/2399/2399 5383/2411/2411
f 5371/2399/2399 5382/2410/2410 5383/2411/2411
f 5373/2401/2401 5372/2400/2400 5384/2412/2412
f 5372/2400/2400 5383/2411/2411 5384/2412/2412
f 5374/2402/2402 5373/2401/2401 5385/2413/2413
f 5373/2401/2401 5384/2412/2412 5385/2413/2413
f 5375/2403/2403 5374/2402/2402 5386/2414/2414
f 5374/2402/2402 5385/2413/2413 5386/2414/2414
f 5376/2404/2404 5375/2403/2403 5387/2415/2415
f 5375/2403/2403 5386/2414/2414 5387/2415/2415
f 5377/2405/2405 5376/2404/2404 5388/2416/2416
f 5376/2404/2404 5387/2415/2415 5388/2416/2416
f 5378/2406/2406 5377/2405/2405 5389/2417/2417
f 5377/2405/2405 5388/2416/2416 5389/2417/2417
f 5379/2407/2407 5378/2406/2406 5390/2418/2418
f 5378/2406/2406 5389/2417/2417 5390/2418/2418
f 5380/2408/2408 5379/2407/2407 5391/2419/2419
f 5379/2407/2407 5390/2418/2418 5391/2419/2419
f 5381/2409/2409 5380/2408/2408 5392/2420/2420
f 5380/2408/2408 5391/2419/2419 5392/2420/2420
f 5383/2411/2411 5382/2410/2410 5394/2422/2422
f 5382/2410/2410 5393/2421/2421 5394/2422/2422
f 5384/2412/2412 5383/2411/2411 5395/2423/2423
f 5383/2411/2411 5394/2422/2422 5395/2423/2423
f 5385/2413/2413 5384/2412/2412 5396/2424/2424
f 5384/2412/2412 5395/2423/2423 5396/2424/2424
f 5386/2414/2414 5385/2413/2413 5397/2425/2425
f 5385/2413/2413 5396/2424/2424 5397/2425/2425
f 5387/2415/2415 5386/2414/2414 5398/2426/2426
f 5386/2414/2414 5397/2425/2425 5398/2426/2426
f 5388/2416/2416 5387/2415/2415 5399/2427/2427
f 5387/2415/2415 5398/2426/2426 5399/2427/2427
f 5389/2417/2417 5388/2416/2416 5400/2428/2428
f 5388/2416/2416 5399/2427/2427 5400/2428/2428
f 5390/2418/2418 5389/2417/2417 5401/2429/2429
f 5389/2417/2417 5400/2428/2428 5401/2429/2429
f 5391/2419/2419 5390/2418/2418 5402/2430/2430
f 5390/2418/2418 5401/2429/2429 5402/2430/2430
f 5392/2420/2420 5391/2419/2419 5403/2431/2431
f 5391/2419/2419 5402/2430/2430 5403/2431/2431
f 5394/2422/2422 5393/2421/2421 5405/2433/2433
f 5393/2421/2421 5404/2432/2432 5405/2433/2433
f 5395/2423/2423 5394/2422/2422 5406/2434/2434
f 5394/2422/2422 5405/2433/2433 5406/2434/2434
f 5396/2424/2424 5395/2423/2423 5407/2435/2435
f 5395/2423/2423 5406/2434/2434 5407/2435/2435
f 5397/2425/2425 5396/2424/2424 5408/2436/2436
f 5396/2424/2424 5407/2435/2435 5408/2436/2436
f 5398/2426/2426 5397/2425/2425 5409/2437/2437
f 5397/2425/2425 5408/2436/2436 5409/2437/2437
f 5399/2427/2427 5398/2426/2426 5410/2438/2438
f 5398/2426/2426 5409/2437/2437 5410/2438/2438
f 5400/2428/2428 5399/2427/2427 5411/2439/2439
f 5399/2427/2427 5410/2438/2438 5411/2439/2439
f 5401/2429/2429 5400/2428/2428 5412/2440/2440
f 5400/2428/2428 5411/2439/2439 5412/2440/2440
f 5402/2430/2430 5401/2429/2429 5413/2441/2441
f 5401/2429/2429 5412/2440/2440 5413/2441/2441
f 5403/2431/2431 5402/2430/2430 5414/2442/2442
f 5402/2430/2430 5413/2441/2441 5414/2442/2442
f 5405/2433/2433 5404/2432/2432 5416/2444/2444
f 5404/2432/2432 5415/2443/2443 5416/2444/2444
f 5406/2434/2434 5405/2433/2433 5417/2445/2445
f 5405/2433/2433 5416/2444/2444 5417/2445/2445
f 5407/2435/2435 5406/2434/2434 5418/2446/2446
f 5406/2434/2434 5417/2445/2445 5418/2446/2446
f 5408/2436/2436 5407/2435/2435 5419/2447/2447
f 5407/2435/2435 5418/2446/2446 5419/2447/2447
f 5409/2437/2437 5408/2436/2436 5420/2448/2448
f 5408/2436/2436 5419/2447/2447 5420/2448/2448
f 5410/2438/2438 5409/2437/2437 5421/2449/2449
f 5409/2437/2437 5420/2448/2448 5421/2449/2449
f 5411/2439/2439 5410/2438/2438 5422/2450/2450
f 5410/2438/2438 5421/2449/2449 5422/2450/2450
f 5412/2440/2440 5411/2439/2439 5423/2451/2451
f 5411/2439/2439 5422/2450/2450 5423/2451/2451
f 5413/2441/2441 5412/2440/2440 5424/2452/2452
f 5412/2440/2440 5423/2451/2451 5424/2452/2452
f 5414/2442/2442 5413/2441/2441 5425/2453/2453
f 5413/2441/2441 5424/2452/2452 5425/2453/2453
f 5416/2444/2444 5415/2443/2443 5427/2455/2455
f 5415/2443/2443 5426/2454/2454 5427/2455/2455
f 5417/2445/2445 5416/2444/2444 5428/2456/2456
f 5416/2444/2444 5427/2455/2455 5428/2456/2456
f 5418/2446/2446 5417/2445/2445 5429/2457/2457
f 5417/2445/2445 5428/2456/2456 5429/2457/2457
f 5419/2447/2447 5418/2446/2446 5430/2458/2458
f 5418/2446/2446 5429/2457/2457 5430/2458/2458
f 5420/2448/2448 5419/2447/2447 5431/2459/2459
f 5419/2447/2447 5430/2458/2458 5431/2459/2459
f 5421/2449/2449 5420/2448/2448 5432/2460/2460
f 5420/2448/2448 5431/2459/2459 5432/2460/2460
f 5422/2450/2450 5421/2449/2449 5433/2461/2461
f 5421/2449/2449 5432/2460/2460 5433/2461/2461
f 5423/2451/2451 5422/2450/2450 5434/2462/2462
f 5422/2450/2450 5433/2461/2461 5434/2462/2462
f 5424/2452/2452 5423/2451/2451 5435/2463/2463
f 5423/2451/2451 5434/2462/2462 5435/2463/2463
f 5425/2453/2453 5424/2452/2452 5436/2464/2464
f 5424/2452/2452 5435/2463/2463 5436/2464/2464
f 5427/2455/2455 5426/2454/2454 5438/2466/2466
f 5426/2454/2454 5437/2465/2465 5438/2466/2466
f 5428/2456/2456 5427/2455/2455 5439/2467/2467
f 5427/2455/2455 5438/2466/2466 5439/2467/2467
f 5429/2457/2457 5428/2456/2456 5440/2468/2468
f 5428/2456/2456 5439/2467/2467 5440/2468/2468
f 5430/2458/2458 5429/2457/2457 5441/2469/2469
f 5429/2457/2457 5440/2468/2468 5441/2469/2469
f 5431/2459/2459 5430/2458/2458 5442/2470/2470
f 5430/2458/2458 5441/2469/2469 5442/2470/2470
f 5432/2460/2460 5431/2459/2459 5443/2471/2471
f 5431/2459/2459 5442/2470/2470 5443/2471/2471
f 5433/2461/2461 5432/2460/2460 5444/2472/2472
f 5432/2460/2460 5443/2471/2471 5444/2472/2472
f 5434/2462/2462 5433/2461/2461 5445/2473/2473
f 5433/2461/2461 5444/2472/2472 5445/2473/2473
f 5435/2463/2463 5434/2462/2462 5446/2474/2474
f 5434/2462/2462 5445/2473/2473 5446/2474/2474
f 5436/2464/2464 5435/2463/2463 5447/2475/2475
f 5435/2463/2463 5446/2474/2474 5447/2475/2475
f 5438/2466/2466 5437/2465/2465 5449/2477/2477
f 5439/2467/2467 5438/2466/2466 5450/2478/2478
f 5440/2468/2468 5439/2467/2467 5451/2479/2479
f 5441/2469/2469 5440/2468/2468 5452/2480/2480
f 5442/2470/2470 5441/2469/2469 5453/2481/2481
f 5443/2471/2471 5442/2470/2470 5454/2482/2482
f 5444/2472/2472 5443/2471/2471 5455/2483/2483
f 5445/2473/2473 5444/2472/2472 5456/2484/2484
f 5446/2474/2474 5445/2473/2473 5457/2485/2485
f 5447/2475/2475 5446/2474/2474 5458/2486/2486
o sensor
usemtl lima_solido
v -0.9199999999999999 0.9900000035762787 2.3
v -0.9199999999999999 0.9900000035762787 2.3
v -0.9199999999999999 0.9900000035762787 2.3
v -0.9199999999999999 0.9900000035762787 2.3
v -0.9199999999999999 0.9900000035762787 2.3
v -0.9199999999999999 0.9900000035762787 2.3
v -0.9199999999999999 0.9900000035762787 2.3
v -0.9199999999999999 0.9900000035762787 2.3
v -0.9199999999999999 0.9900000035762787 2.3
v -0.9199999999999999 0.9900000035762787 2.3
v -0.9199999999999999 0.9900000035762787 2.3
v -0.9544415083527564 0.9831491574645043 2.3
v -0.9478637651354074 0.9831491574645043 2.3202442109584807
v -0.9306430118903517 0.9831491574645043 2.332755821943283
v -0.9093569881096482 0.9831491574645043 2.332755821943283
v -0.8921362348645925 0.9831491574645043 2.3202442109584807
v -0.8855584916472434 0.9831491574645043 2.3
v -0.8921362348645925 0.9831491574645043 2.279755789041519
v -0.9093569881096482 0.9831491574645043 2.2672441780567167
v -0.9306430118903517 0.9831491574645043 2.2672441780567167
v -0.9478637651354074 0.9831491574645043 2.279755789041519
v -0.9544415083527564 0.9831491574645043 2.3
v -0.983639611005783 0.9636396110057831 2.3
v -0.971485527306795 0.9636396110057831 2.337406425923109
v -0.9396657218039035 0.9636396110057831 2.3605248659849165
v -0.9003342781960963 0.9636396110057831 2.3605248659849165
v -0.8685144726932048 0.9636396110057831 2.337406425923109
v -0.8563603889942168 0.9636396110057831 2.3
v -0.8685144726932048 0.9636396110057831 2.2625935740768908
v -0.9003342781960963 0.9636396110057831 2.239475134015083
v -0.9396657218039035 0.9636396110057831 2.239475134015083
v -0.971485527306795 0.9636396110057831 2.2625935740768908
v -0.983639611005783 0.9636396110057831 2.3
v -1.0031491574645042 0.9344415083527565 2.3
v -0.9872690793871879 0.9344415083527565 2.348873849213123
v -0.9456945025175809 0.9344415083527565 2.379079546034336
v -0.8943054974824189 0.9344415083527565 2.379079546034336
v -0.852730920612812 0.9344415083527565 2.348873849213123
v -0.8368508425354957 0.9344415083527565 2.3
v -0.852730920612812 0.9344415083527565 2.2511261507868765
v -0.8943054974824189 0.9344415083527565 2.2209204539656637
v -0.9456945025175809 0.9344415083527565 2.2209204539656637
v -0.9872690793871879 0.9344415083527565 2.2511261507868765
v -1.0031491574645042 0.9344415083527565 2.3
v -1.0100000035762786 0.9 2.3
v -0.9928115290403365 0.9 2.352900671958923
v -0.9478115291148423 0.9 2.3855950862169264
v -0.8921884708851575 0.9 2.3855950862169264
v -0.8471884709596633 0.9 2.352900671958923
v -0.8299999964237212 0.9 2.3
v -0.8471884709596633 0.9 2.2470993280410765
v -0.8921884708851575 0.9 2.2144049137830732
v -0.9478115291148423 0.9 2.2144049137830732
v -0.9928115290403365 0.9 2.2470993280410765
v -1.0100000035762786 0.9 2.3
v -1.0031491574645042 0.8655584916472435 2.3
v -0.9872690793871879 0.8655584916472435 2.348873849213123
v -0.9456945025175809 0.8655584916472435 2.379079546034336
v -0.8943054974824189 0.8655584916472435 2.379079546034336
v -0.852730920612812 0.8655584916472435 2.348873849213123
v -0.8368508425354957 0.8655584916472435 2.3
v -0.852730920612812 0.8655584916472435 2.2511261507868765
v -0.8943054974824189 0.8655584916472435 2.2209204539656637
v -0.9456945025175809 0.8655584916472435 2.2209204539656637
v -0.9872690793871879 0.8655584916472435 2.2511261507868765
v -1.0031491574645042 0.8655584916472435 2.3
v -0.983639611005783 0.8363603889942169 2.3
v -0.971485527306795 0.8363603889942169 2.337406425923109
v -0.9396657218039035 0.8363603889942169 2.3605248659849165
v -0.9003342781960963 0.8363603889942169 2.3605248659849165
v -0.8685144726932048 0.8363603889942169 2.337406425923109
v -0.8563603889942168 0.8363603889942169 2.3
v -0.8685144726932048 0.8363603889942169 2.2625935740768908
v -0.9003342781960963 0.8363603889942169 2.239475134015083
v -0.9396657218039035 0.8363603889942169 2.239475134015083
v -0.971485527306795 0.8363603889942169 2.2625935740768908
v -0.983639611005783 0.8363603889942169 2.3
v -0.9544415083527564 0.8168508425354958 2.3
v -0.9478637651354074 0.8168508425354958 2.3202442109584807
v -0.9306430118903517 0.8168508425354958 2.332755821943283
v -0.9093569881096482 0.8168508425354958 2.332755821943283
v -0.8921362348645925 0.8168508425354958 2.3202442109584807
v -0.8855584916472434 0.8168508425354958 2.3
v -0.8921362348645925 0.8168508425354958 2.279755789041519
v -0.9093569881096482 0.8168508425354958 2.2672441780567167
v -0.9306430118903517 0.8168508425354958 2.2672441780567167
v -0.9478637651354074 0.8168508425354958 2.279755789041519
v -0.9544415083527564 0.8168508425354958 2.3
v -0.9199999999999999 0.8099999964237213 2.3
v -0.9199999999999999 0.8099999964237213 2.3
v -0.9199999999999999 0.8099999964237213 2.3
v -0.9199999999999999 0.8099999964237213 2.3
v -0.9199999999999999 0.8099999964237213 2.3
v -0.9199999999999999 0.8099999964237213 2.3
v -0.9199999999999999 0.8099999964237213 2.3
v -0.9199999999999999 0.8099999964237213 2.3
v -0.9199999999999999 0.8099999964237213 2.3
v -0.9199999999999999 0.8099999964237213 2.3
v -0.9199999999999999 0.8099999964237213 2.3
vt 0.05000000074505806 1
vt 0.15000000596046448 1
vt 0.25 1
vt 0.3499999940395355 1
vt 0.44999998807907104 1
vt 0.550000011920929 1
vt 0.6499999761581421 1
vt 0.75 1
vt 0.8500000238418579 1
vt 0.949999988079071 1
vt 1.0499999523162842 1
vt 0 0.875
vt 0.10000000149011612 0.875
vt 0.20000000298023224 0.875
vt 0.30000001192092896 0.875
vt 0.4000000059604645 0.875
vt 0.5 0.875
vt 0.6000000238418579 0.875
vt 0.699999988079071 0.875
vt 0.800000011920929 0.875
vt 0.8999999761581421 0.875
vt 1 0.875
vt 0 0.75
vt 0.10000000149011612 0.75
vt 0.20000000298023224 0.75
vt 0.30000001192092896 0.75
vt 0.4000000059604645 0.75
vt 0.5 0.75
vt 0.6000000238418579 0.75
vt 0.699999988079071 0.75
vt 0.800000011920929 0.75
vt 0.8999999761581421 0.75
vt 1 0.75
vt 0 0.625
vt 0.10000000149011612 0.625
vt 0.20000000298023224 0.625
vt 0.30000001192092896 0.625
vt 0.4000000059604645 0.625
vt 0.5 0.625
vt 0.6000000238418579 0.625
vt 0.699999988079071 0.625
vt 0.800000011920929 0.625
vt 0.8999999761581421 0.625
vt 1 0.625
vt 0 0.5
vt 0.10000000149011612 0.5
vt 0.20000000298023224 0.5
vt 0.30000001192092896 0.5
vt 0.4000000059604645 0.5
vt 0.5 0.5
vt 0.6000000238418579 0.5
vt 0.699999988079071 0.5
vt 0.800000011920929 0.5
vt 0.8999999761581421 0.5
vt 1 0.5
vt 0 0.375
vt 0.10000000149011612 0.375
vt 0.20000000298023224 0.375
vt 0.30000001192092896 0.375
vt 0.4000000059604645 0.375
vt 0.5 0.375
vt 0.6000000238418579 0.375
vt 0.699999988079071 0.375
vt 0.800000011920929 0.375
vt 0.8999999761581421 0.375
vt 1 0.375
vt 0 0.25
vt 0.10000000149011612 0.25
vt 0.20000000298023224 0.25
vt 0.30000001192092896 0.25
vt 0.4000000059604645 0.25
vt 0.5 0.25
vt 0.6000000238418579 0.25
vt 0.699999988079071 0.25
vt 0.800000011920929 0.25
vt 0.8999999761581421 0.25
vt 1 0.25
vt 0 0.125
vt 0.10000000149011612 0.125
vt 0.20000000298023224 0.125
vt 0.30000001192092896 0.125
vt 0.4000000059604645 0.125
vt 0.5 0.125
vt 0.6000000238418579 0.125
vt 0.699999988079071 0.125
vt 0.800000011920929 0.125
vt 0.8999999761581421 0.125
vt 1 0.125
vt -0.05000000074505806 0
vt 0.05000000074505806 0
vt 0.15000000596046448 0
vt 0.25 0
vt 0.3499999940395355 0
vt 0.44999998807907104 0
vt 0.550000011920929 0
vt 0.6499999761581421 0
vt 0.75 0
vt 0.8500000238418579 0
vt 0.949999988079071 0
vn 0 1 0
vn 0 1 0
vn 0 1 0
vn 0 1 0
vn 0 1 0
vn 0 1 0
vn 0 1 0
vn 0 1 0
vn 0 1 0
vn 0 1 0
vn 0 1 0
vn -0.3826834370613369 0.9238795305660377 0
vn -0.30959741046821454 0.9238795270537845 0.22493568619107826
vn -0.11825568589945505 0.9238795324059993 0.36395357170073417
vn 0.11825568589945505 0.9238795324059993 0.36395357170073417
vn 0.30959741046821454 0.9238795270537845 0.22493568619107826
vn 0.3826834370613369 0.9238795305660377 4.686520603449003e-17
vn 0.30959741046821454 0.9238795270537845 -0.22493568619107826
vn 0.11825568589945505 0.9238795324059993 -0.36395357170073417
vn -0.11825568589945505 0.9238795324059993 -0.36395357170073417
vn -0.30959741046821454 0.9238795270537845 -0.22493568619107826
vn -0.3826834370613369 0.9238795305660377 -9.373041206898005e-17
vn -0.7071067811865476 0.7071067811865476 0
vn -0.5720614176588762 0.7071067668252459 0.41562694178321036
vn -0.21850800555373517 0.7071067704166476 0.6724985254555338
vn 0.21850800555373517 0.7071067704166476 0.6724985254555338
vn 0.5720614176588762 0.7071067668252459 0.41562694178321036
vn 0.7071067811865476 0.7071067811865476 8.659560751628624e-17
vn 0.5720614176588762 0.7071067668252459 -0.41562694178321036
vn 0.21850800555373517 0.7071067704166476 -0.6724985254555338
vn -0.21850800555373517 0.7071067704166476 -0.6724985254555338
vn -0.5720614176588762 0.7071067668252459 -0.41562694178321036
vn -0.7071067811865476 0.7071067811865476 -1.7319121503257247e-16
vn -0.9238795305660377 0.3826834370613369 0
vn -0.7474342453230138 0.38268341941514195 0.5430427694235064
vn -0.28549448151266615 0.38268343278472655 0.878661647790497
vn 0.28549448151266615 0.38268343278472655 0.878661647790497
vn 0.7474342453230138 0.38268341941514195 0.5430427694235064
vn 0.9238795305660377 0.3826834370613369 1.131426144463939e-16
vn 0.7474342453230138 0.38268341941514195 -0.5430427694235064
vn 0.28549448151266615 0.38268343278472655 -0.878661647790497
vn -0.28549448151266615 0.38268343278472655 -0.878661647790497
vn -0.7474342453230138 0.38268341941514195 -0.5430427694235064
vn -0.9238795305660377 0.3826834370613369 -2.262852288927878e-16
vn -1 6.123234262925839e-17 0
vn -0.8090170011595983 6.123234252155896e-17 0.5877852429542022
vn -0.3090169948284817 6.123234109277411e-17 0.9510565161477913
vn 0.3090169948284817 6.123234109277411e-17 0.9510565161477913
vn 0.8090170011595983 6.123234252155896e-17 0.5877852429542022
vn 1 6.123234262925839e-17 1.2246468525851679e-16
vn 0.8090170011595983 6.123234252155896e-17 -0.5877852429542022
vn 0.3090169948284817 6.123234109277411e-17 -0.9510565161477913
vn -0.3090169948284817 6.123234109277411e-17 -0.9510565161477913
vn -0.8090170011595983 6.123234252155896e-17 -0.5877852429542022
vn -1 6.123234262925839e-17 -2.4492937051703357e-16
vn -0.9238795305660377 -0.3826834370613369 0
vn -0.7474342453230138 -0.38268341941514195 0.5430427694235064
vn -0.28549448151266615 -0.38268343278472655 0.878661647790497
vn 0.28549448151266615 -0.38268343278472655 0.878661647790497
vn 0.7474342453230138 -0.38268341941514195 0.5430427694235064
vn 0.9238795305660377 -0.3826834370613369 1.131426144463939e-16
vn 0.7474342453230138 -0.38268341941514195 -0.5430427694235064
vn 0.28549448151266615 -0.38268343278472655 -0.878661647790497
vn -0.28549448151266615 -0.38268343278472655 -0.878661647790497
vn -0.7474342453230138 -0.38268341941514195 -0.5430427694235064
vn -0.9238795305660377 -0.3826834370613369 -2.262852288927878e-16
vn -0.7071067811865476 -0.7071067811865476 0
vn -0.5720614176588762 -0.7071067668252459 0.41562694178321036
vn -0.21850800555373517 -0.7071067704166476 0.6724985254555338
vn 0.21850800555373517 -0.7071067704166476 0.6724985254555338
vn 0.5720614176588762 -0.7071067668252459 0.41562694178321036
vn 0.7071067811865476 -0.7071067811865476 8.659560751628624e-17
vn 0.5720614176588762 -0.7071067668252459 -0.41562694178321036
vn 0.21850800555373517 -0.7071067704166476 -0.6724985254555338
vn -0.21850800555373517 -0.7071067704166476 -0.6724985254555338
vn -0.5720614176588762 -0.7071067668252459 -0.41562694178321036
vn -0.7071067811865476 -0.7071067811865476 -1.7319121503257247e-16
vn -0.3826834370613369 -0.9238795305660377 0
vn -0.30959741046821454 -0.9238795270537845 0.22493568619107826
vn -0.11825568589945505 -0.9238795324059993 0.36395357170073417
vn 0.11825568589945505 -0.9238795324059993 0.36395357170073417
vn 0.30959741046821454 -0.9238795270537845 0.22493568619107826
vn 0.3826834370613369 -0.9238795305660377 4.686520603449003e-17
vn 0.30959741046821454 -0.9238795270537845 -0.22493568619107826
vn 0.11825568589945505 -0.9238795324059993 -0.36395357170073417
vn -0.11825568589945505 -0.9238795324059993 -0.36395357170073417
vn -0.30959741046821454 -0.9238795270537845 -0.22493568619107826
vn -0.3826834370613369 -0.9238795305660377 -9.373041206898005e-17
vn -1.2246468525851679e-16 -1 0
vn -9.907600785479212e-17 -1 7.198293111792428e-17
vn -3.7843668534256176e-17 -1 1.1647082866083914e-16
vn 3.7843668534256176e-17 -1 1.1647082866083914e-16
vn 9.907600785479212e-17 -1 7.198293111792428e-17
vn 1.2246468525851679e-16 -1 1.4997597572211942e-32
vn 9.907600785479212e-17 -1 -7.198293111792428e-17
vn 3.7843668534256176e-17 -1 -1.1647082866083914e-16
vn -3.7843668534256176e-17 -1 -1.1647082866083914e-16
vn -9.907600785479212e-17 -1 -7.198293111792428e-17
vn -1.2246468525851679e-16 -1 -2.9995195144423884e-32
f 5459/2487/2487 5470/2498/2498 5471/2499/2499
f 5460/2488/2488 5471/2499/2499 5472/2500/2500
f 5461/2489/2489 5472/2500/2500 5473/2501/2501
f 5462/2490/2490 5473/2501/2501 5474/2502/2502
f 5463/2491/2491 5474/2502/2502 5475/2503/2503
f 5464/2492/2492 5475/2503/2503 5476/2504/2504
f 5465/2493/2493 5476/2504/2504 5477/2505/2505
f 5466/2494/2494 5477/2505/2505 5478/2506/2506
f 5467/2495/2495 5478/2506/2506 5479/2507/2507
f 5468/2496/2496 5479/2507/2507 5480/2508/2508
f 5471/2499/2499 5470/2498/2498 5482/2510/2510
f 5470/2498/2498 5481/2509/2509 5482/2510/2510
f 5472/2500/2500 5471/2499/2499 5483/2511/2511
f 5471/2499/2499 5482/2510/2510 5483/2511/2511
f 5473/2501/2501 5472/2500/2500 5484/2512/2512
f 5472/2500/2500 5483/2511/2511 5484/2512/2512
f 5474/2502/2502 5473/2501/2501 5485/2513/2513
f 5473/2501/2501 5484/2512/2512 5485/2513/2513
f 5475/2503/2503 5474/2502/2502 5486/2514/2514
f 5474/2502/2502 5485/2513/2513 5486/2514/2514
f 5476/2504/2504 5475/2503/2503 5487/2515/2515
f 5475/2503/2503 5486/2514/2514 5487/2515/2515
f 5477/2505/2505 5476/2504/2504 5488/2516/2516
f 5476/2504/2504 5487/2515/2515 5488/2516/2516
f 5478/2506/2506 5477/2505/2505 5489/2517/2517
f 5477/2505/2505 5488/2516/2516 5489/2517/2517
f 5479/2507/2507 5478/2506/2506 5490/2518/2518
f 5478/2506/2506 5489/2517/2517 5490/2518/2518
f 5480/2508/2508 5479/2507/2507 5491/2519/2519
f 5479/2507/2507 5490/2518/2518 5491/2519/2519
f 5482/2510/2510 5481/2509/2509 5493/2521/2521
f 5481/2509/2509 5492/2520/2520 5493/2521/2521
f 5483/2511/2511 5482/2510/2510 5494/2522/2522
f 5482/2510/2510 5493/2521/2521 5494/2522/2522
f 5484/2512/2512 5483/2511/2511 5495/2523/2523
f 5483/2511/2511 5494/2522/2522 5495/2523/2523
f 5485/2513/2513 5484/2512/2512 5496/2524/2524
f 5484/2512/2512 5495/2523/2523 5496/2524/2524
f 5486/2514/2514 5485/2513/2513 5497/2525/2525
f 5485/2513/2513 5496/2524/2524 5497/2525/2525
f 5487/2515/2515 5486/2514/2514 5498/2526/2526
f 5486/2514/2514 5497/2525/2525 5498/2526/2526
f 5488/2516/2516 5487/2515/2515 5499/2527/2527
f 5487/2515/2515 5498/2526/2526 5499/2527/2527
f 5489/2517/2517 5488/2516/2516 5500/2528/2528
f 5488/2516/2516 5499/2527/2527 5500/2528/2528
f 5490/2518/2518 5489/2517/2517 5501/2529/2529
f 5489/2517/2517 5500/2528/2528 5501/2529/2529
f 5491/2519/2519 5490/2518/2518 5502/2530/2530
f 5490/2518/2518 5501/2529/2529 5502/2530/2530
f 5493/2521/2521 5492/2520/2520 5504/2532/2532
f 5492/2520/2520 5503/2531/2531 5504/2532/2532
f 5494/2522/2522 5493/2521/2521 5505/2533/2533
f 5493/2521/2521 5504/2532/2532 5505/2533/2533
f 5495/2523/2523 5494/2522/2522 5506/2534/2534
f 5494/2522/2522 5505/2533/2533 5506/2534/2534
f 5496/2524/2524 5495/2523/2523 5507/2535/2535
f 5495/2523/2523 5506/2534/2534 5507/2535/2535
f 5497/2525/2525 5496/2524/2524 5508/2536/2536
f 5496/2524/2524 5507/2535/2535 5508/2536/2536
f 5498/2526/2526 5497/2525/2525 5509/2537/2537
f 5497/2525/2525 5508/2536/2536 5509/2537/2537
f 5499/2527/2527 5498/2526/2526 5510/2538/2538
f 5498/2526/2526 5509/2537/2537 5510/2538/2538
f 5500/2528/2528 5499/2527/2527 5511/2539/2539
f 5499/2527/2527 5510/2538/2538 5511/2539/2539
f 5501/2529/2529 5500/2528/2528 5512/2540/2540
f 5500/2528/2528 5511/2539/2539 5512/2540/2540
f 5502/2530/2530 5501/2529/2529 5513/2541/2541
f 5501/2529/2529 5512/2540/2540 5513/2541/2541
f 5504/2532/2532 5503/2531/2531 5515/2543/2543
f 5503/2531/2531 5514/2542/2542 5515/2543/2543
f 5505/2533/2533 5504/2532/2532 5516/2544/2544
f 5504/2532/2532 5515/2543/2543 5516/2544/2544
f 5506/2534/2534 5505/2533/2533 5517/2545/2545
f 5505/2533/2533 5516/2544/2544 5517/2545/2545
f 5507/2535/2535 5506/2534/2534 5518/2546/2546
f 5506/2534/2534 5517/2545/2545 5518/2546/2546
f 5508/2536/2536 5507/2535/2535 5519/2547/2547
f 5507/2535/2535 5518/2546/2546 5519/2547/2547
f 5509/2537/2537 5508/2536/2536 5520/2548/2548
f 5508/2536/2536 5519/2547/2547 5520/2548/2548
f 5510/2538/2538 5509/2537/2537 5521/2549/2549
f 5509/2537/2537 5520/2548/2548 5521/2549/2549
f 5511/2539/2539 5510/2538/2538 5522/2550/2550
f 5510/2538/2538 5521/2549/2549 5522/2550/2550
f 5512/2540/2540 5511/2539/2539 5523/2551/2551
f 5511/2539/2539 5522/2550/2550 5523/2551/2551
f 5513/2541/2541 5512/2540/2540 5524/2552/2552
f 5512/2540/2540 5523/2551/2551 5524/2552/2552
f 5515/2543/2543 5514/2542/2542 5526/2554/2554
f 5514/2542/2542 5525/2553/2553 5526/2554/2554
f 5516/2544/2544 5515/2543/2543 5527/2555/2555
f 5515/2543/2543 5526/2554/2554 5527/2555/2555
f 5517/2545/2545 5516/2544/2544 5528/2556/2556
f 5516/2544/2544 5527/2555/2555 5528/2556/2556
f 5518/2546/2546 5517/2545/2545 5529/2557/2557
f 5517/2545/2545 5528/2556/2556 5529/2557/2557
f 5519/2547/2547 5518/2546/2546 5530/2558/2558
f 5518/2546/2546 5529/2557/2557 5530/2558/2558
f 5520/2548/2548 5519/2547/2547 5531/2559/2559
f 5519/2547/2547 5530/2558/2558 5531/2559/2559
f 5521/2549/2549 5520/2548/2548 5532/2560/2560
f 5520/2548/2548 5531/2559/2559 5532/2560/2560
f 5522/2550/2550 5521/2549/2549 5533/2561/2561
f 5521/2549/2549 5532/2560/2560 5533/2561/2561
f 5523/2551/2551 5522/2550/2550 5534/2562/2562
f 5522/2550/2550 5533/2561/2561 5534/2562/2562
f 5524/2552/2552 5523/2551/2551 5535/2563/2563
f 5523/2551/2551 5534/2562/2562 5535/2563/2563
f 5526/2554/2554 5525/2553/2553 5537/2565/2565
f 5525/2553/2553 5536/2564/2564 5537/2565/2565
f 5527/2555/2555 5526/2554/2554 5538/2566/2566
f 5526/2554/2554 5537/2565/2565 5538/2566/2566
f 5528/2556/2556 5527/2555/2555 5539/2567/2567
f 5527/2555/2555 5538/2566/2566 5539/2567/2567
f 5529/2557/2557 5528/2556/2556 5540/2568/2568
f 5528/2556/2556 5539/2567/2567 5540/2568/2568
f 5530/2558/2558 5529/2557/2557 5541/2569/2569
f 5529/2557/2557 5540/2568/2568 5541/2569/2569
f 5531/2559/2559 5530/2558/2558 5542/2570/2570
f 5530/2558/2558 5541/2569/2569 5542/2570/2570
f 5532/2560/2560 5531/2559/2559 5543/2571/2571
f 5531/2559/2559 5542/2570/2570 5543/2571/2571
f 5533/2561/2561 5532/2560/2560 5544/2572/2572
f 5532/2560/2560 5543/2571/2571 5544/2572/2572
f 5534/2562/2562 5533/2561/2561 5545/2573/2573
f 5533/2561/2561 5544/2572/2572 5545/2573/2573
f 5535/2563/2563 5534/2562/2562 5546/2574/2574
f 5534/2562/2562 5545/2573/2573 5546/2574/2574
f 5537/2565/2565 5536/2564/2564 5548/2576/2576
f 5538/2566/2566 5537/2565/2565 5549/2577/2577
f 5539/2567/2567 5538/2566/2566 5550/2578/2578
f 5540/2568/2568 5539/2567/2567 5551/2579/2579
f 5541/2569/2569 5540/2568/2568 5552/2580/2580
f 5542/2570/2570 5541/2569/2569 5553/2581/2581
f 5543/2571/2571 5542/2570/2570 5554/2582/2582
f 5544/2572/2572 5543/2571/2571 5555/2583/2583
f 5545/2573/2573 5544/2572/2572 5556/2584/2584
f 5546/2574/2574 5545/2573/2573 5557/2585/2585
o guia
v -0.9200000166893005 2.9000000953674316 -2.9000000953674316
v -0.9200000166893005 5.980000019073486 -2.9000000953674316
l 5558 5559 
o 
v -13.5 0.800000011920929 0
v -12.899999618530273 0.800000011920929 0
l 5560 5561 
o flecha
usemtl lima_solido
v -12.729999998211861 0.8 0
v -12.729999998211861 0.8 0
v -12.729999998211861 0.8 0
v -12.729999998211861 0.8 0
v -12.729999998211861 0.8 0
v -12.729999998211861 0.8 0
v -12.729999998211861 0.8 0
v -12.729999998211861 0.8 0
v -12.729999998211861 0.8 0
v -12.729999998211861 0.8 0
v -12.729999998211861 0.8 0
v -13.07000000178814 0.8 0.12999999523162842
v -13.07000000178814 0.7235879182815552 0.10517220944166183
v -13.07000000178814 0.6763626515865326 0.04017220810055733
v -13.07000000178814 0.6763626515865326 -0.04017220810055733
v -13.07000000178814 0.7235879182815552 -0.10517220944166183
v -13.07000000178814 0.8 -0.12999999523162842
v -13.07000000178814 0.8764120817184449 -0.10517220944166183
v -13.07000000178814 0.9236373484134673 -0.04017220810055733
v -13.07000000178814 0.9236373484134673 0.04017220810055733
v -13.07000000178814 0.8764120817184449 0.10517220944166183
v -13.07000000178814 0.8 0.12999999523162842
v -13.07000000178814 0.8 0
v -13.07000000178814 0.8 0
v -13.07000000178814 0.8 0
v -13.07000000178814 0.8 0
v -13.07000000178814 0.8 0
v -13.07000000178814 0.8 0
v -13.07000000178814 0.8 0
v -13.07000000178814 0.8 0
v -13.07000000178814 0.8 0
v -13.07000000178814 0.8 0
v -13.07000000178814 0.8 0.12999999523162842
v -13.07000000178814 0.7235879182815552 0.10517220944166183
v -13.07000000178814 0.6763626515865326 0.04017220810055733
v -13.07000000178814 0.6763626515865326 -0.04017220810055733
v -13.07000000178814 0.7235879182815552 -0.10517220944166183
v -13.07000000178814 0.8 -0.12999999523162842
v -13.07000000178814 0.8764120817184449 -0.10517220944166183
v -13.07000000178814 0.9236373484134673 -0.04017220810055733
v -13.07000000178814 0.9236373484134673 0.04017220810055733
v -13.07000000178814 0.8764120817184449 0.10517220944166183
v -13.07000000178814 0.8 0.12999999523162842
vt 0 1
vt 0.10000000149011612 1
vt 0.20000000298023224 1
vt 0.30000001192092896 1
vt 0.4000000059604645 1
vt 0.5 1
vt 0.6000000238418579 1
vt 0.699999988079071 1
vt 0.800000011920929 1
vt 0.8999999761581421 1
vt 1 1
vt 0 0
vt 0.10000000149011612 0
vt 0.20000000298023224 0
vt 0.30000001192092896 0
vt 0.4000000059604645 0
vt 0.5 0
vt 0.6000000238418579 0
vt 0.699999988079071 0
vt 0.800000011920929 0
vt 0.8999999761581421 0
vt 1 0
vt 0.5 0.5
vt 0.5 0.5
vt 0.5 0.5
vt 0.5 0.5
vt 0.5 0.5
vt 0.5 0.5
vt 0.5 0.5
vt 0.5 0.5
vt 0.5 0.5
vt 0.5 0.5
vt 1 0.5
vt 0.9045084714889526 0.20610737800598145
vt 0.6545084714889526 0.024471741169691086
vt 0.345491498708725 0.024471741169691086
vt 0.09549150615930557 0.20610737800598145
vt 0 0.5
vt 0.09549150615930557 0.7938926219940186
vt 0.345491498708725 0.9755282402038574
vt 0.6545084714889526 0.9755282402038574
vt 0.9045084714889526 0.7938926219940186
vt 1 0.5
vn 0.3571374785024132 7.930045031799022e-17 0.934051830172683
vn 0.35713746842606353 -0.5490218950708002 0.7556638057887183
vn 0.3571374791021055 -0.8883360814962236 0.2886378827051776
vn 0.3571374791021055 -0.8883360814962236 -0.2886378827051776
vn 0.35713746842606353 -0.5490218950708002 -0.7556638057887183
vn 0.3571374785024132 -3.508791040020631e-17 -0.934051830172683
vn 0.3571374684260633 0.5490218950708005 -0.7556638057887183
vn 0.3571374791021051 0.8883360814962238 -0.2886378827051776
vn 0.3571374791021051 0.8883360814962238 0.2886378827051776
vn 0.3571374684260633 0.5490218950708005 0.7556638057887183
vn 0.3571374785024132 3.080771717543833e-16 0.934051830172683
vn 0.3571374785024132 7.930045031799022e-17 0.934051830172683
vn 0.35713746842606353 -0.5490218950708002 0.7556638057887183
vn 0.3571374791021055 -0.8883360814962236 0.2886378827051776
vn 0.3571374791021055 -0.8883360814962236 -0.2886378827051776
vn 0.35713746842606353 -0.5490218950708002 -0.7556638057887183
vn 0.3571374785024132 -3.508791040020631e-17 -0.934051830172683
vn 0.3571374684260633 0.5490218950708005 -0.7556638057887183
vn 0.3571374791021051 0.8883360814962238 -0.2886378827051776
vn 0.3571374791021051 0.8883360814962238 0.2886378827051776
vn 0.3571374684260633 0.5490218950708005 0.7556638057887183
vn 0.3571374785024132 3.080771717543833e-16 0.934051830172683
vn -1 -2.2204460492503136e-16 0
vn -1 -2.2204460492503136e-16 0
vn -1 -2.2204460492503136e-16 0
vn -1 -2.2204460492503136e-16 0
vn -1 -2.2204460492503136e-16 0
vn -1 -2.2204460492503136e-16 0
vn -1 -2.2204460492503136e-16 0
vn -1 -2.2204460492503136e-16 0
vn -1 -2.2204460492503136e-16 0
vn -1 -2.2204460492503136e-16 0
vn -1 -2.2204460492503136e-16 0
vn -1 -2.2204460492503136e-16 0
vn -1 -2.2204460492503136e-16 0
vn -1 -2.2204460492503136e-16 0
vn -1 -2.2204460492503136e-16 0
vn -1 -2.2204460492503136e-16 0
vn -1 -2.2204460492503136e-16 0
vn -1 -2.2204460492503136e-16 0
vn -1 -2.2204460492503136e-16 0
vn -1 -2.2204460492503136e-16 0
vn -1 -2.2204460492503136e-16 0
f 5573/2597/2597 5574/2598/2598 5563/2587/2587
f 5574/2598/2598 5575/2599/2599 5564/2588/2588
f 5575/2599/2599 5576/2600/2600 5565/2589/2589
f 5576/2600/2600 5577/2601/2601 5566/2590/2590
f 5577/2601/2601 5578/2602/2602 5567/2591/2591
f 5578/2602/2602 5579/2603/2603 5568/2592/2592
f 5579/2603/2603 5580/2604/2604 5569/2593/2593
f 5580/2604/2604 5581/2605/2605 5570/2594/2594
f 5581/2605/2605 5582/2606/2606 5571/2595/2595
f 5582/2606/2606 5583/2607/2607 5572/2596/2596
f 5595/2619/2619 5594/2618/2618 5584/2608/2608
f 5596/2620/2620 5595/2619/2619 5585/2609/2609
f 5597/2621/2621 5596/2620/2620 5586/2610/2610
f 5598/2622/2622 5597/2621/2621 5587/2611/2611
f 5599/2623/2623 5598/2622/2622 5588/2612/2612
f 5600/2624/2624 5599/2623/2623 5589/2613/2613
f 5601/2625/2625 5600/2624/2624 5590/2614/2614
f 5602/2626/2626 5601/2625/2625 5591/2615/2615
f 5603/2627/2627 5602/2626/2626 5592/2616/2616
f 5604/2628/2628 5603/2627/2627 5593/2617/2617
o 
v -10.300000190734863 1.350000023841858 0
v -9.600000381469727 1.350000023841858 0
v -9.199999809265137 1.899999976158142 0
l 5605 5606 5607 
o flecha
usemtl lima_solido
v -9.100010810343509 2.0374851357776746 0
v -9.100010810343509 2.0374851357776746 0
v -9.100010810343509 2.0374851357776746 0
v -9.100010810343509 2.0374851357776746 0
v -9.100010810343509 2.0374851357776746 0
v -9.100010810343509 2.0374851357776746 0
v -9.100010810343509 2.0374851357776746 0
v -9.100010810343509 2.0374851357776746 0
v -9.100010810343509 2.0374851357776746 0
v -9.100010810343509 2.0374851357776746 0
v -9.100010810343509 2.0374851357776746 0
v -9.29998918965649 1.7625148642223252 0.12999999523162842
v -9.23819198189406 1.717571440395103 0.10517220944166183
v -9.199999204626954 1.6897948751099348 0.04017220810055733
v -9.199999204626954 1.6897948751099348 -0.04017220810055733
v -9.23819198189406 1.717571440395103 -0.10517220944166183
v -9.29998918965649 1.7625148642223252 -0.12999999523162842
v -9.361786397418921 1.8074582880495471 -0.10517220944166183
v -9.399979174686028 1.8352348533347154 -0.04017220810055733
v -9.399979174686028 1.8352348533347154 0.04017220810055733
v -9.361786397418921 1.8074582880495471 0.10517220944166183
v -9.29998918965649 1.7625148642223252 0.12999999523162842
v -9.29998918965649 1.7625148642223252 0
v -9.29998918965649 1.7625148642223252 0
v -9.29998918965649 1.7625148642223252 0
v -9.29998918965649 1.7625148642223252 0
v -9.29998918965649 1.7625148642223252 0
v -9.29998918965649 1.7625148642223252 0
v -9.29998918965649 1.7625148642223252 0
v -9.29998918965649 1.7625148642223252 0
v -9.29998918965649 1.7625148642223252 0
v -9.29998918965649 1.7625148642223252 0
v -9.29998918965649 1.7625148642223252 0.12999999523162842
v -9.23819198189406 1.717571440395103 0.10517220944166183
v -9.199999204626954 1.6897948751099348 0.04017220810055733
v -9.199999204626954 1.6897948751099348 -0.04017220810055733
v -9.23819198189406 1.717571440395103 -0.10517220944166183
v -9.29998918965649 1.7625148642223252 -0.12999999523162842
v -9.361786397418921 1.8074582880495471 -0.10517220944166183
v -9.399979174686028 1.8352348533347154 -0.04017220810055733
v -9.399979174686028 1.8352348533347154 0.04017220810055733
v -9.361786397418921 1.8074582880495471 0.10517220944166183
v -9.29998918965649 1.7625148642223252 0.12999999523162842
vt 0 1
vt 0.10000000149011612 1
vt 0.20000000298023224 1
vt 0.30000001192092896 1
vt 0.4000000059604645 1
vt 0.5 1
vt 0.6000000238418579 1
vt 0.699999988079071 1
vt 0.800000011920929 1
vt 0.8999999761581421 1
vt 1 1
vt 0 0
vt 0.10000000149011612 0
vt 0.20000000298023224 0
vt 0.30000001192092896 0
vt 0.4000000059604645 0
vt 0.5 0
vt 0.6000000238418579 0
vt 0.699999988079071 0
vt 0.800000011920929 0
vt 0.8999999761581421 0
vt 1 0
vt 0.5 0.5
vt 0.5 0.5
vt 0.5 0.5
vt 0.5 0.5
vt 0.5 0.5
vt 0.5 0.5
vt 0.5 0.5
vt 0.5 0.5
vt 0.5 0.5
vt 0.5 0.5
vt 1 0.5
vt 0.9045084714889526 0.20610737800598145
vt 0.6545084714889526 0.024471741169691086
vt 0.345491498708725 0.024471741169691086
vt 0.09549150615930557 0.20610737800598145
vt 0 0.5
vt 0.09549150615930557 0.7938926219940186
vt 0.345491498708725 0.9755282402038574
vt 0.6545084714889526 0.9755282402038574
vt 0.9045084714889526 0.7938926219940186
vt 1 0.5
vn 0.2100581570341498 0.2888299659219557 0.934051830172683
vn 0.654071968723801 -0.034089182311715885 0.7556638057887183
vn 0.9284876014813657 -0.233664174752684 0.2886378827051776
vn 0.9284876014813657 -0.233664174752684 -0.2886378827051776
vn 0.654071968723801 -0.034089182311715885 -0.7556638057887183
vn 0.21005815703414987 0.28882996592195564 -0.934051830172683
vn -0.233955666508749 0.6117490978574119 -0.7556638057887183
vn -0.5083712867076221 0.8113241075665808 -0.2886378827051776
vn -0.5083712867076221 0.8113241075665808 0.2886378827051776
vn -0.233955666508749 0.6117490978574119 0.7556638057887183
vn 0.2100581570341496 0.2888299659219558 0.934051830172683
vn 0.2100581570341498 0.2888299659219557 0.934051830172683
vn 0.654071968723801 -0.034089182311715885 0.7556638057887183
vn 0.9284876014813657 -0.233664174752684 0.2886378827051776
vn 0.9284876014813657 -0.233664174752684 -0.2886378827051776
vn 0.654071968723801 -0.034089182311715885 -0.7556638057887183
vn 0.21005815703414987 0.28882996592195564 -0.934051830172683
vn -0.233955666508749 0.6117490978574119 -0.7556638057887183
vn -0.5083712867076221 0.8113241075665808 -0.2886378827051776
vn -0.5083712867076221 0.8113241075665808 0.2886378827051776
vn -0.233955666508749 0.6117490978574119 0.7556638057887183
vn 0.2100581570341496 0.2888299659219558 0.934051830172683
vn -0.5881716976750465 -0.8087360843031882 0
vn -0.5881716976750465 -0.8087360843031882 0
vn -0.5881716976750465 -0.8087360843031882 0
vn -0.5881716976750465 -0.8087360843031882 0
vn -0.5881716976750465 -0.8087360843031882 0
vn -0.5881716976750465 -0.8087360843031882 0
vn -0.5881716976750465 -0.8087360843031882 0
vn -0.5881716976750465 -0.8087360843031882 0
vn -0.5881716976750465 -0.8087360843031882 0
vn -0.5881716976750465 -0.8087360843031882 0
vn -0.5881716976750465 -0.8087360843031882 0
vn -0.5881716976750465 -0.8087360843031882 0
vn -0.5881716976750465 -0.8087360843031882 0
vn -0.5881716976750465 -0.8087360843031882 0
vn -0.5881716976750465 -0.8087360843031882 0
vn -0.5881716976750465 -0.8087360843031882 0
vn -0.5881716976750465 -0.8087360843031882 0
vn -0.5881716976750465 -0.8087360843031882 0
vn -0.5881716976750465 -0.8087360843031882 0
vn -0.5881716976750465 -0.8087360843031882 0
vn -0.5881716976750465 -0.8087360843031882 0
f 5619/2640/2640 5620/2641/2641 5609/2630/2630
f 5620/2641/2641 5621/2642/2642 5610/2631/2631
f 5621/2642/2642 5622/2643/2643 5611/2632/2632
f 5622/2643/2643 5623/2644/2644 5612/2633/2633
f 5623/2644/2644 5624/2645/2645 5613/2634/2634
f 5624/2645/2645 5625/2646/2646 5614/2635/2635
f 5625/2646/2646 5626/2647/2647 5615/2636/2636
f 5626/2647/2647 5627/2648/2648 5616/2637/2637
f 5627/2648/2648 5628/2649/2649 5617/2638/2638
f 5628/2649/2649 5629/2650/2650 5618/2639/2639
f 5641/2662/2662 5640/2661/2661 5630/2651/2651
f 5642/2663/2663 5641/2662/2662 5631/2652/2652
f 5643/2664/2664 5642/2663/2663 5632/2653/2653
f 5644/2665/2665 5643/2664/2664 5633/2654/2654
f 5645/2666/2666 5644/2665/2665 5634/2655/2655
f 5646/2667/2667 5645/2666/2666 5635/2656/2656
f 5647/2668/2668 5646/2667/2667 5636/2657/2657
f 5648/2669/2669 5647/2668/2668 5637/2658/2658
f 5649/2670/2670 5648/2669/2669 5638/2659/2659
f 5650/2671/2671 5649/2670/2670 5639/2660/2660
o 
v -7.900000095367432 0.5 0
v -7 0.5 0
l 5651 5652 
o flecha
usemtl lima_solido
v -6.829999998211861 0.5 0
v -6.829999998211861 0.5 0
v -6.829999998211861 0.5 0
v -6.829999998211861 0.5 0
v -6.829999998211861 0.5 0
v -6.829999998211861 0.5 0
v -6.829999998211861 0.5 0
v -6.829999998211861 0.5 0
v -6.829999998211861 0.5 0
v -6.829999998211861 0.5 0
v -6.829999998211861 0.5 0
v -7.170000001788139 0.49999999999999994 0.12999999523162842
v -7.170000001788139 0.4235879182815552 0.10517220944166183
v -7.170000001788139 0.3763626515865326 0.04017220810055733
v -7.170000001788139 0.3763626515865326 -0.04017220810055733
v -7.170000001788139 0.4235879182815552 -0.10517220944166183
v -7.170000001788139 0.49999999999999994 -0.12999999523162842
v -7.170000001788139 0.5764120817184448 -0.10517220944166183
v -7.170000001788139 0.6236373484134673 -0.04017220810055733
v -7.170000001788139 0.6236373484134673 0.04017220810055733
v -7.170000001788139 0.5764120817184448 0.10517220944166183
v -7.170000001788139 0.5 0.12999999523162842
v -7.170000001788139 0.49999999999999994 0
v -7.170000001788139 0.49999999999999994 0
v -7.170000001788139 0.49999999999999994 0
v -7.170000001788139 0.49999999999999994 0
v -7.170000001788139 0.49999999999999994 0
v -7.170000001788139 0.49999999999999994 0
v -7.170000001788139 0.49999999999999994 0
v -7.170000001788139 0.49999999999999994 0
v -7.170000001788139 0.49999999999999994 0
v -7.170000001788139 0.49999999999999994 0
v -7.170000001788139 0.49999999999999994 0.12999999523162842
v -7.170000001788139 0.4235879182815552 0.10517220944166183
v -7.170000001788139 0.3763626515865326 0.04017220810055733
v -7.170000001788139 0.3763626515865326 -0.04017220810055733
v -7.170000001788139 0.4235879182815552 -0.10517220944166183
v -7.170000001788139 0.49999999999999994 -0.12999999523162842
v -7.170000001788139 0.5764120817184448 -0.10517220944166183
v -7.170000001788139 0.6236373484134673 -0.04017220810055733
v -7.170000001788139 0.6236373484134673 0.04017220810055733
v -7.170000001788139 0.5764120817184448 0.10517220944166183
v -7.170000001788139 0.5 0.12999999523162842
vt 0 1
vt 0.10000000149011612 1
vt 0.20000000298023224 1
vt 0.30000001192092896 1
vt 0.4000000059604645 1
vt 0.5 1
vt 0.6000000238418579 1
vt 0.699999988079071 1
vt 0.800000011920929 1
vt 0.8999999761581421 1
vt 1 1
vt 0 0
vt 0.10000000149011612 0
vt 0.20000000298023224 0
vt 0.30000001192092896 0
vt 0.4000000059604645 0
vt 0.5 0
vt 0.6000000238418579 0
vt 0.699999988079071 0
vt 0.800000011920929 0
vt 0.8999999761581421 0
vt 1 0
vt 0.5 0.5
vt 0.5 0.5
vt 0.5 0.5
vt 0.5 0.5
vt 0.5 0.5
vt 0.5 0.5
vt 0.5 0.5
vt 0.5 0.5
vt 0.5 0.5
vt 0.5 0.5
vt 1 0.5
vt 0.9045084714889526 0.20610737800598145
vt 0.6545084714889526 0.024471741169691086
vt 0.345491498708725 0.024471741169691086
vt 0.09549150615930557 0.20610737800598145
vt 0 0.5
vt 0.09549150615930557 0.7938926219940186
vt 0.345491498708725 0.9755282402038574
vt 0.6545084714889526 0.9755282402038574
vt 0.9045084714889526 0.7938926219940186
vt 1 0.5
vn 0.3571374785024132 7.930045031799022e-17 0.934051830172683
vn 0.35713746842606353 -0.5490218950708002 0.7556638057887183
vn 0.3571374791021055 -0.8883360814962236 0.2886378827051776
vn 0.3571374791021055 -0.8883360814962236 -0.2886378827051776
vn 0.35713746842606353 -0.5490218950708002 -0.7556638057887183
vn 0.3571374785024132 -3.508791040020631e-17 -0.934051830172683
vn 0.3571374684260633 0.5490218950708005 -0.7556638057887183
vn 0.3571374791021051 0.8883360814962238 -0.2886378827051776
vn 0.3571374791021051 0.8883360814962238 0.2886378827051776
vn 0.3571374684260633 0.5490218950708005 0.7556638057887183
vn 0.3571374785024132 3.080771717543833e-16 0.934051830172683
vn 0.3571374785024132 7.930045031799022e-17 0.934051830172683
vn 0.35713746842606353 -0.5490218950708002 0.7556638057887183
vn 0.3571374791021055 -0.8883360814962236 0.2886378827051776
vn 0.3571374791021055 -0.8883360814962236 -0.2886378827051776
vn 0.35713746842606353 -0.5490218950708002 -0.7556638057887183
vn 0.3571374785024132 -3.508791040020631e-17 -0.934051830172683
vn 0.3571374684260633 0.5490218950708005 -0.7556638057887183
vn 0.3571374791021051 0.8883360814962238 -0.2886378827051776
vn 0.3571374791021051 0.8883360814962238 0.2886378827051776
vn 0.3571374684260633 0.5490218950708005 0.7556638057887183
vn 0.3571374785024132 3.080771717543833e-16 0.934051830172683
vn -1 -2.2204460492503136e-16 0
vn -1 -2.2204460492503136e-16 0
vn -1 -2.2204460492503136e-16 0
vn -1 -2.2204460492503136e-16 0
vn -1 -2.2204460492503136e-16 0
vn -1 -2.2204460492503136e-16 0
vn -1 -2.2204460492503136e-16 0
vn -1 -2.2204460492503136e-16 0
vn -1 -2.2204460492503136e-16 0
vn -1 -2.2204460492503136e-16 0
vn -1 -2.2204460492503136e-16 0
vn -1 -2.2204460492503136e-16 0
vn -1 -2.2204460492503136e-16 0
vn -1 -2.2204460492503136e-16 0
vn -1 -2.2204460492503136e-16 0
vn -1 -2.2204460492503136e-16 0
vn -1 -2.2204460492503136e-16 0
vn -1 -2.2204460492503136e-16 0
vn -1 -2.2204460492503136e-16 0
vn -1 -2.2204460492503136e-16 0
vn -1 -2.2204460492503136e-16 0
f 5664/2683/2683 5665/2684/2684 5654/2673/2673
f 5665/2684/2684 5666/2685/2685 5655/2674/2674
f 5666/2685/2685 5667/2686/2686 5656/2675/2675
f 5667/2686/2686 5668/2687/2687 5657/2676/2676
f 5668/2687/2687 5669/2688/2688 5658/2677/2677
f 5669/2688/2688 5670/2689/2689 5659/2678/2678
f 5670/2689/2689 5671/2690/2690 5660/2679/2679
f 5671/2690/2690 5672/2691/2691 5661/2680/2680
f 5672/2691/2691 5673/2692/2692 5662/2681/2681
f 5673/2692/2692 5674/2693/2693 5663/2682/2682
f 5686/2705/2705 5685/2704/2704 5675/2694/2694
f 5687/2706/2706 5686/2705/2705 5676/2695/2695
f 5688/2707/2707 5687/2706/2706 5677/2696/2696
f 5689/2708/2708 5688/2707/2707 5678/2697/2697
f 5690/2709/2709 5689/2708/2708 5679/2698/2698
f 5691/2710/2710 5690/2709/2709 5680/2699/2699
f 5692/2711/2711 5691/2710/2710 5681/2700/2700
f 5693/2712/2712 5692/2711/2711 5682/2701/2701
f 5694/2713/2713 5693/2712/2712 5683/2702/2702
f 5695/2714/2714 5694/2713/2713 5684/2703/2703
o 
v -5.050000190734863 0.5 0
v -4.349999904632568 0.5 0
l 5696 5697 
o flecha
usemtl lima_solido
v -4.17999999821186 0.5 0
v -4.17999999821186 0.5 0
v -4.17999999821186 0.5 0
v -4.17999999821186 0.5 0
v -4.17999999821186 0.5 0
v -4.17999999821186 0.5 0
v -4.17999999821186 0.5 0
v -4.17999999821186 0.5 0
v -4.17999999821186 0.5 0
v -4.17999999821186 0.5 0
v -4.17999999821186 0.5 0
v -4.520000001788139 0.49999999999999994 0.12999999523162842
v -4.520000001788139 0.4235879182815552 0.10517220944166183
v -4.520000001788139 0.3763626515865326 0.04017220810055733
v -4.520000001788139 0.3763626515865326 -0.04017220810055733
v -4.520000001788139 0.4235879182815552 -0.10517220944166183
v -4.520000001788139 0.49999999999999994 -0.12999999523162842
v -4.520000001788139 0.5764120817184448 -0.10517220944166183
v -4.520000001788139 0.6236373484134673 -0.04017220810055733
v -4.520000001788139 0.6236373484134673 0.04017220810055733
v -4.520000001788139 0.5764120817184448 0.10517220944166183
v -4.520000001788139 0.5 0.12999999523162842
v -4.520000001788139 0.49999999999999994 0
v -4.520000001788139 0.49999999999999994 0
v -4.520000001788139 0.49999999999999994 0
v -4.520000001788139 0.49999999999999994 0
v -4.520000001788139 0.49999999999999994 0
v -4.520000001788139 0.49999999999999994 0
v -4.520000001788139 0.49999999999999994 0
v -4.520000001788139 0.49999999999999994 0
v -4.520000001788139 0.49999999999999994 0
v -4.520000001788139 0.49999999999999994 0
v -4.520000001788139 0.49999999999999994 0.12999999523162842
v -4.520000001788139 0.4235879182815552 0.10517220944166183
v -4.520000001788139 0.3763626515865326 0.04017220810055733
v -4.520000001788139 0.3763626515865326 -0.04017220810055733
v -4.520000001788139 0.4235879182815552 -0.10517220944166183
v -4.520000001788139 0.49999999999999994 -0.12999999523162842
v -4.520000001788139 0.5764120817184448 -0.10517220944166183
v -4.520000001788139 0.6236373484134673 -0.04017220810055733
v -4.520000001788139 0.6236373484134673 0.04017220810055733
v -4.520000001788139 0.5764120817184448 0.10517220944166183
v -4.520000001788139 0.5 0.12999999523162842
vt 0 1
vt 0.10000000149011612 1
vt 0.20000000298023224 1
vt 0.30000001192092896 1
vt 0.4000000059604645 1
vt 0.5 1
vt 0.6000000238418579 1
vt 0.699999988079071 1
vt 0.800000011920929 1
vt 0.8999999761581421 1
vt 1 1
vt 0 0
vt 0.10000000149011612 0
vt 0.20000000298023224 0
vt 0.30000001192092896 0
vt 0.4000000059604645 0
vt 0.5 0
vt 0.6000000238418579 0
vt 0.699999988079071 0
vt 0.800000011920929 0
vt 0.8999999761581421 0
vt 1 0
vt 0.5 0.5
vt 0.5 0.5
vt 0.5 0.5
vt 0.5 0.5
vt 0.5 0.5
vt 0.5 0.5
vt 0.5 0.5
vt 0.5 0.5
vt 0.5 0.5
vt 0.5 0.5
vt 1 0.5
vt 0.9045084714889526 0.20610737800598145
vt 0.6545084714889526 0.024471741169691086
vt 0.345491498708725 0.024471741169691086
vt 0.09549150615930557 0.20610737800598145
vt 0 0.5
vt 0.09549150615930557 0.7938926219940186
vt 0.345491498708725 0.9755282402038574
vt 0.6545084714889526 0.9755282402038574
vt 0.9045084714889526 0.7938926219940186
vt 1 0.5
vn 0.3571374785024132 7.930045031799022e-17 0.934051830172683
vn 0.35713746842606353 -0.5490218950708002 0.7556638057887183
vn 0.3571374791021055 -0.8883360814962236 0.2886378827051776
vn 0.3571374791021055 -0.8883360814962236 -0.2886378827051776
vn 0.35713746842606353 -0.5490218950708002 -0.7556638057887183
vn 0.3571374785024132 -3.508791040020631e-17 -0.934051830172683
vn 0.3571374684260633 0.5490218950708005 -0.7556638057887183
vn 0.3571374791021051 0.8883360814962238 -0.2886378827051776
vn 0.3571374791021051 0.8883360814962238 0.2886378827051776
vn 0.3571374684260633 0.5490218950708005 0.7556638057887183
vn 0.3571374785024132 3.080771717543833e-16 0.934051830172683
vn 0.3571374785024132 7.930045031799022e-17 0.934051830172683
vn 0.35713746842606353 -0.5490218950708002 0.7556638057887183
vn 0.3571374791021055 -0.8883360814962236 0.2886378827051776
vn 0.3571374791021055 -0.8883360814962236 -0.2886378827051776
vn 0.35713746842606353 -0.5490218950708002 -0.7556638057887183
vn 0.3571374785024132 -3.508791040020631e-17 -0.934051830172683
vn 0.3571374684260633 0.5490218950708005 -0.7556638057887183
vn 0.3571374791021051 0.8883360814962238 -0.2886378827051776
vn 0.3571374791021051 0.8883360814962238 0.2886378827051776
vn 0.3571374684260633 0.5490218950708005 0.7556638057887183
vn 0.3571374785024132 3.080771717543833e-16 0.934051830172683
vn -1 -2.2204460492503136e-16 0
vn -1 -2.2204460492503136e-16 0
vn -1 -2.2204460492503136e-16 0
vn -1 -2.2204460492503136e-16 0
vn -1 -2.2204460492503136e-16 0
vn -1 -2.2204460492503136e-16 0
vn -1 -2.2204460492503136e-16 0
vn -1 -2.2204460492503136e-16 0
vn -1 -2.2204460492503136e-16 0
vn -1 -2.2204460492503136e-16 0
vn -1 -2.2204460492503136e-16 0
vn -1 -2.2204460492503136e-16 0
vn -1 -2.2204460492503136e-16 0
vn -1 -2.2204460492503136e-16 0
vn -1 -2.2204460492503136e-16 0
vn -1 -2.2204460492503136e-16 0
vn -1 -2.2204460492503136e-16 0
vn -1 -2.2204460492503136e-16 0
vn -1 -2.2204460492503136e-16 0
vn -1 -2.2204460492503136e-16 0
vn -1 -2.2204460492503136e-16 0
f 5709/2726/2726 5710/2727/2727 5699/2716/2716
f 5710/2727/2727 5711/2728/2728 5700/2717/2717
f 5711/2728/2728 5712/2729/2729 5701/2718/2718
f 5712/2729/2729 5713/2730/2730 5702/2719/2719
f 5713/2730/2730 5714/2731/2731 5703/2720/2720
f 5714/2731/2731 5715/2732/2732 5704/2721/2721
f 5715/2732/2732 5716/2733/2733 5705/2722/2722
f 5716/2733/2733 5717/2734/2734 5706/2723/2723
f 5717/2734/2734 5718/2735/2735 5707/2724/2724
f 5718/2735/2735 5719/2736/2736 5708/2725/2725
f 5731/2748/2748 5730/2747/2747 5720/2737/2737
f 5732/2749/2749 5731/2748/2748 5721/2738/2738
f 5733/2750/2750 5732/2749/2749 5722/2739/2739
f 5734/2751/2751 5733/2750/2750 5723/2740/2740
f 5735/2752/2752 5734/2751/2751 5724/2741/2741
f 5736/2753/2753 5735/2752/2752 5725/2742/2742
f 5737/2754/2754 5736/2753/2753 5726/2743/2743
f 5738/2755/2755 5737/2754/2754 5727/2744/2744
f 5739/2756/2756 5738/2755/2755 5728/2745/2745
f 5740/2757/2757 5739/2756/2756 5729/2746/2746
o 
v -3.5 0.5 0
v -2.4000000953674316 0.5 0
v -1.600000023841858 0.5 -2.9000000953674316
v -1 0.5 -2.9000000953674316
l 5741 5742 5743 5744 
o flecha
usemtl lima_solido
v -0.8299999982118607 0.5 -2.9
v -0.8299999982118607 0.5 -2.9
v -0.8299999982118607 0.5 -2.9
v -0.8299999982118607 0.5 -2.9
v -0.8299999982118607 0.5 -2.9
v -0.8299999982118607 0.5 -2.9
v -0.8299999982118607 0.5 -2.9
v -0.8299999982118607 0.5 -2.9
v -0.8299999982118607 0.5 -2.9
v -0.8299999982118607 0.5 -2.9
v -0.8299999982118607 0.5 -2.9
v -1.1700000017881393 0.49999999999999994 -2.7700000047683715
v -1.1700000017881393 0.4235879182815552 -2.794827790558338
v -1.1700000017881393 0.3763626515865326 -2.8598277918994426
v -1.1700000017881393 0.3763626515865326 -2.9401722081005572
v -1.1700000017881393 0.4235879182815552 -3.0051722094416617
v -1.1700000017881393 0.49999999999999994 -3.0299999952316283
v -1.1700000017881393 0.5764120817184448 -3.0051722094416617
v -1.1700000017881393 0.6236373484134673 -2.9401722081005572
v -1.1700000017881393 0.6236373484134673 -2.8598277918994426
v -1.1700000017881393 0.5764120817184448 -2.794827790558338
v -1.1700000017881393 0.5 -2.7700000047683715
v -1.1700000017881393 0.49999999999999994 -2.9
v -1.1700000017881393 0.49999999999999994 -2.9
v -1.1700000017881393 0.49999999999999994 -2.9
v -1.1700000017881393 0.49999999999999994 -2.9
v -1.1700000017881393 0.49999999999999994 -2.9
v -1.1700000017881393 0.49999999999999994 -2.9
v -1.1700000017881393 0.49999999999999994 -2.9
v -1.1700000017881393 0.49999999999999994 -2.9
v -1.1700000017881393 0.49999999999999994 -2.9
v -1.1700000017881393 0.49999999999999994 -2.9
v -1.1700000017881393 0.49999999999999994 -2.7700000047683715
v -1.1700000017881393 0.4235879182815552 -2.794827790558338
v -1.1700000017881393 0.3763626515865326 -2.8598277918994426
v -1.1700000017881393 0.3763626515865326 -2.9401722081005572
v -1.1700000017881393 0.4235879182815552 -3.0051722094416617
v -1.1700000017881393 0.49999999999999994 -3.0299999952316283
v -1.1700000017881393 0.5764120817184448 -3.0051722094416617
v -1.1700000017881393 0.6236373484134673 -2.9401722081005572
v -1.1700000017881393 0.6236373484134673 -2.8598277918994426
v -1.1700000017881393 0.5764120817184448 -2.794827790558338
v -1.1700000017881393 0.5 -2.7700000047683715
vt 0 1
vt 0.10000000149011612 1
vt 0.20000000298023224 1
vt 0.30000001192092896 1
vt 0.4000000059604645 1
vt 0.5 1
vt 0.6000000238418579 1
vt 0.699999988079071 1
vt 0.800000011920929 1
vt 0.8999999761581421 1
vt 1 1
vt 0 0
vt 0.10000000149011612 0
vt 0.20000000298023224 0
vt 0.30000001192092896 0
vt 0.4000000059604645 0
vt 0.5 0
vt 0.6000000238418579 0
vt 0.699999988079071 0
vt 0.800000011920929 0
vt 0.8999999761581421 0
vt 1 0
vt 0.5 0.5
vt 0.5 0.5
vt 0.5 0.5
vt 0.5 0.5
vt 0.5 0.5
vt 0.5 0.5
vt 0.5 0.5
vt 0.5 0.5
vt 0.5 0.5
vt 0.5 0.5
vt 1 0.5
vt 0.9045084714889526 0.20610737800598145
vt 0.6545084714889526 0.024471741169691086
vt 0.345491498708725 0.024471741169691086
vt 0.09549150615930557 0.20610737800598145
vt 0 0.5
vt 0.09549150615930557 0.7938926219940186
vt 0.345491498708725 0.9755282402038574
vt 0.6545084714889526 0.9755282402038574
vt 0.9045084714889526 0.7938926219940186
vt 1 0.5
vn 0.3571374785024132 7.930045031799022e-17 0.934051830172683
vn 0.35713746842606353 -0.5490218950708002 0.7556638057887183
vn 0.3571374791021055 -0.8883360814962236 0.2886378827051776
vn 0.3571374791021055 -0.8883360814962236 -0.2886378827051776
vn 0.35713746842606353 -0.5490218950708002 -0.7556638057887183
vn 0.3571374785024132 -3.508791040020631e-17 -0.934051830172683
vn 0.3571374684260633 0.5490218950708005 -0.7556638057887183
vn 0.3571374791021051 0.8883360814962238 -0.2886378827051776
vn 0.3571374791021051 0.8883360814962238 0.2886378827051776
vn 0.3571374684260633 0.5490218950708005 0.7556638057887183
vn 0.3571374785024132 3.080771717543833e-16 0.934051830172683
vn 0.3571374785024132 7.930045031799022e-17 0.934051830172683
vn 0.35713746842606353 -0.5490218950708002 0.7556638057887183
vn 0.3571374791021055 -0.8883360814962236 0.2886378827051776
vn 0.3571374791021055 -0.8883360814962236 -0.2886378827051776
vn 0.35713746842606353 -0.5490218950708002 -0.7556638057887183
vn 0.3571374785024132 -3.508791040020631e-17 -0.934051830172683
vn 0.3571374684260633 0.5490218950708005 -0.7556638057887183
vn 0.3571374791021051 0.8883360814962238 -0.2886378827051776
vn 0.3571374791021051 0.8883360814962238 0.2886378827051776
vn 0.3571374684260633 0.5490218950708005 0.7556638057887183
vn 0.3571374785024132 3.080771717543833e-16 0.934051830172683
vn -1 -2.2204460492503136e-16 0
vn -1 -2.2204460492503136e-16 0
vn -1 -2.2204460492503136e-16 0
vn -1 -2.2204460492503136e-16 0
vn -1 -2.2204460492503136e-16 0
vn -1 -2.2204460492503136e-16 0
vn -1 -2.2204460492503136e-16 0
vn -1 -2.2204460492503136e-16 0
vn -1 -2.2204460492503136e-16 0
vn -1 -2.2204460492503136e-16 0
vn -1 -2.2204460492503136e-16 0
vn -1 -2.2204460492503136e-16 0
vn -1 -2.2204460492503136e-16 0
vn -1 -2.2204460492503136e-16 0
vn -1 -2.2204460492503136e-16 0
vn -1 -2.2204460492503136e-16 0
vn -1 -2.2204460492503136e-16 0
vn -1 -2.2204460492503136e-16 0
vn -1 -2.2204460492503136e-16 0
vn -1 -2.2204460492503136e-16 0
vn -1 -2.2204460492503136e-16 0
f 5756/2769/2769 5757/2770/2770 5746/2759/2759
f 5757/2770/2770 5758/2771/2771 5747/2760/2760
f 5758/2771/2771 5759/2772/2772 5748/2761/2761
f 5759/2772/2772 5760/2773/2773 5749/2762/2762
f 5760/2773/2773 5761/2774/2774 5750/2763/2763
f 5761/2774/2774 5762/2775/2775 5751/2764/2764
f 5762/2775/2775 5763/2776/2776 5752/2765/2765
f 5763/2776/2776 5764/2777/2777 5753/2766/2766
f 5764/2777/2777 5765/2778/2778 5754/2767/2767
f 5765/2778/2778 5766/2779/2779 5755/2768/2768
f 5778/2791/2791 5777/2790/2790 5767/2780/2780
f 5779/2792/2792 5778/2791/2791 5768/2781/2781
f 5780/2793/2793 5779/2792/2792 5769/2782/2782
f 5781/2794/2794 5780/2793/2793 5770/2783/2783
f 5782/2795/2795 5781/2794/2794 5771/2784/2784
f 5783/2796/2796 5782/2795/2795 5772/2785/2785
f 5784/2797/2797 5783/2796/2796 5773/2786/2786
f 5785/2798/2798 5784/2797/2797 5774/2787/2787
f 5786/2799/2799 5785/2798/2798 5775/2788/2788
f 5787/2800/2800 5786/2799/2799 5776/2789/2789
o 
v -2.4000000953674316 0.5 0
v -1.600000023841858 0.5 2.9000000953674316
v -1 0.5 2.9000000953674316
l 5788 5789 5790 
o flecha
usemtl lima_solido
v -0.8299999982118607 0.5 2.9
v -0.8299999982118607 0.5 2.9
v -0.8299999982118607 0.5 2.9
v -0.8299999982118607 0.5 2.9
v -0.8299999982118607 0.5 2.9
v -0.8299999982118607 0.5 2.9
v -0.8299999982118607 0.5 2.9
v -0.8299999982118607 0.5 2.9
v -0.8299999982118607 0.5 2.9
v -0.8299999982118607 0.5 2.9
v -0.8299999982118607 0.5 2.9
v -1.1700000017881393 0.49999999999999994 3.0299999952316283
v -1.1700000017881393 0.4235879182815552 3.0051722094416617
v -1.1700000017881393 0.3763626515865326 2.9401722081005572
v -1.1700000017881393 0.3763626515865326 2.8598277918994426
v -1.1700000017881393 0.4235879182815552 2.794827790558338
v -1.1700000017881393 0.49999999999999994 2.7700000047683715
v -1.1700000017881393 0.5764120817184448 2.794827790558338
v -1.1700000017881393 0.6236373484134673 2.8598277918994426
v -1.1700000017881393 0.6236373484134673 2.9401722081005572
v -1.1700000017881393 0.5764120817184448 3.0051722094416617
v -1.1700000017881393 0.5 3.0299999952316283
v -1.1700000017881393 0.49999999999999994 2.9
v -1.1700000017881393 0.49999999999999994 2.9
v -1.1700000017881393 0.49999999999999994 2.9
v -1.1700000017881393 0.49999999999999994 2.9
v -1.1700000017881393 0.49999999999999994 2.9
v -1.1700000017881393 0.49999999999999994 2.9
v -1.1700000017881393 0.49999999999999994 2.9
v -1.1700000017881393 0.49999999999999994 2.9
v -1.1700000017881393 0.49999999999999994 2.9
v -1.1700000017881393 0.49999999999999994 2.9
v -1.1700000017881393 0.49999999999999994 3.0299999952316283
v -1.1700000017881393 0.4235879182815552 3.0051722094416617
v -1.1700000017881393 0.3763626515865326 2.9401722081005572
v -1.1700000017881393 0.3763626515865326 2.8598277918994426
v -1.1700000017881393 0.4235879182815552 2.794827790558338
v -1.1700000017881393 0.49999999999999994 2.7700000047683715
v -1.1700000017881393 0.5764120817184448 2.794827790558338
v -1.1700000017881393 0.6236373484134673 2.8598277918994426
v -1.1700000017881393 0.6236373484134673 2.9401722081005572
v -1.1700000017881393 0.5764120817184448 3.0051722094416617
v -1.1700000017881393 0.5 3.0299999952316283
vt 0 1
vt 0.10000000149011612 1
vt 0.20000000298023224 1
vt 0.30000001192092896 1
vt 0.4000000059604645 1
vt 0.5 1
vt 0.6000000238418579 1
vt 0.699999988079071 1
vt 0.800000011920929 1
vt 0.8999999761581421 1
vt 1 1
vt 0 0
vt 0.10000000149011612 0
vt 0.20000000298023224 0
vt 0.30000001192092896 0
vt 0.4000000059604645 0
vt 0.5 0
vt 0.6000000238418579 0
vt 0.699999988079071 0
vt 0.800000011920929 0
vt 0.8999999761581421 0
vt 1 0
vt 0.5 0.5
vt 0.5 0.5
vt 0.5 0.5
vt 0.5 0.5
vt 0.5 0.5
vt 0.5 0.5
vt 0.5 0.5
vt 0.5 0.5
vt 0.5 0.5
vt 0.5 0.5
vt 1 0.5
vt 0.9045084714889526 0.20610737800598145
vt 0.6545084714889526 0.024471741169691086
vt 0.345491498708725 0.024471741169691086
vt 0.09549150615930557 0.20610737800598145
vt 0 0.5
vt 0.09549150615930557 0.7938926219940186
vt 0.345491498708725 0.9755282402038574
vt 0.6545084714889526 0.9755282402038574
vt 0.9045084714889526 0.7938926219940186
vt 1 0.5
vn 0.3571374785024132 7.930045031799022e-17 0.934051830172683
vn 0.35713746842606353 -0.5490218950708002 0.7556638057887183
vn 0.3571374791021055 -0.8883360814962236 0.2886378827051776
vn 0.3571374791021055 -0.8883360814962236 -0.2886378827051776
vn 0.35713746842606353 -0.5490218950708002 -0.7556638057887183
vn 0.3571374785024132 -3.508791040020631e-17 -0.934051830172683
vn 0.3571374684260633 0.5490218950708005 -0.7556638057887183
vn 0.3571374791021051 0.8883360814962238 -0.2886378827051776
vn 0.3571374791021051 0.8883360814962238 0.2886378827051776
vn 0.3571374684260633 0.5490218950708005 0.7556638057887183
vn 0.3571374785024132 3.080771717543833e-16 0.934051830172683
vn 0.3571374785024132 7.930045031799022e-17 0.934051830172683
vn 0.35713746842606353 -0.5490218950708002 0.7556638057887183
vn 0.3571374791021055 -0.8883360814962236 0.2886378827051776
vn 0.3571374791021055 -0.8883360814962236 -0.2886378827051776
vn 0.35713746842606353 -0.5490218950708002 -0.7556638057887183
vn 0.3571374785024132 -3.508791040020631e-17 -0.934051830172683
vn 0.3571374684260633 0.5490218950708005 -0.7556638057887183
vn 0.3571374791021051 0.8883360814962238 -0.2886378827051776
vn 0.3571374791021051 0.8883360814962238 0.2886378827051776
vn 0.3571374684260633 0.5490218950708005 0.7556638057887183
vn 0.3571374785024132 3.080771717543833e-16 0.934051830172683
vn -1 -2.2204460492503136e-16 0
vn -1 -2.2204460492503136e-16 0
vn -1 -2.2204460492503136e-16 0
vn -1 -2.2204460492503136e-16 0
vn -1 -2.2204460492503136e-16 0
vn -1 -2.2204460492503136e-16 0
vn -1 -2.2204460492503136e-16 0
vn -1 -2.2204460492503136e-16 0
vn -1 -2.2204460492503136e-16 0
vn -1 -2.2204460492503136e-16 0
vn -1 -2.2204460492503136e-16 0
vn -1 -2.2204460492503136e-16 0
vn -1 -2.2204460492503136e-16 0
vn -1 -2.2204460492503136e-16 0
vn -1 -2.2204460492503136e-16 0
vn -1 -2.2204460492503136e-16 0
vn -1 -2.2204460492503136e-16 0
vn -1 -2.2204460492503136e-16 0
vn -1 -2.2204460492503136e-16 0
vn -1 -2.2204460492503136e-16 0
vn -1 -2.2204460492503136e-16 0
f 5802/2812/2812 5803/2813/2813 5792/2802/2802
f 5803/2813/2813 5804/2814/2814 5793/2803/2803
f 5804/2814/2814 5805/2815/2815 5794/2804/2804
f 5805/2815/2815 5806/2816/2816 5795/2805/2805
f 5806/2816/2816 5807/2817/2817 5796/2806/2806
f 5807/2817/2817 5808/2818/2818 5797/2807/2807
f 5808/2818/2818 5809/2819/2819 5798/2808/2808
f 5809/2819/2819 5810/2820/2820 5799/2809/2809
f 5810/2820/2820 5811/2821/2821 5800/2810/2810
f 5811/2821/2821 5812/2822/2822 5801/2811/2811
f 5824/2834/2834 5823/2833/2833 5813/2823/2823
f 5825/2835/2835 5824/2834/2834 5814/2824/2824
f 5826/2836/2836 5825/2835/2835 5815/2825/2825
f 5827/2837/2837 5826/2836/2836 5816/2826/2826
f 5828/2838/2838 5827/2837/2837 5817/2827/2827
f 5829/2839/2839 5828/2838/2838 5818/2828/2828
f 5830/2840/2840 5829/2839/2839 5819/2829/2829
f 5831/2841/2841 5830/2840/2840 5820/2830/2830
f 5832/2842/2842 5831/2841/2841 5821/2831/2831
f 5833/2843/2843 5832/2842/2842 5822/2832/2832
o 
v 1.399999976158142 4.800000190734863 -2.9000000953674316
v 1.399999976158142 5.099999904632568 -2.9000000953674316
v 4.599999904632568 5.099999904632568 0
v 4.599999904632568 1.149999976158142 0
v 5.150000095367432 1.149999976158142 0
l 5834 5835 5836 5837 5838 
o flecha
usemtl lima_solido
v 5.32000000178814 1.15 0
v 5.32000000178814 1.15 0
v 5.32000000178814 1.15 0
v 5.32000000178814 1.15 0
v 5.32000000178814 1.15 0
v 5.32000000178814 1.15 0
v 5.32000000178814 1.15 0
v 5.32000000178814 1.15 0
v 5.32000000178814 1.15 0
v 5.32000000178814 1.15 0
v 5.32000000178814 1.15 0
v 4.979999998211861 1.15 0.12999999523162842
v 4.979999998211861 1.073587918281555 0.10517220944166183
v 4.979999998211861 1.0263626515865325 0.04017220810055733
v 4.979999998211861 1.0263626515865325 -0.04017220810055733
v 4.979999998211861 1.073587918281555 -0.10517220944166183
v 4.979999998211861 1.15 -0.12999999523162842
v 4.979999998211861 1.2264120817184447 -0.10517220944166183
v 4.979999998211861 1.2736373484134673 -0.04017220810055733
v 4.979999998211861 1.2736373484134673 0.04017220810055733
v 4.979999998211861 1.2264120817184447 0.10517220944166183
v 4.979999998211861 1.15 0.12999999523162842
v 4.979999998211861 1.15 0
v 4.979999998211861 1.15 0
v 4.979999998211861 1.15 0
v 4.979999998211861 1.15 0
v 4.979999998211861 1.15 0
v 4.979999998211861 1.15 0
v 4.979999998211861 1.15 0
v 4.979999998211861 1.15 0
v 4.979999998211861 1.15 0
v 4.979999998211861 1.15 0
v 4.979999998211861 1.15 0.12999999523162842
v 4.979999998211861 1.073587918281555 0.10517220944166183
v 4.979999998211861 1.0263626515865325 0.04017220810055733
v 4.979999998211861 1.0263626515865325 -0.04017220810055733
v 4.979999998211861 1.073587918281555 -0.10517220944166183
v 4.979999998211861 1.15 -0.12999999523162842
v 4.979999998211861 1.2264120817184447 -0.10517220944166183
v 4.979999998211861 1.2736373484134673 -0.04017220810055733
v 4.979999998211861 1.2736373484134673 0.04017220810055733
v 4.979999998211861 1.2264120817184447 0.10517220944166183
v 4.979999998211861 1.15 0.12999999523162842
vt 0 1
vt 0.10000000149011612 1
vt 0.20000000298023224 1
vt 0.30000001192092896 1
vt 0.4000000059604645 1
vt 0.5 1
vt 0.6000000238418579 1
vt 0.699999988079071 1
vt 0.800000011920929 1
vt 0.8999999761581421 1
vt 1 1
vt 0 0
vt 0.10000000149011612 0
vt 0.20000000298023224 0
vt 0.30000001192092896 0
vt 0.4000000059604645 0
vt 0.5 0
vt 0.6000000238418579 0
vt 0.699999988079071 0
vt 0.800000011920929 0
vt 0.8999999761581421 0
vt 1 0
vt 0.5 0.5
vt 0.5 0.5
vt 0.5 0.5
vt 0.5 0.5
vt 0.5 0.5
vt 0.5 0.5
vt 0.5 0.5
vt 0.5 0.5
vt 0.5 0.5
vt 0.5 0.5
vt 1 0.5
vt 0.9045084714889526 0.20610737800598145
vt 0.6545084714889526 0.024471741169691086
vt 0.345491498708725 0.024471741169691086
vt 0.09549150615930557 0.20610737800598145
vt 0 0.5
vt 0.09549150615930557 0.7938926219940186
vt 0.345491498708725 0.9755282402038574
vt 0.6545084714889526 0.9755282402038574
vt 0.9045084714889526 0.7938926219940186
vt 1 0.5
vn 0.3571374785024132 7.930045031799022e-17 0.934051830172683
vn 0.35713746842606353 -0.5490218950708002 0.7556638057887183
vn 0.3571374791021055 -0.8883360814962236 0.2886378827051776
vn 0.3571374791021055 -0.8883360814962236 -0.2886378827051776
vn 0.35713746842606353 -0.5490218950708002 -0.7556638057887183
vn 0.3571374785024132 -3.508791040020631e-17 -0.934051830172683
vn 0.3571374684260633 0.5490218950708005 -0.7556638057887183
vn 0.3571374791021051 0.8883360814962238 -0.2886378827051776
vn 0.3571374791021051 0.8883360814962238 0.2886378827051776
vn 0.3571374684260633 0.5490218950708005 0.7556638057887183
vn 0.3571374785024132 3.080771717543833e-16 0.934051830172683
vn 0.3571374785024132 7.930045031799022e-17 0.934051830172683
vn 0.35713746842606353 -0.5490218950708002 0.7556638057887183
vn 0.3571374791021055 -0.8883360814962236 0.2886378827051776
vn 0.3571374791021055 -0.8883360814962236 -0.2886378827051776
vn 0.35713746842606353 -0.5490218950708002 -0.7556638057887183
vn 0.3571374785024132 -3.508791040020631e-17 -0.934051830172683
vn 0.3571374684260633 0.5490218950708005 -0.7556638057887183
vn 0.3571374791021051 0.8883360814962238 -0.2886378827051776
vn 0.3571374791021051 0.8883360814962238 0.2886378827051776
vn 0.3571374684260633 0.5490218950708005 0.7556638057887183
vn 0.3571374785024132 3.080771717543833e-16 0.934051830172683
vn -1 -2.2204460492503136e-16 0
vn -1 -2.2204460492503136e-16 0
vn -1 -2.2204460492503136e-16 0
vn -1 -2.2204460492503136e-16 0
vn -1 -2.2204460492503136e-16 0
vn -1 -2.2204460492503136e-16 0
vn -1 -2.2204460492503136e-16 0
vn -1 -2.2204460492503136e-16 0
vn -1 -2.2204460492503136e-16 0
vn -1 -2.2204460492503136e-16 0
vn -1 -2.2204460492503136e-16 0
vn -1 -2.2204460492503136e-16 0
vn -1 -2.2204460492503136e-16 0
vn -1 -2.2204460492503136e-16 0
vn -1 -2.2204460492503136e-16 0
vn -1 -2.2204460492503136e-16 0
vn -1 -2.2204460492503136e-16 0
vn -1 -2.2204460492503136e-16 0
vn -1 -2.2204460492503136e-16 0
vn -1 -2.2204460492503136e-16 0
vn -1 -2.2204460492503136e-16 0
f 5850/2855/2855 5851/2856/2856 5840/2845/2845
f 5851/2856/2856 5852/2857/2857 5841/2846/2846
f 5852/2857/2857 5853/2858/2858 5842/2847/2847
f 5853/2858/2858 5854/2859/2859 5843/2848/2848
f 5854/2859/2859 5855/2860/2860 5844/2849/2849
f 5855/2860/2860 5856/2861/2861 5845/2850/2850
f 5856/2861/2861 5857/2862/2862 5846/2851/2851
f 5857/2862/2862 5858/2863/2863 5847/2852/2852
f 5858/2863/2863 5859/2864/2864 5848/2853/2853
f 5859/2864/2864 5860/2865/2865 5849/2854/2854
f 5872/2877/2877 5871/2876/2876 5861/2866/2866
f 5873/2878/2878 5872/2877/2877 5862/2867/2867
f 5874/2879/2879 5873/2878/2878 5863/2868/2868
f 5875/2880/2880 5874/2879/2879 5864/2869/2869
f 5876/2881/2881 5875/2880/2880 5865/2870/2870
f 5877/2882/2882 5876/2881/2881 5866/2871/2871
f 5878/2883/2883 5877/2882/2882 5867/2872/2872
f 5879/2884/2884 5878/2883/2883 5868/2873/2873
f 5880/2885/2885 5879/2884/2884 5869/2874/2874
f 5881/2886/2886 5880/2885/2885 5870/2875/2875
o 
v 1.399999976158142 4.800000190734863 2.9000000953674316
v 1.399999976158142 5.099999904632568 2.9000000953674316
v 4.599999904632568 5.099999904632568 0
l 5882 5883 5884 
o flecha
usemtl lima_solido
v 4.700774226455284 5.1 -0.09132664272510112
v 4.700774226455284 5.1 -0.09132664272510112
v 4.700774226455284 5.1 -0.09132664272510112
v 4.700774226455284 5.1 -0.09132664272510112
v 4.700774226455284 5.1 -0.09132664272510112
v 4.700774226455284 5.1 -0.09132664272510112
v 4.700774226455284 5.1 -0.09132664272510112
v 4.700774226455284 5.1 -0.09132664272510112
v 4.700774226455284 5.1 -0.09132664272510112
v 4.700774226455284 5.1 -0.09132664272510112
v 4.700774226455284 5.1 -0.09132664272510112
v 4.55097483330877 5.169838017611197 0.1484290534992298
v 4.568657353635686 5.111203860877882 0.16794080006686135
v 4.559819368883287 5.048290204951721 0.158188541029731
v 4.527836690820172 5.00512793603304 0.12289731006353631
v 4.484925612842668 4.998203570345434 0.07554715505387541
v 4.447476713780661 5.030161982388802 0.03422423195097242
v 4.429794193453746 5.088796139122118 0.014712485383340884
v 4.438632178206145 5.151709795048277 0.02446474442047121
v 4.4706148562692585 5.194872063966959 0.059755975386665924
v 4.513525934246764 5.201796429654565 0.10710613039632683
v 4.55097483330877 5.169838017611197 0.1484290534992298
v 4.499225773544715 5.1 0.09132664272510112
v 4.499225773544715 5.1 0.09132664272510112
v 4.499225773544715 5.1 0.09132664272510112
v 4.499225773544715 5.1 0.09132664272510112
v 4.499225773544715 5.1 0.09132664272510112
v 4.499225773544715 5.1 0.09132664272510112
v 4.499225773544715 5.1 0.09132664272510112
v 4.499225773544715 5.1 0.09132664272510112
v 4.499225773544715 5.1 0.09132664272510112
v 4.499225773544715 5.1 0.09132664272510112
v 4.55097483330877 5.169838017611197 0.1484290534992298
v 4.568657353635686 5.111203860877882 0.16794080006686135
v 4.559819368883287 5.048290204951721 0.158188541029731
v 4.527836690820172 5.00512793603304 0.12289731006353631
v 4.484925612842668 4.998203570345434 0.07554715505387541
v 4.447476713780661 5.030161982388802 0.03422423195097242
v 4.429794193453746 5.088796139122118 0.014712485383340884
v 4.438632178206145 5.151709795048277 0.02446474442047121
v 4.4706148562692585 5.194872063966959 0.059755975386665924
v 4.513525934246764 5.201796429654565 0.10710613039632683
v 4.55097483330877 5.169838017611197 0.1484290534992298
vt 0 1
vt 0.10000000149011612 1
vt 0.20000000298023224 1
vt 0.30000001192092896 1
vt 0.4000000059604645 1
vt 0.5 1
vt 0.6000000238418579 1
vt 0.699999988079071 1
vt 0.800000011920929 1
vt 0.8999999761581421 1
vt 1 1
vt 0 0
vt 0.10000000149011612 0
vt 0.20000000298023224 0
vt 0.30000001192092896 0
vt 0.4000000059604645 0
vt 0.5 0
vt 0.6000000238418579 0
vt 0.699999988079071 0
vt 0.800000011920929 0
vt 0.8999999761581421 0
vt 1 0
vt 0.5 0.5
vt 0.5 0.5
vt 0.5 0.5
vt 0.5 0.5
vt 0.5 0.5
vt 0.5 0.5
vt 0.5 0.5
vt 0.5 0.5
vt 0.5 0.5
vt 0.5 0.5
vt 1 0.5
vt 0.9045084714889526 0.20610737800598145
vt 0.6545084714889526 0.024471741169691086
vt 0.345491498708725 0.024471741169691086
vt 0.09549150615930557 0.20610737800598145
vt 0 0.5
vt 0.09549150615930557 0.7938926219940186
vt 0.345491498708725 0.9755282402038574
vt 0.6545084714889526 0.9755282402038574
vt 0.9045084714889526 0.7938926219940186
vt 1 0.5
vn 0.7294063821630313 0.6272339476738387 0.27302729633743567
vn 0.8882178101530082 0.10062486385909897 0.4482675077454675
vn 0.8088415039417008 -0.4644194999264503 0.36067984361396405
vn 0.5215965118233042 -0.8520713898304967 0.04371985231090562
vn 0.13620063935201027 -0.9142609844593355 -0.38154454279356487
vn -0.2001379592849575 -0.6272339476738389 -0.7526768045706902
vn -0.3589494022078217 -0.1006248638590988 -0.9279170024457928
vn -0.2795730801748988 0.4644194999264505 -0.8403293526526284
vn 0.007671911943497831 0.8520713898304969 -0.5233693613495699
vn 0.39306776859317616 0.9142609844593355 -0.09810495190676034
vn 0.7294063821630314 0.627233947673839 0.2730272963374356
vn 0.7294063821630313 0.6272339476738387 0.27302729633743567
vn 0.8882178101530082 0.10062486385909897 0.4482675077454675
vn 0.8088415039417008 -0.4644194999264503 0.36067984361396405
vn 0.5215965118233042 -0.8520713898304967 0.04371985231090562
vn 0.13620063935201027 -0.9142609844593355 -0.38154454279356487
vn -0.2001379592849575 -0.6272339476738389 -0.7526768045706902
vn -0.3589494022078217 -0.1006248638590988 -0.9279170024457928
vn -0.2795730801748988 0.4644194999264505 -0.8403293526526284
vn 0.007671911943497831 0.8520713898304969 -0.5233693613495699
vn 0.39306776859317616 0.9142609844593355 -0.09810495190676034
vn 0.7294063821630314 0.627233947673839 0.2730272963374356
vn -0.7409869514359828 -1.3010426069826053e-16 0.6715194247388593
vn -0.7409869514359828 -1.3010426069826053e-16 0.6715194247388593
vn -0.7409869514359828 -1.3010426069826053e-16 0.6715194247388593
vn -0.7409869514359828 -1.3010426069826053e-16 0.6715194247388593
vn -0.7409869514359828 -1.3010426069826053e-16 0.6715194247388593
vn -0.7409869514359828 -1.3010426069826053e-16 0.6715194247388593
vn -0.7409869514359828 -1.3010426069826053e-16 0.6715194247388593
vn -0.7409869514359828 -1.3010426069826053e-16 0.6715194247388593
vn -0.7409869514359828 -1.3010426069826053e-16 0.6715194247388593
vn -0.7409869514359828 -1.3010426069826053e-16 0.6715194247388593
vn -0.7409869514359828 -1.3010426069826053e-16 0.6715194247388593
vn -0.7409869514359828 -1.3010426069826053e-16 0.6715194247388593
vn -0.7409869514359828 -1.3010426069826053e-16 0.6715194247388593
vn -0.7409869514359828 -1.3010426069826053e-16 0.6715194247388593
vn -0.7409869514359828 -1.3010426069826053e-16 0.6715194247388593
vn -0.7409869514359828 -1.3010426069826053e-16 0.6715194247388593
vn -0.7409869514359828 -1.3010426069826053e-16 0.6715194247388593
vn -0.7409869514359828 -1.3010426069826053e-16 0.6715194247388593
vn -0.7409869514359828 -1.3010426069826053e-16 0.6715194247388593
vn -0.7409869514359828 -1.3010426069826053e-16 0.6715194247388593
vn -0.7409869514359828 -1.3010426069826053e-16 0.6715194247388593
f 5896/2898/2898 5897/2899/2899 5886/2888/2888
f 5897/2899/2899 5898/2900/2900 5887/2889/2889
f 5898/2900/2900 5899/2901/2901 5888/2890/2890
f 5899/2901/2901 5900/2902/2902 5889/2891/2891
f 5900/2902/2902 5901/2903/2903 5890/2892/2892
f 5901/2903/2903 5902/2904/2904 5891/2893/2893
f 5902/2904/2904 5903/2905/2905 5892/2894/2894
f 5903/2905/2905 5904/2906/2906 5893/2895/2895
f 5904/2906/2906 5905/2907/2907 5894/2896/2896
f 5905/2907/2907 5906/2908/2908 5895/2897/2897
f 5918/2920/2920 5917/2919/2919 5907/2909/2909
f 5919/2921/2921 5918/2920/2920 5908/2910/2910
f 5920/2922/2922 5919/2921/2921 5909/2911/2911
f 5921/2923/2923 5920/2922/2922 5910/2912/2912
f 5922/2924/2924 5921/2923/2923 5911/2913/2913
f 5923/2925/2925 5922/2924/2924 5912/2914/2914
f 5924/2926/2926 5923/2925/2925 5913/2915/2915
f 5925/2927/2927 5924/2926/2926 5914/2916/2916
f 5926/2928/2928 5925/2927/2927 5915/2917/2917
f 5927/2929/2929 5926/2928/2928 5916/2918/2918
o guia
v 3.200000047683716 5.099999904632568 0
v 3.200000047683716 5.880000114440918 0
l 5928 5929 
o trampa_condensados_cuerpo
usemtl relleno_oscuro
v 5.5 0.8000000059604645 0.23999999463558197
v 5.604132100939751 0.8000000059604645 0.2162325233221054
v 5.68763954937458 0.8000000059604645 0.14963755011558533
v 5.73398269712925 0.8000000059604645 0.053405024111270905
v 5.73398269712925 0.8000000059604645 -0.053405024111270905
v 5.68763954937458 0.8000000059604645 -0.14963755011558533
v 5.604132100939751 0.8000000059604645 -0.2162325233221054
v 5.5 0.8000000059604645 -0.23999999463558197
v 5.395867899060249 0.8000000059604645 -0.2162325233221054
v 5.31236045062542 0.8000000059604645 -0.14963755011558533
v 5.26601730287075 0.8000000059604645 -0.053405024111270905
v 5.26601730287075 0.8000000059604645 0.053405024111270905
v 5.31236045062542 0.8000000059604645 0.14963755011558533
v 5.395867899060249 0.8000000059604645 0.2162325233221054
v 5.5 0.8000000059604645 0.23999999463558197
v 5.5 -5.960464455334602e-9 0.23999999463558197
v 5.604132100939751 -5.960464455334602e-9 0.2162325233221054
v 5.68763954937458 -5.960464455334602e-9 0.14963755011558533
v 5.73398269712925 -5.960464455334602e-9 0.053405024111270905
v 5.73398269712925 -5.960464455334602e-9 -0.053405024111270905
v 5.68763954937458 -5.960464455334602e-9 -0.14963755011558533
v 5.604132100939751 -5.960464455334602e-9 -0.2162325233221054
v 5.5 -5.960464455334602e-9 -0.23999999463558197
v 5.395867899060249 -5.960464455334602e-9 -0.2162325233221054
v 5.31236045062542 -5.960464455334602e-9 -0.14963755011558533
v 5.26601730287075 -5.960464455334602e-9 -0.053405024111270905
v 5.26601730287075 -5.960464455334602e-9 0.053405024111270905
v 5.31236045062542 -5.960464455334602e-9 0.14963755011558533
v 5.395867899060249 -5.960464455334602e-9 0.2162325233221054
v 5.5 -5.960464455334602e-9 0.23999999463558197
v 5.5 0.8000000059604645 0
v 5.5 0.8000000059604645 0
v 5.5 0.8000000059604645 0
v 5.5 0.8000000059604645 0
v 5.5 0.8000000059604645 0
v 5.5 0.8000000059604645 0
v 5.5 0.8000000059604645 0
v 5.5 0.8000000059604645 0
v 5.5 0.8000000059604645 0
v 5.5 0.8000000059604645 0
v 5.5 0.8000000059604645 0
v 5.5 0.8000000059604645 0
v 5.5 0.8000000059604645 0
v 5.5 0.8000000059604645 0
v 5.5 0.8000000059604645 0.23999999463558197
v 5.604132100939751 0.8000000059604645 0.2162325233221054
v 5.68763954937458 0.8000000059604645 0.14963755011558533
v 5.73398269712925 0.8000000059604645 0.053405024111270905
v 5.73398269712925 0.8000000059604645 -0.053405024111270905
v 5.68763954937458 0.8000000059604645 -0.14963755011558533
v 5.604132100939751 0.8000000059604645 -0.2162325233221054
v 5.5 0.8000000059604645 -0.23999999463558197
v 5.395867899060249 0.8000000059604645 -0.2162325233221054
v 5.31236045062542 0.8000000059604645 -0.14963755011558533
v 5.26601730287075 0.8000000059604645 -0.053405024111270905
v 5.26601730287075 0.8000000059604645 0.053405024111270905
v 5.31236045062542 0.8000000059604645 0.14963755011558533
v 5.395867899060249 0.8000000059604645 0.2162325233221054
v 5.5 0.8000000059604645 0.23999999463558197
v 5.5 -5.960464455334602e-9 0
v 5.5 -5.960464455334602e-9 0
v 5.5 -5.960464455334602e-9 0
v 5.5 -5.960464455334602e-9 0
v 5.5 -5.960464455334602e-9 0
v 5.5 -5.960464455334602e-9 0
v 5.5 -5.960464455334602e-9 0
v 5.5 -5.960464455334602e-9 0
v 5.5 -5.960464455334602e-9 0
v 5.5 -5.960464455334602e-9 0
v 5.5 -5.960464455334602e-9 0
v 5.5 -5.960464455334602e-9 0
v 5.5 -5.960464455334602e-9 0
v 5.5 -5.960464455334602e-9 0
v 5.5 -5.960464455334602e-9 0.23999999463558197
v 5.604132100939751 -5.960464455334602e-9 0.2162325233221054
v 5.68763954937458 -5.960464455334602e-9 0.14963755011558533
v 5.73398269712925 -5.960464455334602e-9 0.053405024111270905
v 5.73398269712925 -5.960464455334602e-9 -0.053405024111270905
v 5.68763954937458 -5.960464455334602e-9 -0.14963755011558533
v 5.604132100939751 -5.960464455334602e-9 -0.2162325233221054
v 5.5 -5.960464455334602e-9 -0.23999999463558197
v 5.395867899060249 -5.960464455334602e-9 -0.2162325233221054
v 5.31236045062542 -5.960464455334602e-9 -0.14963755011558533
v 5.26601730287075 -5.960464455334602e-9 -0.053405024111270905
v 5.26601730287075 -5.960464455334602e-9 0.053405024111270905
v 5.31236045062542 -5.960464455334602e-9 0.14963755011558533
v 5.395867899060249 -5.960464455334602e-9 0.2162325233221054
v 5.5 -5.960464455334602e-9 0.23999999463558197
vt 0 1
vt 0.0714285746216774 1
vt 0.1428571492433548 1
vt 0.2142857164144516 1
vt 0.2857142984867096 1
vt 0.3571428656578064 1
vt 0.4285714328289032 1
vt 0.5 1
vt 0.5714285969734192 1
vt 0.6428571343421936 1
vt 0.7142857313156128 1
vt 0.7857142686843872 1
vt 0.8571428656578064 1
vt 0.9285714030265808 1
vt 1 1
vt 0 0
vt 0.0714285746216774 0
vt 0.1428571492433548 0
vt 0.2142857164144516 0
vt 0.2857142984867096 0
vt 0.3571428656578064 0
vt 0.4285714328289032 0
vt 0.5 0
vt 0.5714285969734192 0
vt 0.6428571343421936 0
vt 0.7142857313156128 0
vt 0.7857142686843872 0
vt 0.8571428656578064 0
vt 0.9285714030265808 0
vt 1 0
vt 0.5 0.5
vt 0.5 0.5
vt 0.5 0.5
vt 0.5 0.5
vt 0.5 0.5
vt 0.5 0.5
vt 0.5 0.5
vt 0.5 0.5
vt 0.5 0.5
vt 0.5 0.5
vt 0.5 0.5
vt 0.5 0.5
vt 0.5 0.5
vt 0.5 0.5
vt 1 0.5
vt 0.9504844546318054 0.7169418931007385
vt 0.8117449283599854 0.8909157514572144
vt 0.6112604737281799 0.9874639511108398
vt 0.38873952627182007 0.9874639511108398
vt 0.18825510144233704 0.8909157514572144
vt 0.04951556771993637 0.7169418931007385
vt 0 0.5
vt 0.04951556771993637 0.28305813670158386
vt 0.18825510144233704 0.10908425599336624
vt 0.38873952627182007 0.012536044232547283
vt 0.6112604737281799 0.012536044232547283
vt 0.8117449283599854 0.10908425599336624
vt 0.9504844546318054 0.28305813670158386
vt 1 0.5
vt 0.5 0.5
vt 0.5 0.5
vt 0.5 0.5
vt 0.5 0.5
vt 0.5 0.5
vt 0.5 0.5
vt 0.5 0.5
vt 0.5 0.5
vt 0.5 0.5
vt 0.5 0.5
vt 0.5 0.5
vt 0.5 0.5
vt 0.5 0.5
vt 0.5 0.5
vt 1 0.5
vt 0.9504844546318054 0.28305813670158386
vt 0.8117449283599854 0.10908425599336624
vt 0.6112604737281799 0.012536044232547283
vt 0.38873952627182007 0.012536044232547283
vt 0.18825510144233704 0.10908425599336624
vt 0.04951556771993637 0.28305813670158386
vt 0 0.5
vt 0.04951556771993637 0.7169418931007385
vt 0.18825510144233704 0.8909157514572144
vt 0.38873952627182007 0.9874639511108398
vt 0.6112604737281799 0.9874639511108398
vt 0.8117449283599854 0.8909157514572144
vt 0.9504844546318054 0.7169418931007385
vt 1 0.5
vn 0 0 1
vn 0.4338837360855756 0 0.9009688693625448
vn 0.7818314927285933 0 0.6234897889923936
vn 0.9749279119926021 0 0.22252093478534796
vn 0.9749279119926021 0 -0.22252093478534796
vn 0.7818314927285933 0 -0.6234897889923936
vn 0.4338837360855756 0 -0.9009688693625448
vn 1.2246468525851679e-16 0 -1
vn -0.4338837360855756 0 -0.9009688693625448
vn -0.7818314927285933 0 -0.6234897889923936
vn -0.9749279119926021 0 -0.22252093478534796
vn -0.9749279119926021 0 0.22252093478534796
vn -0.7818314927285933 0 0.6234897889923936
vn -0.4338837360855756 0 0.9009688693625448
vn -2.4492937051703357e-16 0 1
vn 0 0 1
vn 0.4338837360855756 0 0.9009688693625448
vn 0.7818314927285933 0 0.6234897889923936
vn 0.9749279119926021 0 0.22252093478534796
vn 0.9749279119926021 0 -0.22252093478534796
vn 0.7818314927285933 0 -0.6234897889923936
vn 0.4338837360855756 0 -0.9009688693625448
vn 1.2246468525851679e-16 0 -1
vn -0.4338837360855756 0 -0.9009688693625448
vn -0.7818314927285933 0 -0.6234897889923936
vn -0.9749279119926021 0 -0.22252093478534796
vn -0.9749279119926021 0 0.22252093478534796
vn -0.7818314927285933 0 0.6234897889923936
vn -0.4338837360855756 0 0.9009688693625448
vn -2.4492937051703357e-16 0 1
vn 0 1 0
vn 0 1 0
vn 0 1 0
vn 0 1 0
vn 0 1 0
vn 0 1 0
vn 0 1 0
vn 0 1 0
vn 0 1 0
vn 0 1 0
vn 0 1 0
vn 0 1 0
vn 0 1 0
vn 0 1 0
vn 0 1 0
vn 0 1 0
vn 0 1 0
vn 0 1 0
vn 0 1 0
vn 0 1 0
vn 0 1 0
vn 0 1 0
vn 0 1 0
vn 0 1 0
vn 0 1 0
vn 0 1 0
vn 0 1 0
vn 0 1 0
vn 0 1 0
vn 0 -1 0
vn 0 -1 0
vn 0 -1 0
vn 0 -1 0
vn 0 -1 0
vn 0 -1 0
vn 0 -1 0
vn 0 -1 0
vn 0 -1 0
vn 0 -1 0
vn 0 -1 0
vn 0 -1 0
vn 0 -1 0
vn 0 -1 0
vn 0 -1 0
vn 0 -1 0
vn 0 -1 0
vn 0 -1 0
vn 0 -1 0
vn 0 -1 0
vn 0 -1 0
vn 0 -1 0
vn 0 -1 0
vn 0 -1 0
vn 0 -1 0
vn 0 -1 0
vn 0 -1 0
vn 0 -1 0
vn 0 -1 0
f 5930/2930/2930 5945/2945/2945 5931/2931/2931
f 5945/2945/2945 5946/2946/2946 5931/2931/2931
f 5931/2931/2931 5946/2946/2946 5932/2932/2932
f 5946/2946/2946 5947/2947/2947 5932/2932/2932
f 5932/2932/2932 5947/2947/2947 5933/2933/2933
f 5947/2947/2947 5948/2948/2948 5933/2933/2933
f 5933/2933/2933 5948/2948/2948 5934/2934/2934
f 5948/2948/2948 5949/2949/2949 5934/2934/2934
f 5934/2934/2934 5949/2949/2949 5935/2935/2935
f 5949/2949/2949 5950/2950/2950 5935/2935/2935
f 5935/2935/2935 5950/2950/2950 5936/2936/2936
f 5950/2950/2950 5951/2951/2951 5936/2936/2936
f 5936/2936/2936 5951/2951/2951 5937/2937/2937
f 5951/2951/2951 5952/2952/2952 5937/2937/2937
f 5937/2937/2937 5952/2952/2952 5938/2938/2938
f 5952/2952/2952 5953/2953/2953 5938/2938/2938
f 5938/2938/2938 5953/2953/2953 5939/2939/2939
f 5953/2953/2953 5954/2954/2954 5939/2939/2939
f 5939/2939/2939 5954/2954/2954 5940/2940/2940
f 5954/2954/2954 5955/2955/2955 5940/2940/2940
f 5940/2940/2940 5955/2955/2955 5941/2941/2941
f 5955/2955/2955 5956/2956/2956 5941/2941/2941
f 5941/2941/2941 5956/2956/2956 5942/2942/2942
f 5956/2956/2956 5957/2957/2957 5942/2942/2942
f 5942/2942/2942 5957/2957/2957 5943/2943/2943
f 5957/2957/2957 5958/2958/2958 5943/2943/2943
f 5943/2943/2943 5958/2958/2958 5944/2944/2944
f 5958/2958/2958 5959/2959/2959 5944/2944/2944
f 5974/2974/2974 5975/2975/2975 5960/2960/2960
f 5975/2975/2975 5976/2976/2976 5961/2961/2961
f 5976/2976/2976 5977/2977/2977 5962/2962/2962
f 5977/2977/2977 5978/2978/2978 5963/2963/2963
f 5978/2978/2978 5979/2979/2979 5964/2964/2964
f 5979/2979/2979 5980/2980/2980 5965/2965/2965
f 5980/2980/2980 5981/2981/2981 5966/2966/2966
f 5981/2981/2981 5982/2982/2982 5967/2967/2967
f 5982/2982/2982 5983/2983/2983 5968/2968/2968
f 5983/2983/2983 5984/2984/2984 5969/2969/2969
f 5984/2984/2984 5985/2985/2985 5970/2970/2970
f 5985/2985/2985 5986/2986/2986 5971/2971/2971
f 5986/2986/2986 5987/2987/2987 5972/2972/2972
f 5987/2987/2987 5988/2988/2988 5973/2973/2973
f 6004/3004/3004 6003/3003/3003 5989/2989/2989
f 6005/3005/3005 6004/3004/3004 5990/2990/2990
f 6006/3006/3006 6005/3005/3005 5991/2991/2991
f 6007/3007/3007 6006/3006/3006 5992/2992/2992
f 6008/3008/3008 6007/3007/3007 5993/2993/2993
f 6009/3009/3009 6008/3008/3008 5994/2994/2994
f 6010/3010/3010 6009/3009/3009 5995/2995/2995
f 6011/3011/3011 6010/3010/3010 5996/2996/2996
f 6012/3012/3012 6011/3011/3011 5997/2997/2997
f 6013/3013/3013 6012/3012/3012 5998/2998/2998
f 6014/3014/3014 6013/3013/3013 5999/2999/2999
f 6015/3015/3015 6014/3014/3014 6000/3000/3000
f 6016/3016/3016 6015/3015/3015 6001/3001/3001
f 6017/3017/3017 6016/3016/3016 6002/3002/3002
o trampa_condensados_aristas
v 5.604132100939751 0.8000000059604645 0.2162325233221054
v 5.604132100939751 -5.960464455334602e-9 0.2162325233221054
v 5.68763954937458 0.8000000059604645 0.14963755011558533
v 5.68763954937458 -5.960464455334602e-9 0.14963755011558533
v 5.73398269712925 0.8000000059604645 0.053405024111270905
v 5.73398269712925 -5.960464455334602e-9 0.053405024111270905
v 5.73398269712925 0.8000000059604645 -0.053405024111270905
v 5.73398269712925 -5.960464455334602e-9 -0.053405024111270905
v 5.68763954937458 0.8000000059604645 -0.14963755011558533
v 5.68763954937458 -5.960464455334602e-9 -0.14963755011558533
v 5.604132100939751 0.8000000059604645 -0.2162325233221054
v 5.604132100939751 -5.960464455334602e-9 -0.2162325233221054
v 5.5 0.8000000059604645 -0.23999999463558197
v 5.5 -5.960464455334602e-9 -0.23999999463558197
v 5.395867899060249 0.8000000059604645 -0.2162325233221054
v 5.395867899060249 -5.960464455334602e-9 -0.2162325233221054
v 5.31236045062542 0.8000000059604645 -0.14963755011558533
v 5.31236045062542 -5.960464455334602e-9 -0.14963755011558533
v 5.26601730287075 0.8000000059604645 -0.053405024111270905
v 5.26601730287075 -5.960464455334602e-9 -0.053405024111270905
v 5.26601730287075 0.8000000059604645 0.053405024111270905
v 5.26601730287075 -5.960464455334602e-9 0.053405024111270905
v 5.31236045062542 0.8000000059604645 0.14963755011558533
v 5.31236045062542 -5.960464455334602e-9 0.14963755011558533
v 5.395867899060249 0.8000000059604645 0.2162325233221054
v 5.395867899060249 -5.960464455334602e-9 0.2162325233221054
v 5.5 -5.960464455334602e-9 0.23999999463558197
v 5.5 0.8000000059604645 0.23999999463558197
v 5.5 0.8000000059604645 0.23999999463558197
v 5.604132100939751 0.8000000059604645 0.2162325233221054
v 5.604132100939751 0.8000000059604645 0.2162325233221054
v 5.68763954937458 0.8000000059604645 0.14963755011558533
v 5.68763954937458 0.8000000059604645 0.14963755011558533
v 5.73398269712925 0.8000000059604645 0.053405024111270905
v 5.73398269712925 0.8000000059604645 0.053405024111270905
v 5.73398269712925 0.8000000059604645 -0.053405024111270905
v 5.73398269712925 0.8000000059604645 -0.053405024111270905
v 5.68763954937458 0.8000000059604645 -0.14963755011558533
v 5.68763954937458 0.8000000059604645 -0.14963755011558533
v 5.604132100939751 0.8000000059604645 -0.2162325233221054
v 5.604132100939751 0.8000000059604645 -0.2162325233221054
v 5.5 0.8000000059604645 -0.23999999463558197
v 5.5 0.8000000059604645 -0.23999999463558197
v 5.395867899060249 0.8000000059604645 -0.2162325233221054
v 5.395867899060249 0.8000000059604645 -0.2162325233221054
v 5.31236045062542 0.8000000059604645 -0.14963755011558533
v 5.31236045062542 0.8000000059604645 -0.14963755011558533
v 5.26601730287075 0.8000000059604645 -0.053405024111270905
v 5.26601730287075 0.8000000059604645 -0.053405024111270905
v 5.26601730287075 0.8000000059604645 0.053405024111270905
v 5.26601730287075 0.8000000059604645 0.053405024111270905
v 5.31236045062542 0.8000000059604645 0.14963755011558533
v 5.31236045062542 0.8000000059604645 0.14963755011558533
v 5.395867899060249 0.8000000059604645 0.2162325233221054
v 5.395867899060249 0.8000000059604645 0.2162325233221054
v 5.5 0.8000000059604645 0.23999999463558197
v 5.604132100939751 -5.960464455334602e-9 0.2162325233221054
v 5.5 -5.960464455334602e-9 0.23999999463558197
v 5.68763954937458 -5.960464455334602e-9 0.14963755011558533
v 5.604132100939751 -5.960464455334602e-9 0.2162325233221054
v 5.73398269712925 -5.960464455334602e-9 0.053405024111270905
v 5.68763954937458 -5.960464455334602e-9 0.14963755011558533
v 5.73398269712925 -5.960464455334602e-9 -0.053405024111270905
v 5.73398269712925 -5.960464455334602e-9 0.053405024111270905
v 5.68763954937458 -5.960464455334602e-9 -0.14963755011558533
v 5.73398269712925 -5.960464455334602e-9 -0.053405024111270905
v 5.604132100939751 -5.960464455334602e-9 -0.2162325233221054
v 5.68763954937458 -5.960464455334602e-9 -0.14963755011558533
v 5.5 -5.960464455334602e-9 -0.23999999463558197
v 5.604132100939751 -5.960464455334602e-9 -0.2162325233221054
v 5.395867899060249 -5.960464455334602e-9 -0.2162325233221054
v 5.5 -5.960464455334602e-9 -0.23999999463558197
v 5.31236045062542 -5.960464455334602e-9 -0.14963755011558533
v 5.395867899060249 -5.960464455334602e-9 -0.2162325233221054
v 5.26601730287075 -5.960464455334602e-9 -0.053405024111270905
v 5.31236045062542 -5.960464455334602e-9 -0.14963755011558533
v 5.26601730287075 -5.960464455334602e-9 0.053405024111270905
v 5.26601730287075 -5.960464455334602e-9 -0.053405024111270905
v 5.31236045062542 -5.960464455334602e-9 0.14963755011558533
v 5.26601730287075 -5.960464455334602e-9 0.053405024111270905
v 5.395867899060249 -5.960464455334602e-9 0.2162325233221054
v 5.31236045062542 -5.960464455334602e-9 0.14963755011558533
v 5.5 -5.960464455334602e-9 0.23999999463558197
v 5.395867899060249 -5.960464455334602e-9 0.2162325233221054
l 6018 6019
l 6020 6021
l 6022 6023
l 6024 6025
l 6026 6027
l 6028 6029
l 6030 6031
l 6032 6033
l 6034 6035
l 6036 6037
l 6038 6039
l 6040 6041
l 6042 6043
l 6044 6045
l 6046 6047
l 6048 6049
l 6050 6051
l 6052 6053
l 6054 6055
l 6056 6057
l 6058 6059
l 6060 6061
l 6062 6063
l 6064 6065
l 6066 6067
l 6068 6069
l 6070 6071
l 6072 6073
l 6074 6075
l 6076 6077
l 6078 6079
l 6080 6081
l 6082 6083
l 6084 6085
l 6086 6087
l 6088 6089
l 6090 6091
l 6092 6093
l 6094 6095
l 6096 6097
l 6098 6099
l 6100 6101
o guia
v 5.5 0.800000011920929 0
v 5.5 1.9700000286102295 0
l 6102 6103 
o 
v 5.849999904632568 1.149999976158142 0
v 6.349999904632568 1.149999976158142 0
l 6104 6105 
o flecha
usemtl lima_solido
v 6.4860000014305115 1.15 0
v 6.4860000014305115 1.15 0
v 6.4860000014305115 1.15 0
v 6.4860000014305115 1.15 0
v 6.4860000014305115 1.15 0
v 6.4860000014305115 1.15 0
v 6.4860000014305115 1.15 0
v 6.4860000014305115 1.15 0
v 6.4860000014305115 1.15 0
v 6.4860000014305115 1.15 0
v 6.4860000014305115 1.15 0
v 6.213999998569488 1.15 0.10399999618530274
v 6.213999998569488 1.088870334625244 0.08413776755332947
v 6.213999998569488 1.051090121269226 0.03213776648044586
v 6.213999998569488 1.051090121269226 -0.03213776648044586
v 6.213999998569488 1.088870334625244 -0.08413776755332947
v 6.213999998569488 1.15 -0.10399999618530274
v 6.213999998569488 1.2111296653747556 -0.08413776755332947
v 6.213999998569488 1.2489098787307737 -0.03213776648044586
v 6.213999998569488 1.2489098787307737 0.03213776648044586
v 6.213999998569488 1.2111296653747556 0.08413776755332947
v 6.213999998569488 1.15 0.10399999618530274
v 6.213999998569488 1.15 0
v 6.213999998569488 1.15 0
v 6.213999998569488 1.15 0
v 6.213999998569488 1.15 0
v 6.213999998569488 1.15 0
v 6.213999998569488 1.15 0
v 6.213999998569488 1.15 0
v 6.213999998569488 1.15 0
v 6.213999998569488 1.15 0
v 6.213999998569488 1.15 0
v 6.213999998569488 1.15 0.10399999618530274
v 6.213999998569488 1.088870334625244 0.08413776755332947
v 6.213999998569488 1.051090121269226 0.03213776648044586
v 6.213999998569488 1.051090121269226 -0.03213776648044586
v 6.213999998569488 1.088870334625244 -0.08413776755332947
v 6.213999998569488 1.15 -0.10399999618530274
v 6.213999998569488 1.2111296653747556 -0.08413776755332947
v 6.213999998569488 1.2489098787307737 -0.03213776648044586
v 6.213999998569488 1.2489098787307737 0.03213776648044586
v 6.213999998569488 1.2111296653747556 0.08413776755332947
v 6.213999998569488 1.15 0.10399999618530274
vt 0 1
vt 0.10000000149011612 1
vt 0.20000000298023224 1
vt 0.30000001192092896 1
vt 0.4000000059604645 1
vt 0.5 1
vt 0.6000000238418579 1
vt 0.699999988079071 1
vt 0.800000011920929 1
vt 0.8999999761581421 1
vt 1 1
vt 0 0
vt 0.10000000149011612 0
vt 0.20000000298023224 0
vt 0.30000001192092896 0
vt 0.4000000059604645 0
vt 0.5 0
vt 0.6000000238418579 0
vt 0.699999988079071 0
vt 0.800000011920929 0
vt 0.8999999761581421 0
vt 1 0
vt 0.5 0.5
vt 0.5 0.5
vt 0.5 0.5
vt 0.5 0.5
vt 0.5 0.5
vt 0.5 0.5
vt 0.5 0.5
vt 0.5 0.5
vt 0.5 0.5
vt 0.5 0.5
vt 1 0.5
vt 0.9045084714889526 0.20610737800598145
vt 0.6545084714889526 0.024471741169691086
vt 0.345491498708725 0.024471741169691086
vt 0.09549150615930557 0.20610737800598145
vt 0 0.5
vt 0.09549150615930557 0.7938926219940186
vt 0.345491498708725 0.9755282402038574
vt 0.6545084714889526 0.9755282402038574
vt 0.9045084714889526 0.7938926219940186
vt 1 0.5
vn 0.3571374785024132 7.930045031799023e-17 0.9340518301726828
vn 0.35713746842606353 -0.5490218950708002 0.7556638057887182
vn 0.35713747910210547 -0.8883360814962236 0.28863788270517754
vn 0.35713747910210547 -0.8883360814962236 -0.28863788270517754
vn 0.35713746842606353 -0.5490218950708002 -0.7556638057887182
vn 0.3571374785024132 -3.5087910400206296e-17 -0.9340518301726828
vn 0.35713746842606325 0.5490218950708005 -0.7556638057887182
vn 0.35713747910210514 0.8883360814962238 -0.28863788270517754
vn 0.35713747910210514 0.8883360814962238 0.28863788270517754
vn 0.35713746842606325 0.5490218950708005 0.7556638057887182
vn 0.3571374785024132 3.080771717543833e-16 0.9340518301726828
vn 0.3571374785024132 7.930045031799023e-17 0.9340518301726828
vn 0.35713746842606353 -0.5490218950708002 0.7556638057887182
vn 0.35713747910210547 -0.8883360814962236 0.28863788270517754
vn 0.35713747910210547 -0.8883360814962236 -0.28863788270517754
vn 0.35713746842606353 -0.5490218950708002 -0.7556638057887182
vn 0.3571374785024132 -3.5087910400206296e-17 -0.9340518301726828
vn 0.35713746842606325 0.5490218950708005 -0.7556638057887182
vn 0.35713747910210514 0.8883360814962238 -0.28863788270517754
vn 0.35713747910210514 0.8883360814962238 0.28863788270517754
vn 0.35713746842606325 0.5490218950708005 0.7556638057887182
vn 0.3571374785024132 3.080771717543833e-16 0.9340518301726828
vn -1 -2.220446049250314e-16 0
vn -1 -2.220446049250314e-16 0
vn -1 -2.220446049250314e-16 0
vn -1 -2.220446049250314e-16 0
vn -1 -2.220446049250314e-16 0
vn -1 -2.220446049250314e-16 0
vn -1 -2.220446049250314e-16 0
vn -1 -2.220446049250314e-16 0
vn -1 -2.220446049250314e-16 0
vn -1 -2.220446049250314e-16 0
vn -1 -2.220446049250314e-16 0
vn -1 -2.220446049250314e-16 0
vn -1 -2.220446049250314e-16 0
vn -1 -2.220446049250314e-16 0
vn -1 -2.220446049250314e-16 0
vn -1 -2.220446049250314e-16 0
vn -1 -2.220446049250314e-16 0
vn -1 -2.220446049250314e-16 0
vn -1 -2.220446049250314e-16 0
vn -1 -2.220446049250314e-16 0
vn -1 -2.220446049250314e-16 0
f 6117/3029/3029 6118/3030/3030 6107/3019/3019
f 6118/3030/3030 6119/3031/3031 6108/3020/3020
f 6119/3031/3031 6120/3032/3032 6109/3021/3021
f 6120/3032/3032 6121/3033/3033 6110/3022/3022
f 6121/3033/3033 6122/3034/3034 6111/3023/3023
f 6122/3034/3034 6123/3035/3035 6112/3024/3024
f 6123/3035/3035 6124/3036/3036 6113/3025/3025
f 6124/3036/3036 6125/3037/3037 6114/3026/3026
f 6125/3037/3037 6126/3038/3038 6115/3027/3027
f 6126/3038/3038 6127/3039/3039 6116/3028/3028
f 6139/3051/3051 6138/3050/3050 6128/3040/3040
f 6140/3052/3052 6139/3051/3051 6129/3041/3041
f 6141/3053/3053 6140/3052/3052 6130/3042/3042
f 6142/3054/3054 6141/3053/3053 6131/3043/3043
f 6143/3055/3055 6142/3054/3054 6132/3044/3044
f 6144/3056/3056 6143/3055/3055 6133/3045/3045
f 6145/3057/3057 6144/3056/3056 6134/3046/3046
f 6146/3058/3058 6145/3057/3057 6135/3047/3047
f 6147/3059/3059 6146/3058/3058 6136/3048/3048
f 6148/3060/3060 6147/3059/3059 6137/3049/3049
o filtro_h2s_cuerpo
usemtl relleno_oscuro
v 6.8 1.5 0.36000001430511475
v 6.937766033411026 1.5 0.33259662985801697
v 7.054558444023132 1.5 0.2545584440231323
v 7.132596629858017 1.5 0.137766033411026
v 7.160000014305115 1.5 2.204364202304404e-17
v 7.132596629858017 1.5 -0.137766033411026
v 7.054558444023132 1.5 -0.2545584440231323
v 6.937766033411026 1.5 -0.33259662985801697
v 6.8 1.5 -0.36000001430511475
v 6.662233966588974 1.5 -0.33259662985801697
v 6.5454415559768675 1.5 -0.2545584440231323
v 6.467403370141983 1.5 -0.137766033411026
v 6.439999985694885 1.5 -6.613092606913212e-17
v 6.467403370141983 1.5 0.137766033411026
v 6.5454415559768675 1.5 0.2545584440231323
v 6.662233966588974 1.5 0.33259662985801697
v 6.8 1.5 0.36000001430511475
v 6.8 0 0.36000001430511475
v 6.937766033411026 0 0.33259662985801697
v 7.054558444023132 0 0.2545584440231323
v 7.132596629858017 0 0.137766033411026
v 7.160000014305115 0 2.204364202304404e-17
v 7.132596629858017 0 -0.137766033411026
v 7.054558444023132 0 -0.2545584440231323
v 6.937766033411026 0 -0.33259662985801697
v 6.8 0 -0.36000001430511475
v 6.662233966588974 0 -0.33259662985801697
v 6.5454415559768675 0 -0.2545584440231323
v 6.467403370141983 0 -0.137766033411026
v 6.439999985694885 0 -6.613092606913212e-17
v 6.467403370141983 0 0.137766033411026
v 6.5454415559768675 0 0.2545584440231323
v 6.662233966588974 0 0.33259662985801697
v 6.8 0 0.36000001430511475
v 6.8 1.5 0
v 6.8 1.5 0
v 6.8 1.5 0
v 6.8 1.5 0
v 6.8 1.5 0
v 6.8 1.5 0
v 6.8 1.5 0
v 6.8 1.5 0
v 6.8 1.5 0
v 6.8 1.5 0
v 6.8 1.5 0
v 6.8 1.5 0
v 6.8 1.5 0
v 6.8 1.5 0
v 6.8 1.5 0
v 6.8 1.5 0
v 6.8 1.5 0.36000001430511475
v 6.937766033411026 1.5 0.33259662985801697
v 7.054558444023132 1.5 0.2545584440231323
v 7.132596629858017 1.5 0.137766033411026
v 7.160000014305115 1.5 2.204364202304404e-17
v 7.132596629858017 1.5 -0.137766033411026
v 7.054558444023132 1.5 -0.2545584440231323
v 6.937766033411026 1.5 -0.33259662985801697
v 6.8 1.5 -0.36000001430511475
v 6.662233966588974 1.5 -0.33259662985801697
v 6.5454415559768675 1.5 -0.2545584440231323
v 6.467403370141983 1.5 -0.137766033411026
v 6.439999985694885 1.5 -6.613092606913212e-17
v 6.467403370141983 1.5 0.137766033411026
v 6.5454415559768675 1.5 0.2545584440231323
v 6.662233966588974 1.5 0.33259662985801697
v 6.8 1.5 0.36000001430511475
v 6.8 0 0
v 6.8 0 0
v 6.8 0 0
v 6.8 0 0
v 6.8 0 0
v 6.8 0 0
v 6.8 0 0
v 6.8 0 0
v 6.8 0 0
v 6.8 0 0
v 6.8 0 0
v 6.8 0 0
v 6.8 0 0
v 6.8 0 0
v 6.8 0 0
v 6.8 0 0
v 6.8 0 0.36000001430511475
v 6.937766033411026 0 0.33259662985801697
v 7.054558444023132 0 0.2545584440231323
v 7.132596629858017 0 0.137766033411026
v 7.160000014305115 0 2.204364202304404e-17
v 7.132596629858017 0 -0.137766033411026
v 7.054558444023132 0 -0.2545584440231323
v 6.937766033411026 0 -0.33259662985801697
v 6.8 0 -0.36000001430511475
v 6.662233966588974 0 -0.33259662985801697
v 6.5454415559768675 0 -0.2545584440231323
v 6.467403370141983 0 -0.137766033411026
v 6.439999985694885 0 -6.613092606913212e-17
v 6.467403370141983 0 0.137766033411026
v 6.5454415559768675 0 0.2545584440231323
v 6.662233966588974 0 0.33259662985801697
v 6.8 0 0.36000001430511475
vt 0 1
vt 0.0625 1
vt 0.125 1
vt 0.1875 1
vt 0.25 1
vt 0.3125 1
vt 0.375 1
vt 0.4375 1
vt 0.5 1
vt 0.5625 1
vt 0.625 1
vt 0.6875 1
vt 0.75 1
vt 0.8125 1
vt 0.875 1
vt 0.9375 1
vt 1 1
vt 0 0
vt 0.0625 0
vt 0.125 0
vt 0.1875 0
vt 0.25 0
vt 0.3125 0
vt 0.375 0
vt 0.4375 0
vt 0.5 0
vt 0.5625 0
vt 0.625 0
vt 0.6875 0
vt 0.75 0
vt 0.8125 0
vt 0.875 0
vt 0.9375 0
vt 1 0
vt 0.5 0.5
vt 0.5 0.5
vt 0.5 0.5
vt 0.5 0.5
vt 0.5 0.5
vt 0.5 0.5
vt 0.5 0.5
vt 0.5 0.5
vt 0.5 0.5
vt 0.5 0.5
vt 0.5 0.5
vt 0.5 0.5
vt 0.5 0.5
vt 0.5 0.5
vt 0.5 0.5
vt 0.5 0.5
vt 1 0.5
vt 0.9619397521018982 0.6913416981697083
vt 0.8535534143447876 0.8535534143447876
vt 0.6913416981697083 0.9619397521018982
vt 0.5 1
vt 0.30865827202796936 0.9619397521018982
vt 0.1464466154575348 0.8535534143447876
vt 0.03806023299694061 0.6913416981697083
vt 0 0.5
vt 0.03806023299694061 0.30865827202796936
vt 0.1464466154575348 0.1464466154575348
vt 0.30865827202796936 0.03806023299694061
vt 0.5 0
vt 0.6913416981697083 0.03806023299694061
vt 0.8535534143447876 0.1464466154575348
vt 0.9619397521018982 0.30865827202796936
vt 1 0.5
vt 0.5 0.5
vt 0.5 0.5
vt 0.5 0.5
vt 0.5 0.5
vt 0.5 0.5
vt 0.5 0.5
vt 0.5 0.5
vt 0.5 0.5
vt 0.5 0.5
vt 0.5 0.5
vt 0.5 0.5
vt 0.5 0.5
vt 0.5 0.5
vt 0.5 0.5
vt 0.5 0.5
vt 0.5 0.5
vt 1 0.5
vt 0.9619397521018982 0.30865827202796936
vt 0.8535534143447876 0.1464466154575348
vt 0.6913416981697083 0.03806023299694061
vt 0.5 0
vt 0.30865827202796936 0.03806023299694061
vt 0.1464466154575348 0.1464466154575348
vt 0.03806023299694061 0.30865827202796936
vt 0 0.5
vt 0.03806023299694061 0.6913416981697083
vt 0.1464466154575348 0.8535534143447876
vt 0.30865827202796936 0.9619397521018982
vt 0.5 1
vt 0.6913416981697083 0.9619397521018982
vt 0.8535534143447876 0.8535534143447876
vt 0.9619397521018982 0.6913416981697083
vt 1 0.5
vn 0 0 1
vn 0.3826834370613369 0 0.9238795305660377
vn 0.7071067811865476 0 0.7071067811865476
vn 0.9238795305660377 0 0.3826834370613369
vn 1 0 6.123234262925839e-17
vn 0.9238795305660377 0 -0.3826834370613369
vn 0.7071067811865476 0 -0.7071067811865476
vn 0.3826834370613369 0 -0.9238795305660377
vn 1.2246468525851679e-16 0 -1
vn -0.3826834370613369 0 -0.9238795305660377
vn -0.7071067811865476 0 -0.7071067811865476
vn -0.9238795305660377 0 -0.3826834370613369
vn -1 0 -1.8369701465288538e-16
vn -0.9238795305660377 0 0.3826834370613369
vn -0.7071067811865476 0 0.7071067811865476
vn -0.3826834370613369 0 0.9238795305660377
vn -2.4492937051703357e-16 0 1
vn 0 0 1
vn 0.3826834370613369 0 0.9238795305660377
vn 0.7071067811865476 0 0.7071067811865476
vn 0.9238795305660377 0 0.3826834370613369
vn 1 0 6.123234262925839e-17
vn 0.9238795305660377 0 -0.3826834370613369
vn 0.7071067811865476 0 -0.7071067811865476
vn 0.3826834370613369 0 -0.9238795305660377
vn 1.2246468525851679e-16 0 -1
vn -0.3826834370613369 0 -0.9238795305660377
vn -0.7071067811865476 0 -0.7071067811865476
vn -0.9238795305660377 0 -0.3826834370613369
vn -1 0 -1.8369701465288538e-16
vn -0.9238795305660377 0 0.3826834370613369
vn -0.7071067811865476 0 0.7071067811865476
vn -0.3826834370613369 0 0.9238795305660377
vn -2.4492937051703357e-16 0 1
vn 0 1 0
vn 0 1 0
vn 0 1 0
vn 0 1 0
vn 0 1 0
vn 0 1 0
vn 0 1 0
vn 0 1 0
vn 0 1 0
vn 0 1 0
vn 0 1 0
vn 0 1 0
vn 0 1 0
vn 0 1 0
vn 0 1 0
vn 0 1 0
vn 0 1 0
vn 0 1 0
vn 0 1 0
vn 0 1 0
vn 0 1 0
vn 0 1 0
vn 0 1 0
vn 0 1 0
vn 0 1 0
vn 0 1 0
vn 0 1 0
vn 0 1 0
vn 0 1 0
vn 0 1 0
vn 0 1 0
vn 0 1 0
vn 0 1 0
vn 0 -1 0
vn 0 -1 0
vn 0 -1 0
vn 0 -1 0
vn 0 -1 0
vn 0 -1 0
vn 0 -1 0
vn 0 -1 0
vn 0 -1 0
vn 0 -1 0
vn 0 -1 0
vn 0 -1 0
vn 0 -1 0
vn 0 -1 0
vn 0 -1 0
vn 0 -1 0
vn 0 -1 0
vn 0 -1 0
vn 0 -1 0
vn 0 -1 0
vn 0 -1 0
vn 0 -1 0
vn 0 -1 0
vn 0 -1 0
vn 0 -1 0
vn 0 -1 0
vn 0 -1 0
vn 0 -1 0
vn 0 -1 0
vn 0 -1 0
vn 0 -1 0
vn 0 -1 0
vn 0 -1 0
f 6149/3061/3061 6166/3078/3078 6150/3062/3062
f 6166/3078/3078 6167/3079/3079 6150/3062/3062
f 6150/3062/3062 6167/3079/3079 6151/3063/3063
f 6167/3079/3079 6168/3080/3080 6151/3063/3063
f 6151/3063/3063 6168/3080/3080 6152/3064/3064
f 6168/3080/3080 6169/3081/3081 6152/3064/3064
f 6152/3064/3064 6169/3081/3081 6153/3065/3065
f 6169/3081/3081 6170/3082/3082 6153/3065/3065
f 6153/3065/3065 6170/3082/3082 6154/3066/3066
f 6170/3082/3082 6171/3083/3083 6154/3066/3066
f 6154/3066/3066 6171/3083/3083 6155/3067/3067
f 6171/3083/3083 6172/3084/3084 6155/3067/3067
f 6155/3067/3067 6172/3084/3084 6156/3068/3068
f 6172/3084/3084 6173/3085/3085 6156/3068/3068
f 6156/3068/3068 6173/3085/3085 6157/3069/3069
f 6173/3085/3085 6174/3086/3086 6157/3069/3069
f 6157/3069/3069 6174/3086/3086 6158/3070/3070
f 6174/3086/3086 6175/3087/3087 6158/3070/3070
f 6158/3070/3070 6175/3087/3087 6159/3071/3071
f 6175/3087/3087 6176/3088/3088 6159/3071/3071
f 6159/3071/3071 6176/3088/3088 6160/3072/3072
f 6176/3088/3088 6177/3089/3089 6160/3072/3072
f 6160/3072/3072 6177/3089/3089 6161/3073/3073
f 6177/3089/3089 6178/3090/3090 6161/3073/3073
f 6161/3073/3073 6178/3090/3090 6162/3074/3074
f 6178/3090/3090 6179/3091/3091 6162/3074/3074
f 6162/3074/3074 6179/3091/3091 6163/3075/3075
f 6179/3091/3091 6180/3092/3092 6163/3075/3075
f 6163/3075/3075 6180/3092/3092 6164/3076/3076
f 6180/3092/3092 6181/3093/3093 6164/3076/3076
f 6164/3076/3076 6181/3093/3093 6165/3077/3077
f 6181/3093/3093 6182/3094/3094 6165/3077/3077
f 6199/3111/3111 6200/3112/3112 6183/3095/3095
f 6200/3112/3112 6201/3113/3113 6184/3096/3096
f 6201/3113/3113 6202/3114/3114 6185/3097/3097
f 6202/3114/3114 6203/3115/3115 6186/3098/3098
f 6203/3115/3115 6204/3116/3116 6187/3099/3099
f 6204/3116/3116 6205/3117/3117 6188/3100/3100
f 6205/3117/3117 6206/3118/3118 6189/3101/3101
f 6206/3118/3118 6207/3119/3119 6190/3102/3102
f 6207/3119/3119 6208/3120/3120 6191/3103/3103
f 6208/3120/3120 6209/3121/3121 6192/3104/3104
f 6209/3121/3121 6210/3122/3122 6193/3105/3105
f 6210/3122/3122 6211/3123/3123 6194/3106/3106
f 6211/3123/3123 6212/3124/3124 6195/3107/3107
f 6212/3124/3124 6213/3125/3125 6196/3108/3108
f 6213/3125/3125 6214/3126/3126 6197/3109/3109
f 6214/3126/3126 6215/3127/3127 6198/3110/3110
f 6233/3145/3145 6232/3144/3144 6216/3128/3128
f 6234/3146/3146 6233/3145/3145 6217/3129/3129
f 6235/3147/3147 6234/3146/3146 6218/3130/3130
f 6236/3148/3148 6235/3147/3147 6219/3131/3131
f 6237/3149/3149 6236/3148/3148 6220/3132/3132
f 6238/3150/3150 6237/3149/3149 6221/3133/3133
f 6239/3151/3151 6238/3150/3150 6222/3134/3134
f 6240/3152/3152 6239/3151/3151 6223/3135/3135
f 6241/3153/3153 6240/3152/3152 6224/3136/3136
f 6242/3154/3154 6241/3153/3153 6225/3137/3137
f 6243/3155/3155 6242/3154/3154 6226/3138/3138
f 6244/3156/3156 6243/3155/3155 6227/3139/3139
f 6245/3157/3157 6244/3156/3156 6228/3140/3140
f 6246/3158/3158 6245/3157/3157 6229/3141/3141
f 6247/3159/3159 6246/3158/3158 6230/3142/3142
f 6248/3160/3160 6247/3159/3159 6231/3143/3143
o filtro_h2s_aristas
v 6.937766033411026 1.5 0.33259662985801697
v 6.937766033411026 0 0.33259662985801697
v 7.054558444023132 1.5 0.2545584440231323
v 7.054558444023132 0 0.2545584440231323
v 7.132596629858017 1.5 0.137766033411026
v 7.132596629858017 0 0.137766033411026
v 7.160000014305115 1.5 2.204364202304404e-17
v 7.160000014305115 0 2.204364202304404e-17
v 7.132596629858017 1.5 -0.137766033411026
v 7.132596629858017 0 -0.137766033411026
v 7.054558444023132 1.5 -0.2545584440231323
v 7.054558444023132 0 -0.2545584440231323
v 6.937766033411026 1.5 -0.33259662985801697
v 6.937766033411026 0 -0.33259662985801697
v 6.8 1.5 -0.36000001430511475
v 6.8 0 -0.36000001430511475
v 6.662233966588974 1.5 -0.33259662985801697
v 6.662233966588974 0 -0.33259662985801697
v 6.5454415559768675 1.5 -0.2545584440231323
v 6.5454415559768675 0 -0.2545584440231323
v 6.467403370141983 1.5 -0.137766033411026
v 6.467403370141983 0 -0.137766033411026
v 6.439999985694885 1.5 -6.613092606913212e-17
v 6.439999985694885 0 -6.613092606913212e-17
v 6.467403370141983 1.5 0.137766033411026
v 6.467403370141983 0 0.137766033411026
v 6.5454415559768675 1.5 0.2545584440231323
v 6.5454415559768675 0 0.2545584440231323
v 6.662233966588974 1.5 0.33259662985801697
v 6.662233966588974 0 0.33259662985801697
v 6.8 0 0.36000001430511475
v 6.8 1.5 0.36000001430511475
v 6.8 1.5 0.36000001430511475
v 6.937766033411026 1.5 0.33259662985801697
v 6.937766033411026 1.5 0.33259662985801697
v 7.054558444023132 1.5 0.2545584440231323
v 7.054558444023132 1.5 0.2545584440231323
v 7.132596629858017 1.5 0.137766033411026
v 7.132596629858017 1.5 0.137766033411026
v 7.160000014305115 1.5 2.204364202304404e-17
v 7.160000014305115 1.5 2.204364202304404e-17
v 7.132596629858017 1.5 -0.137766033411026
v 7.132596629858017 1.5 -0.137766033411026
v 7.054558444023132 1.5 -0.2545584440231323
v 7.054558444023132 1.5 -0.2545584440231323
v 6.937766033411026 1.5 -0.33259662985801697
v 6.937766033411026 1.5 -0.33259662985801697
v 6.8 1.5 -0.36000001430511475
v 6.8 1.5 -0.36000001430511475
v 6.662233966588974 1.5 -0.33259662985801697
v 6.662233966588974 1.5 -0.33259662985801697
v 6.5454415559768675 1.5 -0.2545584440231323
v 6.5454415559768675 1.5 -0.2545584440231323
v 6.467403370141983 1.5 -0.137766033411026
v 6.467403370141983 1.5 -0.137766033411026
v 6.439999985694885 1.5 -6.613092606913212e-17
v 6.439999985694885 1.5 -6.613092606913212e-17
v 6.467403370141983 1.5 0.137766033411026
v 6.467403370141983 1.5 0.137766033411026
v 6.5454415559768675 1.5 0.2545584440231323
v 6.5454415559768675 1.5 0.2545584440231323
v 6.662233966588974 1.5 0.33259662985801697
v 6.662233966588974 1.5 0.33259662985801697
v 6.8 1.5 0.36000001430511475
v 6.937766033411026 0 0.33259662985801697
v 6.8 0 0.36000001430511475
v 7.054558444023132 0 0.2545584440231323
v 6.937766033411026 0 0.33259662985801697
v 7.132596629858017 0 0.137766033411026
v 7.054558444023132 0 0.2545584440231323
v 7.160000014305115 0 2.204364202304404e-17
v 7.132596629858017 0 0.137766033411026
v 7.132596629858017 0 -0.137766033411026
v 7.160000014305115 0 2.204364202304404e-17
v 7.054558444023132 0 -0.2545584440231323
v 7.132596629858017 0 -0.137766033411026
v 6.937766033411026 0 -0.33259662985801697
v 7.054558444023132 0 -0.2545584440231323
v 6.8 0 -0.36000001430511475
v 6.937766033411026 0 -0.33259662985801697
v 6.662233966588974 0 -0.33259662985801697
v 6.8 0 -0.36000001430511475
v 6.5454415559768675 0 -0.2545584440231323
v 6.662233966588974 0 -0.33259662985801697
v 6.467403370141983 0 -0.137766033411026
v 6.5454415559768675 0 -0.2545584440231323
v 6.439999985694885 0 -6.613092606913212e-17
v 6.467403370141983 0 -0.137766033411026
v 6.467403370141983 0 0.137766033411026
v 6.439999985694885 0 -6.613092606913212e-17
v 6.5454415559768675 0 0.2545584440231323
v 6.467403370141983 0 0.137766033411026
v 6.662233966588974 0 0.33259662985801697
v 6.5454415559768675 0 0.2545584440231323
v 6.8 0 0.36000001430511475
v 6.662233966588974 0 0.33259662985801697
l 6249 6250
l 6251 6252
l 6253 6254
l 6255 6256
l 6257 6258
l 6259 6260
l 6261 6262
l 6263 6264
l 6265 6266
l 6267 6268
l 6269 6270
l 6271 6272
l 6273 6274
l 6275 6276
l 6277 6278
l 6279 6280
l 6281 6282
l 6283 6284
l 6285 6286
l 6287 6288
l 6289 6290
l 6291 6292
l 6293 6294
l 6295 6296
l 6297 6298
l 6299 6300
l 6301 6302
l 6303 6304
l 6305 6306
l 6307 6308
l 6309 6310
l 6311 6312
l 6313 6314
l 6315 6316
l 6317 6318
l 6319 6320
l 6321 6322
l 6323 6324
l 6325 6326
l 6327 6328
l 6329 6330
l 6331 6332
l 6333 6334
l 6335 6336
l 6337 6338
l 6339 6340
l 6341 6342
l 6343 6344
o guia
v 6.800000190734863 1.5 0
v 6.800000190734863 3.680000066757202 0
l 6345 6346 
o 
v 7.25 1.149999976158142 0
v 7.75 1.149999976158142 0
l 6347 6348 
o flecha
usemtl lima_solido
v 7.886000001430512 1.15 0
v 7.886000001430512 1.15 0
v 7.886000001430512 1.15 0
v 7.886000001430512 1.15 0
v 7.886000001430512 1.15 0
v 7.886000001430512 1.15 0
v 7.886000001430512 1.15 0
v 7.886000001430512 1.15 0
v 7.886000001430512 1.15 0
v 7.886000001430512 1.15 0
v 7.886000001430512 1.15 0
v 7.613999998569488 1.15 0.10399999618530274
v 7.613999998569488 1.088870334625244 0.08413776755332947
v 7.613999998569488 1.051090121269226 0.03213776648044586
v 7.613999998569488 1.051090121269226 -0.03213776648044586
v 7.613999998569488 1.088870334625244 -0.08413776755332947
v 7.613999998569488 1.15 -0.10399999618530274
v 7.613999998569488 1.2111296653747556 -0.08413776755332947
v 7.613999998569488 1.2489098787307737 -0.03213776648044586
v 7.613999998569488 1.2489098787307737 0.03213776648044586
v 7.613999998569488 1.2111296653747556 0.08413776755332947
v 7.613999998569488 1.15 0.10399999618530274
v 7.613999998569488 1.15 0
v 7.613999998569488 1.15 0
v 7.613999998569488 1.15 0
v 7.613999998569488 1.15 0
v 7.613999998569488 1.15 0
v 7.613999998569488 1.15 0
v 7.613999998569488 1.15 0
v 7.613999998569488 1.15 0
v 7.613999998569488 1.15 0
v 7.613999998569488 1.15 0
v 7.613999998569488 1.15 0.10399999618530274
v 7.613999998569488 1.088870334625244 0.08413776755332947
v 7.613999998569488 1.051090121269226 0.03213776648044586
v 7.613999998569488 1.051090121269226 -0.03213776648044586
v 7.613999998569488 1.088870334625244 -0.08413776755332947
v 7.613999998569488 1.15 -0.10399999618530274
v 7.613999998569488 1.2111296653747556 -0.08413776755332947
v 7.613999998569488 1.2489098787307737 -0.03213776648044586
v 7.613999998569488 1.2489098787307737 0.03213776648044586
v 7.613999998569488 1.2111296653747556 0.08413776755332947
v 7.613999998569488 1.15 0.10399999618530274
vt 0 1
vt 0.10000000149011612 1
vt 0.20000000298023224 1
vt 0.30000001192092896 1
vt 0.4000000059604645 1
vt 0.5 1
vt 0.6000000238418579 1
vt 0.699999988079071 1
vt 0.800000011920929 1
vt 0.8999999761581421 1
vt 1 1
vt 0 0
vt 0.10000000149011612 0
vt 0.20000000298023224 0
vt 0.30000001192092896 0
vt 0.4000000059604645 0
vt 0.5 0
vt 0.6000000238418579 0
vt 0.699999988079071 0
vt 0.800000011920929 0
vt 0.8999999761581421 0
vt 1 0
vt 0.5 0.5
vt 0.5 0.5
vt 0.5 0.5
vt 0.5 0.5
vt 0.5 0.5
vt 0.5 0.5
vt 0.5 0.5
vt 0.5 0.5
vt 0.5 0.5
vt 0.5 0.5
vt 1 0.5
vt 0.9045084714889526 0.20610737800598145
vt 0.6545084714889526 0.024471741169691086
vt 0.345491498708725 0.024471741169691086
vt 0.09549150615930557 0.20610737800598145
vt 0 0.5
vt 0.09549150615930557 0.7938926219940186
vt 0.345491498708725 0.9755282402038574
vt 0.6545084714889526 0.9755282402038574
vt 0.9045084714889526 0.7938926219940186
vt 1 0.5
vn 0.3571374785024132 7.930045031799023e-17 0.9340518301726828
vn 0.35713746842606353 -0.5490218950708002 0.7556638057887182
vn 0.35713747910210547 -0.8883360814962236 0.28863788270517754
vn 0.35713747910210547 -0.8883360814962236 -0.28863788270517754
vn 0.35713746842606353 -0.5490218950708002 -0.7556638057887182
vn 0.3571374785024132 -3.5087910400206296e-17 -0.9340518301726828
vn 0.35713746842606325 0.5490218950708005 -0.7556638057887182
vn 0.35713747910210514 0.8883360814962238 -0.28863788270517754
vn 0.35713747910210514 0.8883360814962238 0.28863788270517754
vn 0.35713746842606325 0.5490218950708005 0.7556638057887182
vn 0.3571374785024132 3.080771717543833e-16 0.9340518301726828
vn 0.3571374785024132 7.930045031799023e-17 0.9340518301726828
vn 0.35713746842606353 -0.5490218950708002 0.7556638057887182
vn 0.35713747910210547 -0.8883360814962236 0.28863788270517754
vn 0.35713747910210547 -0.8883360814962236 -0.28863788270517754
vn 0.35713746842606353 -0.5490218950708002 -0.7556638057887182
vn 0.3571374785024132 -3.5087910400206296e-17 -0.9340518301726828
vn 0.35713746842606325 0.5490218950708005 -0.7556638057887182
vn 0.35713747910210514 0.8883360814962238 -0.28863788270517754
vn 0.35713747910210514 0.8883360814962238 0.28863788270517754
vn 0.35713746842606325 0.5490218950708005 0.7556638057887182
vn 0.3571374785024132 3.080771717543833e-16 0.9340518301726828
vn -1 -2.220446049250314e-16 0
vn -1 -2.220446049250314e-16 0
vn -1 -2.220446049250314e-16 0
vn -1 -2.220446049250314e-16 0
vn -1 -2.220446049250314e-16 0
vn -1 -2.220446049250314e-16 0
vn -1 -2.220446049250314e-16 0
vn -1 -2.220446049250314e-16 0
vn -1 -2.220446049250314e-16 0
vn -1 -2.220446049250314e-16 0
vn -1 -2.220446049250314e-16 0
vn -1 -2.220446049250314e-16 0
vn -1 -2.220446049250314e-16 0
vn -1 -2.220446049250314e-16 0
vn -1 -2.220446049250314e-16 0
vn -1 -2.220446049250314e-16 0
vn -1 -2.220446049250314e-16 0
vn -1 -2.220446049250314e-16 0
vn -1 -2.220446049250314e-16 0
vn -1 -2.220446049250314e-16 0
vn -1 -2.220446049250314e-16 0
f 6360/3172/3172 6361/3173/3173 6350/3162/3162
f 6361/3173/3173 6362/3174/3174 6351/3163/3163
f 6362/3174/3174 6363/3175/3175 6352/3164/3164
f 6363/3175/3175 6364/3176/3176 6353/3165/3165
f 6364/3176/3176 6365/3177/3177 6354/3166/3166
f 6365/3177/3177 6366/3178/3178 6355/3167/3167
f 6366/3178/3178 6367/3179/3179 6356/3168/3168
f 6367/3179/3179 6368/3180/3180 6357/3169/3169
f 6368/3180/3180 6369/3181/3181 6358/3170/3170
f 6369/3181/3181 6370/3182/3182 6359/3171/3171
f 6382/3194/3194 6381/3193/3193 6371/3183/3183
f 6383/3195/3195 6382/3194/3194 6372/3184/3184
f 6384/3196/3196 6383/3195/3195 6373/3185/3185
f 6385/3197/3197 6384/3196/3196 6374/3186/3186
f 6386/3198/3198 6385/3197/3197 6375/3187/3187
f 6387/3199/3199 6386/3198/3198 6376/3188/3188
f 6388/3200/3200 6387/3199/3199 6377/3189/3189
f 6389/3201/3201 6388/3200/3200 6378/3190/3190
f 6390/3202/3202 6389/3201/3201 6379/3191/3191
f 6391/3203/3203 6390/3202/3202 6380/3192/3192
o medidor_caudal_cuerpo
usemtl relleno_oscuro
v 7.800000000000001 1.15 0.18000000715255737
v 7.800000000000001 1.2400000035762786 0.15588457882404327
v 7.800000000000001 1.3058845788240432 0.09000000357627869
v 7.800000000000001 1.3300000071525573 1.102182101152202e-17
v 7.800000000000001 1.3058845788240432 -0.09000000357627869
v 7.800000000000001 1.2400000035762786 -0.15588457882404327
v 7.800000000000001 1.15 -0.18000000715255737
v 7.800000000000001 1.0599999964237212 -0.15588457882404327
v 7.800000000000001 0.9941154211759566 -0.09000000357627869
v 7.800000000000001 0.9699999928474425 -3.306546303456606e-17
v 7.800000000000001 0.9941154211759566 0.09000000357627869
v 7.800000000000001 1.0599999964237212 0.15588457882404327
v 7.800000000000001 1.15 0.18000000715255737
v 8.3 1.15 0.18000000715255737
v 8.3 1.2400000035762786 0.15588457882404327
v 8.3 1.3058845788240432 0.09000000357627869
v 8.3 1.3300000071525573 1.102182101152202e-17
v 8.3 1.3058845788240432 -0.09000000357627869
v 8.3 1.2400000035762786 -0.15588457882404327
v 8.3 1.15 -0.18000000715255737
v 8.3 1.0599999964237212 -0.15588457882404327
v 8.3 0.9941154211759566 -0.09000000357627869
v 8.3 0.9699999928474425 -3.306546303456606e-17
v 8.3 0.9941154211759566 0.09000000357627869
v 8.3 1.0599999964237212 0.15588457882404327
v 8.3 1.15 0.18000000715255737
v 7.800000000000001 1.15 0
v 7.800000000000001 1.15 0
v 7.800000000000001 1.15 0
v 7.800000000000001 1.15 0
v 7.800000000000001 1.15 0
v 7.800000000000001 1.15 0
v 7.800000000000001 1.15 0
v 7.800000000000001 1.15 0
v 7.800000000000001 1.15 0
v 7.800000000000001 1.15 0
v 7.800000000000001 1.15 0
v 7.800000000000001 1.15 0
v 7.800000000000001 1.15 0.18000000715255737
v 7.800000000000001 1.2400000035762786 0.15588457882404327
v 7.800000000000001 1.3058845788240432 0.09000000357627869
v 7.800000000000001 1.3300000071525573 1.102182101152202e-17
v 7.800000000000001 1.3058845788240432 -0.09000000357627869
v 7.800000000000001 1.2400000035762786 -0.15588457882404327
v 7.800000000000001 1.15 -0.18000000715255737
v 7.800000000000001 1.0599999964237212 -0.15588457882404327
v 7.800000000000001 0.9941154211759566 -0.09000000357627869
v 7.800000000000001 0.9699999928474425 -3.306546303456606e-17
v 7.800000000000001 0.9941154211759566 0.09000000357627869
v 7.800000000000001 1.0599999964237212 0.15588457882404327
v 7.800000000000001 1.15 0.18000000715255737
v 8.3 1.15 0
v 8.3 1.15 0
v 8.3 1.15 0
v 8.3 1.15 0
v 8.3 1.15 0
v 8.3 1.15 0
v 8.3 1.15 0
v 8.3 1.15 0
v 8.3 1.15 0
v 8.3 1.15 0
v 8.3 1.15 0
v 8.3 1.15 0
v 8.3 1.15 0.18000000715255737
v 8.3 1.2400000035762786 0.15588457882404327
v 8.3 1.3058845788240432 0.09000000357627869
v 8.3 1.3300000071525573 1.102182101152202e-17
v 8.3 1.3058845788240432 -0.09000000357627869
v 8.3 1.2400000035762786 -0.15588457882404327
v 8.3 1.15 -0.18000000715255737
v 8.3 1.0599999964237212 -0.15588457882404327
v 8.3 0.9941154211759566 -0.09000000357627869
v 8.3 0.9699999928474425 -3.306546303456606e-17
v 8.3 0.9941154211759566 0.09000000357627869
v 8.3 1.0599999964237212 0.15588457882404327
v 8.3 1.15 0.18000000715255737
vt 0 1
vt 0.0833333358168602 1
vt 0.1666666716337204 1
vt 0.25 1
vt 0.3333333432674408 1
vt 0.4166666567325592 1
vt 0.5 1
vt 0.5833333134651184 1
vt 0.6666666865348816 1
vt 0.75 1
vt 0.8333333134651184 1
vt 0.9166666865348816 1
vt 1 1
vt 0 0
vt 0.0833333358168602 0
vt 0.1666666716337204 0
vt 0.25 0
vt 0.3333333432674408 0
vt 0.4166666567325592 0
vt 0.5 0
vt 0.5833333134651184 0
vt 0.6666666865348816 0
vt 0.75 0
vt 0.8333333134651184 0
vt 0.9166666865348816 0
vt 1 0
vt 0.5 0.5
vt 0.5 0.5
vt 0.5 0.5
vt 0.5 0.5
vt 0.5 0.5
vt 0.5 0.5
vt 0.5 0.5
vt 0.5 0.5
vt 0.5 0.5
vt 0.5 0.5
vt 0.5 0.5
vt 0.5 0.5
vt 1 0.5
vt 0.9330127239227295 0.75
vt 0.75 0.9330127239227295
vt 0.5 1
vt 0.25 0.9330127239227295
vt 0.0669872984290123 0.75
vt 0 0.5
vt 0.0669872984290123 0.25
vt 0.25 0.0669872984290123
vt 0.5 0
vt 0.75 0.0669872984290123
vt 0.9330127239227295 0.25
vt 1 0.5
vt 0.5 0.5
vt 0.5 0.5
vt 0.5 0.5
vt 0.5 0.5
vt 0.5 0.5
vt 0.5 0.5
vt 0.5 0.5
vt 0.5 0.5
vt 0.5 0.5
vt 0.5 0.5
vt 0.5 0.5
vt 0.5 0.5
vt 1 0.5
vt 0.9330127239227295 0.25
vt 0.75 0.0669872984290123
vt 0.5 0
vt 0.25 0.0669872984290123
vt 0.0669872984290123 0.25
vt 0 0.5
vt 0.0669872984290123 0.75
vt 0.25 0.9330127239227295
vt 0.5 1
vt 0.75 0.9330127239227295
vt 0.9330127239227295 0.75
vt 1 0.5
vn 0 0 1
vn 1.1102230395700616e-16 0.5000000067305869 0.8660253998985324
vn 1.9229626777551189e-16 0.8660253998985324 0.5000000067305869
vn 2.220446049250313e-16 1 6.123234262925839e-17
vn 1.9229626777551189e-16 0.8660253998985324 -0.5000000067305869
vn 1.1102230395700616e-16 0.5000000067305869 -0.8660253998985324
vn 2.7192622655495665e-32 1.2246468525851679e-16 -1
vn -1.1102230395700616e-16 -0.5000000067305869 -0.8660253998985324
vn -1.9229626777551189e-16 -0.8660253998985324 -0.5000000067305869
vn -2.220446049250313e-16 -1 -1.8369701465288538e-16
vn -1.9229626777551189e-16 -0.8660253998985324 0.5000000067305869
vn -1.1102230395700616e-16 -0.5000000067305869 0.8660253998985324
vn -5.438524531099133e-32 -2.4492937051703357e-16 1
vn 0 0 1
vn 1.1102230395700616e-16 0.5000000067305869 0.8660253998985324
vn 1.9229626777551189e-16 0.8660253998985324 0.5000000067305869
vn 2.220446049250313e-16 1 6.123234262925839e-17
vn 1.9229626777551189e-16 0.8660253998985324 -0.5000000067305869
vn 1.1102230395700616e-16 0.5000000067305869 -0.8660253998985324
vn 2.7192622655495665e-32 1.2246468525851679e-16 -1
vn -1.1102230395700616e-16 -0.5000000067305869 -0.8660253998985324
vn -1.9229626777551189e-16 -0.8660253998985324 -0.5000000067305869
vn -2.220446049250313e-16 -1 -1.8369701465288538e-16
vn -1.9229626777551189e-16 -0.8660253998985324 0.5000000067305869
vn -1.1102230395700616e-16 -0.5000000067305869 0.8660253998985324
vn -5.438524531099133e-32 -2.4492937051703357e-16 1
vn -1 2.220446049250313e-16 0
vn -1 2.220446049250313e-16 0
vn -1 2.220446049250313e-16 0
vn -1 2.220446049250313e-16 0
vn -1 2.220446049250313e-16 0
vn -1 2.220446049250313e-16 0
vn -1 2.220446049250313e-16 0
vn -1 2.220446049250313e-16 0
vn -1 2.220446049250313e-16 0
vn -1 2.220446049250313e-16 0
vn -1 2.220446049250313e-16 0
vn -1 2.220446049250313e-16 0
vn -1 2.220446049250313e-16 0
vn -1 2.220446049250313e-16 0
vn -1 2.220446049250313e-16 0
vn -1 2.220446049250313e-16 0
vn -1 2.220446049250313e-16 0
vn -1 2.220446049250313e-16 0
vn -1 2.220446049250313e-16 0
vn -1 2.220446049250313e-16 0
vn -1 2.220446049250313e-16 0
vn -1 2.220446049250313e-16 0
vn -1 2.220446049250313e-16 0
vn -1 2.220446049250313e-16 0
vn -1 2.220446049250313e-16 0
vn 1 -2.220446049250313e-16 0
vn 1 -2.220446049250313e-16 0
vn 1 -2.220446049250313e-16 0
vn 1 -2.220446049250313e-16 0
vn 1 -2.220446049250313e-16 0
vn 1 -2.220446049250313e-16 0
vn 1 -2.220446049250313e-16 0
vn 1 -2.220446049250313e-16 0
vn 1 -2.220446049250313e-16 0
vn 1 -2.220446049250313e-16 0
vn 1 -2.220446049250313e-16 0
vn 1 -2.220446049250313e-16 0
vn 1 -2.220446049250313e-16 0
vn 1 -2.220446049250313e-16 0
vn 1 -2.220446049250313e-16 0
vn 1 -2.220446049250313e-16 0
vn 1 -2.220446049250313e-16 0
vn 1 -2.220446049250313e-16 0
vn 1 -2.220446049250313e-16 0
vn 1 -2.220446049250313e-16 0
vn 1 -2.220446049250313e-16 0
vn 1 -2.220446049250313e-16 0
vn 1 -2.220446049250313e-16 0
vn 1 -2.220446049250313e-16 0
vn 1 -2.220446049250313e-16 0
f 6392/3204/3204 6405/3217/3217 6393/3205/3205
f 6405/3217/3217 6406/3218/3218 6393/3205/3205
f 6393/3205/3205 6406/3218/3218 6394/3206/3206
f 6406/3218/3218 6407/3219/3219 6394/3206/3206
f 6394/3206/3206 6407/3219/3219 6395/3207/3207
f 6407/3219/3219 6408/3220/3220 6395/3207/3207
f 6395/3207/3207 6408/3220/3220 6396/3208/3208
f 6408/3220/3220 6409/3221/3221 6396/3208/3208
f 6396/3208/3208 6409/3221/3221 6397/3209/3209
f 6409/3221/3221 6410/3222/3222 6397/3209/3209
f 6397/3209/3209 6410/3222/3222 6398/3210/3210
f 6410/3222/3222 6411/3223/3223 6398/3210/3210
f 6398/3210/3210 6411/3223/3223 6399/3211/3211
f 6411/3223/3223 6412/3224/3224 6399/3211/3211
f 6399/3211/3211 6412/3224/3224 6400/3212/3212
f 6412/3224/3224 6413/3225/3225 6400/3212/3212
f 6400/3212/3212 6413/3225/3225 6401/3213/3213
f 6413/3225/3225 6414/3226/3226 6401/3213/3213
f 6401/3213/3213 6414/3226/3226 6402/3214/3214
f 6414/3226/3226 6415/3227/3227 6402/3214/3214
f 6402/3214/3214 6415/3227/3227 6403/3215/3215
f 6415/3227/3227 6416/3228/3228 6403/3215/3215
f 6403/3215/3215 6416/3228/3228 6404/3216/3216
f 6416/3228/3228 6417/3229/3229 6404/3216/3216
f 6430/3242/3242 6431/3243/3243 6418/3230/3230
f 6431/3243/3243 6432/3244/3244 6419/3231/3231
f 6432/3244/3244 6433/3245/3245 6420/3232/3232
f 6433/3245/3245 6434/3246/3246 6421/3233/3233
f 6434/3246/3246 6435/3247/3247 6422/3234/3234
f 6435/3247/3247 6436/3248/3248 6423/3235/3235
f 6436/3248/3248 6437/3249/3249 6424/3236/3236
f 6437/3249/3249 6438/3250/3250 6425/3237/3237
f 6438/3250/3250 6439/3251/3251 6426/3238/3238
f 6439/3251/3251 6440/3252/3252 6427/3239/3239
f 6440/3252/3252 6441/3253/3253 6428/3240/3240
f 6441/3253/3253 6442/3254/3254 6429/3241/3241
f 6456/3268/3268 6455/3267/3267 6443/3255/3255
f 6457/3269/3269 6456/3268/3268 6444/3256/3256
f 6458/3270/3270 6457/3269/3269 6445/3257/3257
f 6459/3271/3271 6458/3270/3270 6446/3258/3258
f 6460/3272/3272 6459/3271/3271 6447/3259/3259
f 6461/3273/3273 6460/3272/3272 6448/3260/3260
f 6462/3274/3274 6461/3273/3273 6449/3261/3261
f 6463/3275/3275 6462/3274/3274 6450/3262/3262
f 6464/3276/3276 6463/3275/3275 6451/3263/3263
f 6465/3277/3277 6464/3276/3276 6452/3264/3264
f 6466/3278/3278 6465/3277/3277 6453/3265/3265
f 6467/3279/3279 6466/3278/3278 6454/3266/3266
o medidor_caudal_aristas
v 7.800000000000001 1.2400000035762786 0.15588457882404327
v 8.3 1.2400000035762786 0.15588457882404327
v 7.800000000000001 1.3058845788240432 0.09000000357627869
v 8.3 1.3058845788240432 0.09000000357627869
v 7.800000000000001 1.3300000071525573 1.102182101152202e-17
v 8.3 1.3300000071525573 1.102182101152202e-17
v 7.800000000000001 1.3058845788240432 -0.09000000357627869
v 8.3 1.3058845788240432 -0.09000000357627869
v 7.800000000000001 1.2400000035762786 -0.15588457882404327
v 8.3 1.2400000035762786 -0.15588457882404327
v 7.800000000000001 1.15 -0.18000000715255737
v 8.3 1.15 -0.18000000715255737
v 7.800000000000001 1.0599999964237212 -0.15588457882404327
v 8.3 1.0599999964237212 -0.15588457882404327
v 7.800000000000001 0.9941154211759566 -0.09000000357627869
v 8.3 0.9941154211759566 -0.09000000357627869
v 7.800000000000001 0.9699999928474425 -3.306546303456606e-17
v 8.3 0.9699999928474425 -3.306546303456606e-17
v 7.800000000000001 0.9941154211759566 0.09000000357627869
v 8.3 0.9941154211759566 0.09000000357627869
v 7.800000000000001 1.0599999964237212 0.15588457882404327
v 8.3 1.0599999964237212 0.15588457882404327
v 8.3 1.15 0.18000000715255737
v 7.800000000000001 1.15 0.18000000715255737
v 7.800000000000001 1.15 0.18000000715255737
v 7.800000000000001 1.2400000035762786 0.15588457882404327
v 7.800000000000001 1.2400000035762786 0.15588457882404327
v 7.800000000000001 1.3058845788240432 0.09000000357627869
v 7.800000000000001 1.3058845788240432 0.09000000357627869
v 7.800000000000001 1.3300000071525573 1.102182101152202e-17
v 7.800000000000001 1.3300000071525573 1.102182101152202e-17
v 7.800000000000001 1.3058845788240432 -0.09000000357627869
v 7.800000000000001 1.3058845788240432 -0.09000000357627869
v 7.800000000000001 1.2400000035762786 -0.15588457882404327
v 7.800000000000001 1.2400000035762786 -0.15588457882404327
v 7.800000000000001 1.15 -0.18000000715255737
v 7.800000000000001 1.15 -0.18000000715255737
v 7.800000000000001 1.0599999964237212 -0.15588457882404327
v 7.800000000000001 1.0599999964237212 -0.15588457882404327
v 7.800000000000001 0.9941154211759566 -0.09000000357627869
v 7.800000000000001 0.9941154211759566 -0.09000000357627869
v 7.800000000000001 0.9699999928474425 -3.306546303456606e-17
v 7.800000000000001 0.9699999928474425 -3.306546303456606e-17
v 7.800000000000001 0.9941154211759566 0.09000000357627869
v 7.800000000000001 0.9941154211759566 0.09000000357627869
v 7.800000000000001 1.0599999964237212 0.15588457882404327
v 7.800000000000001 1.0599999964237212 0.15588457882404327
v 7.800000000000001 1.15 0.18000000715255737
v 8.3 1.2400000035762786 0.15588457882404327
v 8.3 1.15 0.18000000715255737
v 8.3 1.3058845788240432 0.09000000357627869
v 8.3 1.2400000035762786 0.15588457882404327
v 8.3 1.3300000071525573 1.102182101152202e-17
v 8.3 1.3058845788240432 0.09000000357627869
v 8.3 1.3058845788240432 -0.09000000357627869
v 8.3 1.3300000071525573 1.102182101152202e-17
v 8.3 1.2400000035762786 -0.15588457882404327
v 8.3 1.3058845788240432 -0.09000000357627869
v 8.3 1.15 -0.18000000715255737
v 8.3 1.2400000035762786 -0.15588457882404327
v 8.3 1.0599999964237212 -0.15588457882404327
v 8.3 1.15 -0.18000000715255737
v 8.3 0.9941154211759566 -0.09000000357627869
v 8.3 1.0599999964237212 -0.15588457882404327
v 8.3 0.9699999928474425 -3.306546303456606e-17
v 8.3 0.9941154211759566 -0.09000000357627869
v 8.3 0.9941154211759566 0.09000000357627869
v 8.3 0.9699999928474425 -3.306546303456606e-17
v 8.3 1.0599999964237212 0.15588457882404327
v 8.3 0.9941154211759566 0.09000000357627869
v 8.3 1.15 0.18000000715255737
v 8.3 1.0599999964237212 0.15588457882404327
l 6468 6469
l 6470 6471
l 6472 6473
l 6474 6475
l 6476 6477
l 6478 6479
l 6480 6481
l 6482 6483
l 6484 6485
l 6486 6487
l 6488 6489
l 6490 6491
l 6492 6493
l 6494 6495
l 6496 6497
l 6498 6499
l 6500 6501
l 6502 6503
l 6504 6505
l 6506 6507
l 6508 6509
l 6510 6511
l 6512 6513
l 6514 6515
l 6516 6517
l 6518 6519
l 6520 6521
l 6522 6523
l 6524 6525
l 6526 6527
l 6528 6529
l 6530 6531
l 6532 6533
l 6534 6535
l 6536 6537
l 6538 6539
o medidor_indicador_cuerpo
usemtl relleno_oscuro
v 8.159999999403954 1.6099999994039536 0.05000000074505806
v 8.159999999403954 1.6099999994039536 -0.05000000074505806
v 8.159999999403954 1.3900000005960464 0.05000000074505806
v 8.159999999403954 1.3900000005960464 -0.05000000074505806
v 7.940000000596047 1.6099999994039536 -0.05000000074505806
v 7.940000000596047 1.6099999994039536 0.05000000074505806
v 7.940000000596047 1.3900000005960464 -0.05000000074505806
v 7.940000000596047 1.3900000005960464 0.05000000074505806
v 7.940000000596047 1.6099999994039536 -0.05000000074505806
v 8.159999999403954 1.6099999994039536 -0.05000000074505806
v 7.940000000596047 1.6099999994039536 0.05000000074505806
v 8.159999999403954 1.6099999994039536 0.05000000074505806
v 7.940000000596047 1.3900000005960464 0.05000000074505806
v 8.159999999403954 1.3900000005960464 0.05000000074505806
v 7.940000000596047 1.3900000005960464 -0.05000000074505806
v 8.159999999403954 1.3900000005960464 -0.05000000074505806
v 7.940000000596047 1.6099999994039536 0.05000000074505806
v 8.159999999403954 1.6099999994039536 0.05000000074505806
v 7.940000000596047 1.3900000005960464 0.05000000074505806
v 8.159999999403954 1.3900000005960464 0.05000000074505806
v 8.159999999403954 1.6099999994039536 -0.05000000074505806
v 7.940000000596047 1.6099999994039536 -0.05000000074505806
v 8.159999999403954 1.3900000005960464 -0.05000000074505806
v 7.940000000596047 1.3900000005960464 -0.05000000074505806
vt 0 1
vt 1 1
vt 0 0
vt 1 0
vt 0 1
vt 1 1
vt 0 0
vt 1 0
vt 0 1
vt 1 1
vt 0 0
vt 1 0
vt 0 1
vt 1 1
vt 0 0
vt 1 0
vt 0 1
vt 1 1
vt 0 0
vt 1 0
vt 0 1
vt 1 1
vt 0 0
vt 1 0
vn 1 0 0
vn 1 0 0
vn 1 0 0
vn 1 0 0
vn -1 0 0
vn -1 0 0
vn -1 0 0
vn -1 0 0
vn 0 1 0
vn 0 1 0
vn 0 1 0
vn 0 1 0
vn 0 -1 0
vn 0 -1 0
vn 0 -1 0
vn 0 -1 0
vn 0 0 1
vn 0 0 1
vn 0 0 1
vn 0 0 1
vn 0 0 -1
vn 0 0 -1
vn 0 0 -1
vn 0 0 -1
f 6540/3280/3280 6542/3282/3282 6541/3281/3281
f 6542/3282/3282 6543/3283/3283 6541/3281/3281
f 6544/3284/3284 6546/3286/3286 6545/3285/3285
f 6546/3286/3286 6547/3287/3287 6545/3285/3285
f 6548/3288/3288 6550/3290/3290 6549/3289/3289
f 6550/3290/3290 6551/3291/3291 6549/3289/3289
f 6552/3292/3292 6554/3294/3294 6553/3293/3293
f 6554/3294/3294 6555/3295/3295 6553/3293/3293
f 6556/3296/3296 6558/3298/3298 6557/3297/3297
f 6558/3298/3298 6559/3299/3299 6557/3297/3297
f 6560/3300/3300 6562/3302/3302 6561/3301/3301
f 6562/3302/3302 6563/3303/3303 6561/3301/3301
o medidor_indicador_aristas
v 7.940000000596047 1.6099999994039536 -0.05000000074505806
v 7.940000000596047 1.6099999994039536 0.05000000074505806
v 8.159999999403954 1.6099999994039536 0.05000000074505806
v 8.159999999403954 1.6099999994039536 -0.05000000074505806
v 7.940000000596047 1.3900000005960464 0.05000000074505806
v 7.940000000596047 1.3900000005960464 -0.05000000074505806
v 8.159999999403954 1.3900000005960464 -0.05000000074505806
v 8.159999999403954 1.3900000005960464 0.05000000074505806
v 7.940000000596047 1.6099999994039536 0.05000000074505806
v 7.940000000596047 1.3900000005960464 0.05000000074505806
v 8.159999999403954 1.6099999994039536 0.05000000074505806
v 7.940000000596047 1.6099999994039536 0.05000000074505806
v 7.940000000596047 1.3900000005960464 0.05000000074505806
v 8.159999999403954 1.3900000005960464 0.05000000074505806
v 8.159999999403954 1.3900000005960464 0.05000000074505806
v 8.159999999403954 1.6099999994039536 0.05000000074505806
v 8.159999999403954 1.6099999994039536 -0.05000000074505806
v 8.159999999403954 1.3900000005960464 -0.05000000074505806
v 7.940000000596047 1.6099999994039536 -0.05000000074505806
v 8.159999999403954 1.6099999994039536 -0.05000000074505806
v 8.159999999403954 1.3900000005960464 -0.05000000074505806
v 7.940000000596047 1.3900000005960464 -0.05000000074505806
v 7.940000000596047 1.3900000005960464 -0.05000000074505806
v 7.940000000596047 1.6099999994039536 -0.05000000074505806
l 6564 6565
l 6566 6567
l 6568 6569
l 6570 6571
l 6572 6573
l 6574 6575
l 6576 6577
l 6578 6579
l 6580 6581
l 6582 6583
l 6584 6585
l 6586 6587
o guia
v 8.050000190734863 1.649999976158142 0
v 8.050000190734863 2.369999885559082 0
l 6588 6589 
o 
v 8.350000381469727 1.149999976158142 0
v 8.850000381469727 1.149999976158142 0
l 6590 6591 
o flecha
usemtl lima_solido
v 8.986000001430511 1.15 0
v 8.986000001430511 1.15 0
v 8.986000001430511 1.15 0
v 8.986000001430511 1.15 0
v 8.986000001430511 1.15 0
v 8.986000001430511 1.15 0
v 8.986000001430511 1.15 0
v 8.986000001430511 1.15 0
v 8.986000001430511 1.15 0
v 8.986000001430511 1.15 0
v 8.986000001430511 1.15 0
v 8.713999998569488 1.15 0.10399999618530274
v 8.713999998569488 1.088870334625244 0.08413776755332947
v 8.713999998569488 1.051090121269226 0.03213776648044586
v 8.713999998569488 1.051090121269226 -0.03213776648044586
v 8.713999998569488 1.088870334625244 -0.08413776755332947
v 8.713999998569488 1.15 -0.10399999618530274
v 8.713999998569488 1.2111296653747556 -0.08413776755332947
v 8.713999998569488 1.2489098787307737 -0.03213776648044586
v 8.713999998569488 1.2489098787307737 0.03213776648044586
v 8.713999998569488 1.2111296653747556 0.08413776755332947
v 8.713999998569488 1.15 0.10399999618530274
v 8.713999998569488 1.15 0
v 8.713999998569488 1.15 0
v 8.713999998569488 1.15 0
v 8.713999998569488 1.15 0
v 8.713999998569488 1.15 0
v 8.713999998569488 1.15 0
v 8.713999998569488 1.15 0
v 8.713999998569488 1.15 0
v 8.713999998569488 1.15 0
v 8.713999998569488 1.15 0
v 8.713999998569488 1.15 0.10399999618530274
v 8.713999998569488 1.088870334625244 0.08413776755332947
v 8.713999998569488 1.051090121269226 0.03213776648044586
v 8.713999998569488 1.051090121269226 -0.03213776648044586
v 8.713999998569488 1.088870334625244 -0.08413776755332947
v 8.713999998569488 1.15 -0.10399999618530274
v 8.713999998569488 1.2111296653747556 -0.08413776755332947
v 8.713999998569488 1.2489098787307737 -0.03213776648044586
v 8.713999998569488 1.2489098787307737 0.03213776648044586
v 8.713999998569488 1.2111296653747556 0.08413776755332947
v 8.713999998569488 1.15 0.10399999618530274
vt 0 1
vt 0.10000000149011612 1
vt 0.20000000298023224 1
vt 0.30000001192092896 1
vt 0.4000000059604645 1
vt 0.5 1
vt 0.6000000238418579 1
vt 0.699999988079071 1
vt 0.800000011920929 1
vt 0.8999999761581421 1
vt 1 1
vt 0 0
vt 0.10000000149011612 0
vt 0.20000000298023224 0
vt 0.30000001192092896 0
vt 0.4000000059604645 0
vt 0.5 0
vt 0.6000000238418579 0
vt 0.699999988079071 0
vt 0.800000011920929 0
vt 0.8999999761581421 0
vt 1 0
vt 0.5 0.5
vt 0.5 0.5
vt 0.5 0.5
vt 0.5 0.5
vt 0.5 0.5
vt 0.5 0.5
vt 0.5 0.5
vt 0.5 0.5
vt 0.5 0.5
vt 0.5 0.5
vt 1 0.5
vt 0.9045084714889526 0.20610737800598145
vt 0.6545084714889526 0.024471741169691086
vt 0.345491498708725 0.024471741169691086
vt 0.09549150615930557 0.20610737800598145
vt 0 0.5
vt 0.09549150615930557 0.7938926219940186
vt 0.345491498708725 0.9755282402038574
vt 0.6545084714889526 0.9755282402038574
vt 0.9045084714889526 0.7938926219940186
vt 1 0.5
vn 0.3571374785024132 7.930045031799023e-17 0.9340518301726828
vn 0.35713746842606353 -0.5490218950708002 0.7556638057887182
vn 0.35713747910210547 -0.8883360814962236 0.28863788270517754
vn 0.35713747910210547 -0.8883360814962236 -0.28863788270517754
vn 0.35713746842606353 -0.5490218950708002 -0.7556638057887182
vn 0.3571374785024132 -3.5087910400206296e-17 -0.9340518301726828
vn 0.35713746842606325 0.5490218950708005 -0.7556638057887182
vn 0.35713747910210514 0.8883360814962238 -0.28863788270517754
vn 0.35713747910210514 0.8883360814962238 0.28863788270517754
vn 0.35713746842606325 0.5490218950708005 0.7556638057887182
vn 0.3571374785024132 3.080771717543833e-16 0.9340518301726828
vn 0.3571374785024132 7.930045031799023e-17 0.9340518301726828
vn 0.35713746842606353 -0.5490218950708002 0.7556638057887182
vn 0.35713747910210547 -0.8883360814962236 0.28863788270517754
vn 0.35713747910210547 -0.8883360814962236 -0.28863788270517754
vn 0.35713746842606353 -0.5490218950708002 -0.7556638057887182
vn 0.3571374785024132 -3.5087910400206296e-17 -0.9340518301726828
vn 0.35713746842606325 0.5490218950708005 -0.7556638057887182
vn 0.35713747910210514 0.8883360814962238 -0.28863788270517754
vn 0.35713747910210514 0.8883360814962238 0.28863788270517754
vn 0.35713746842606325 0.5490218950708005 0.7556638057887182
vn 0.3571374785024132 3.080771717543833e-16 0.9340518301726828
vn -1 -2.220446049250314e-16 0
vn -1 -2.220446049250314e-16 0
vn -1 -2.220446049250314e-16 0
vn -1 -2.220446049250314e-16 0
vn -1 -2.220446049250314e-16 0
vn -1 -2.220446049250314e-16 0
vn -1 -2.220446049250314e-16 0
vn -1 -2.220446049250314e-16 0
vn -1 -2.220446049250314e-16 0
vn -1 -2.220446049250314e-16 0
vn -1 -2.220446049250314e-16 0
vn -1 -2.220446049250314e-16 0
vn -1 -2.220446049250314e-16 0
vn -1 -2.220446049250314e-16 0
vn -1 -2.220446049250314e-16 0
vn -1 -2.220446049250314e-16 0
vn -1 -2.220446049250314e-16 0
vn -1 -2.220446049250314e-16 0
vn -1 -2.220446049250314e-16 0
vn -1 -2.220446049250314e-16 0
vn -1 -2.220446049250314e-16 0
f 6603/3315/3315 6604/3316/3316 6593/3305/3305
f 6604/3316/3316 6605/3317/3317 6594/3306/3306
f 6605/3317/3317 6606/3318/3318 6595/3307/3307
f 6606/3318/3318 6607/3319/3319 6596/3308/3308
f 6607/3319/3319 6608/3320/3320 6597/3309/3309
f 6608/3320/3320 6609/3321/3321 6598/3310/3310
f 6609/3321/3321 6610/3322/3322 6599/3311/3311
f 6610/3322/3322 6611/3323/3323 6600/3312/3312
f 6611/3323/3323 6612/3324/3324 6601/3313/3313
f 6612/3324/3324 6613/3325/3325 6602/3314/3314
f 6625/3337/3337 6624/3336/3336 6614/3326/3326
f 6626/3338/3338 6625/3337/3337 6615/3327/3327
f 6627/3339/3339 6626/3338/3338 6616/3328/3328
f 6628/3340/3340 6627/3339/3339 6617/3329/3329
f 6629/3341/3341 6628/3340/3340 6618/3330/3330
f 6630/3342/3342 6629/3341/3341 6619/3331/3331
f 6631/3343/3343 6630/3342/3342 6620/3332/3332
f 6632/3344/3344 6631/3343/3343 6621/3333/3333
f 6633/3345/3345 6632/3344/3344 6622/3334/3334
f 6634/3346/3346 6633/3345/3345 6623/3335/3335
o analizador_gabinete_cuerpo
usemtl relleno_oscuro
v 9.475000005960464 1.425 0.15000000596046448
v 9.475000005960464 1.425 -0.15000000596046448
v 9.475000005960464 0.675 0.15000000596046448
v 9.475000005960464 0.675 -0.15000000596046448
v 8.924999994039535 1.425 -0.15000000596046448
v 8.924999994039535 1.425 0.15000000596046448
v 8.924999994039535 0.675 -0.15000000596046448
v 8.924999994039535 0.675 0.15000000596046448
v 8.924999994039535 1.425 -0.15000000596046448
v 9.475000005960464 1.425 -0.15000000596046448
v 8.924999994039535 1.425 0.15000000596046448
v 9.475000005960464 1.425 0.15000000596046448
v 8.924999994039535 0.675 0.15000000596046448
v 9.475000005960464 0.675 0.15000000596046448
v 8.924999994039535 0.675 -0.15000000596046448
v 9.475000005960464 0.675 -0.15000000596046448
v 8.924999994039535 1.425 0.15000000596046448
v 9.475000005960464 1.425 0.15000000596046448
v 8.924999994039535 0.675 0.15000000596046448
v 9.475000005960464 0.675 0.15000000596046448
v 9.475000005960464 1.425 -0.15000000596046448
v 8.924999994039535 1.425 -0.15000000596046448
v 9.475000005960464 0.675 -0.15000000596046448
v 8.924999994039535 0.675 -0.15000000596046448
vt 0 1
vt 1 1
vt 0 0
vt 1 0
vt 0 1
vt 1 1
vt 0 0
vt 1 0
vt 0 1
vt 1 1
vt 0 0
vt 1 0
vt 0 1
vt 1 1
vt 0 0
vt 1 0
vt 0 1
vt 1 1
vt 0 0
vt 1 0
vt 0 1
vt 1 1
vt 0 0
vt 1 0
vn 1 0 0
vn 1 0 0
vn 1 0 0
vn 1 0 0
vn -1 0 0
vn -1 0 0
vn -1 0 0
vn -1 0 0
vn 0 1 0
vn 0 1 0
vn 0 1 0
vn 0 1 0
vn 0 -1 0
vn 0 -1 0
vn 0 -1 0
vn 0 -1 0
vn 0 0 1
vn 0 0 1
vn 0 0 1
vn 0 0 1
vn 0 0 -1
vn 0 0 -1
vn 0 0 -1
vn 0 0 -1
f 6635/3347/3347 6637/3349/3349 6636/3348/3348
f 6637/3349/3349 6638/3350/3350 6636/3348/3348
f 6639/3351/3351 6641/3353/3353 6640/3352/3352
f 6641/3353/3353 6642/3354/3354 6640/3352/3352
f 6643/3355/3355 6645/3357/3357 6644/3356/3356
f 6645/3357/3357 6646/3358/3358 6644/3356/3356
f 6647/3359/3359 6649/3361/3361 6648/3360/3360
f 6649/3361/3361 6650/3362/3362 6648/3360/3360
f 6651/3363/3363 6653/3365/3365 6652/3364/3364
f 6653/3365/3365 6654/3366/3366 6652/3364/3364
f 6655/3367/3367 6657/3369/3369 6656/3368/3368
f 6657/3369/3369 6658/3370/3370 6656/3368/3368
o analizador_gabinete_aristas
v 8.924999994039535 1.425 -0.15000000596046448
v 8.924999994039535 1.425 0.15000000596046448
v 9.475000005960464 1.425 0.15000000596046448
v 9.475000005960464 1.425 -0.15000000596046448
v 8.924999994039535 0.675 0.15000000596046448
v 8.924999994039535 0.675 -0.15000000596046448
v 9.475000005960464 0.675 -0.15000000596046448
v 9.475000005960464 0.675 0.15000000596046448
v 8.924999994039535 1.425 0.15000000596046448
v 8.924999994039535 0.675 0.15000000596046448
v 9.475000005960464 1.425 0.15000000596046448
v 8.924999994039535 1.425 0.15000000596046448
v 8.924999994039535 0.675 0.15000000596046448
v 9.475000005960464 0.675 0.15000000596046448
v 9.475000005960464 0.675 0.15000000596046448
v 9.475000005960464 1.425 0.15000000596046448
v 9.475000005960464 1.425 -0.15000000596046448
v 9.475000005960464 0.675 -0.15000000596046448
v 8.924999994039535 1.425 -0.15000000596046448
v 9.475000005960464 1.425 -0.15000000596046448
v 9.475000005960464 0.675 -0.15000000596046448
v 8.924999994039535 0.675 -0.15000000596046448
v 8.924999994039535 0.675 -0.15000000596046448
v 8.924999994039535 1.425 -0.15000000596046448
l 6659 6660
l 6661 6662
l 6663 6664
l 6665 6666
l 6667 6668
l 6669 6670
l 6671 6672
l 6673 6674
l 6675 6676
l 6677 6678
l 6679 6680
l 6681 6682
o analizador_pedestal_cuerpo
usemtl relleno_oscuro
v 9.2 0.6999999940395355 0.05000000074505806
v 9.23535534068942 0.6999999940395355 0.0353553406894207
v 9.250000000745057 0.6999999940395355 3.0616169246677665e-18
v 9.23535534068942 0.6999999940395355 -0.0353553406894207
v 9.2 0.6999999940395355 -0.05000000074505806
v 9.164644659310579 0.6999999940395355 -0.0353553406894207
v 9.149999999254941 0.6999999940395355 -9.184851394388759e-18
v 9.164644659310579 0.6999999940395355 0.0353553406894207
v 9.2 0.6999999940395355 0.05000000074505806
v 9.2 5.960464455334602e-9 0.05000000074505806
v 9.23535534068942 5.960464455334602e-9 0.0353553406894207
v 9.250000000745057 5.960464455334602e-9 3.0616169246677665e-18
v 9.23535534068942 5.960464455334602e-9 -0.0353553406894207
v 9.2 5.960464455334602e-9 -0.05000000074505806
v 9.164644659310579 5.960464455334602e-9 -0.0353553406894207
v 9.149999999254941 5.960464455334602e-9 -9.184851394388759e-18
v 9.164644659310579 5.960464455334602e-9 0.0353553406894207
v 9.2 5.960464455334602e-9 0.05000000074505806
v 9.2 0.6999999940395355 0
v 9.2 0.6999999940395355 0
v 9.2 0.6999999940395355 0
v 9.2 0.6999999940395355 0
v 9.2 0.6999999940395355 0
v 9.2 0.6999999940395355 0
v 9.2 0.6999999940395355 0
v 9.2 0.6999999940395355 0
v 9.2 0.6999999940395355 0.05000000074505806
v 9.23535534068942 0.6999999940395355 0.0353553406894207
v 9.250000000745057 0.6999999940395355 3.0616169246677665e-18
v 9.23535534068942 0.6999999940395355 -0.0353553406894207
v 9.2 0.6999999940395355 -0.05000000074505806
v 9.164644659310579 0.6999999940395355 -0.0353553406894207
v 9.149999999254941 0.6999999940395355 -9.184851394388759e-18
v 9.164644659310579 0.6999999940395355 0.0353553406894207
v 9.2 0.6999999940395355 0.05000000074505806
v 9.2 5.960464455334602e-9 0
v 9.2 5.960464455334602e-9 0
v 9.2 5.960464455334602e-9 0
v 9.2 5.960464455334602e-9 0
v 9.2 5.960464455334602e-9 0
v 9.2 5.960464455334602e-9 0
v 9.2 5.960464455334602e-9 0
v 9.2 5.960464455334602e-9 0
v 9.2 5.960464455334602e-9 0.05000000074505806
v 9.23535534068942 5.960464455334602e-9 0.0353553406894207
v 9.250000000745057 5.960464455334602e-9 3.0616169246677665e-18
v 9.23535534068942 5.960464455334602e-9 -0.0353553406894207
v 9.2 5.960464455334602e-9 -0.05000000074505806
v 9.164644659310579 5.960464455334602e-9 -0.0353553406894207
v 9.149999999254941 5.960464455334602e-9 -9.184851394388759e-18
v 9.164644659310579 5.960464455334602e-9 0.0353553406894207
v 9.2 5.960464455334602e-9 0.05000000074505806
vt 0 1
vt 0.125 1
vt 0.25 1
vt 0.375 1
vt 0.5 1
vt 0.625 1
vt 0.75 1
vt 0.875 1
vt 1 1
vt 0 0
vt 0.125 0
vt 0.25 0
vt 0.375 0
vt 0.5 0
vt 0.625 0
vt 0.75 0
vt 0.875 0
vt 1 0
vt 0.5 0.5
vt 0.5 0.5
vt 0.5 0.5
vt 0.5 0.5
vt 0.5 0.5
vt 0.5 0.5
vt 0.5 0.5
vt 0.5 0.5
vt 1 0.5
vt 0.8535534143447876 0.8535534143447876
vt 0.5 1
vt 0.1464466154575348 0.8535534143447876
vt 0 0.5
vt 0.1464466154575348 0.1464466154575348
vt 0.5 0
vt 0.8535534143447876 0.1464466154575348
vt 1 0.5
vt 0.5 0.5
vt 0.5 0.5
vt 0.5 0.5
vt 0.5 0.5
vt 0.5 0.5
vt 0.5 0.5
vt 0.5 0.5
vt 0.5 0.5
vt 1 0.5
vt 0.8535534143447876 0.1464466154575348
vt 0.5 0
vt 0.1464466154575348 0.1464466154575348
vt 0 0.5
vt 0.1464466154575348 0.8535534143447876
vt 0.5 1
vt 0.8535534143447876 0.8535534143447876
vt 1 0.5
vn 0 0 1
vn 0.7071067811865476 0 0.7071067811865476
vn 1 0 6.123234262925839e-17
vn 0.7071067811865476 0 -0.7071067811865476
vn 1.2246468525851679e-16 0 -1
vn -0.7071067811865476 0 -0.7071067811865476
vn -1 0 -1.8369701465288538e-16
vn -0.7071067811865476 0 0.7071067811865476
vn -2.4492937051703357e-16 0 1
vn 0 0 1
vn 0.7071067811865476 0 0.7071067811865476
vn 1 0 6.123234262925839e-17
vn 0.7071067811865476 0 -0.7071067811865476
vn 1.2246468525851679e-16 0 -1
vn -0.7071067811865476 0 -0.7071067811865476
vn -1 0 -1.8369701465288538e-16
vn -0.7071067811865476 0 0.7071067811865476
vn -2.4492937051703357e-16 0 1
vn 0 1 0
vn 0 1 0
vn 0 1 0
vn 0 1 0
vn 0 1 0
vn 0 1 0
vn 0 1 0
vn 0 1 0
vn 0 1 0
vn 0 1 0
vn 0 1 0
vn 0 1 0
vn 0 1 0
vn 0 1 0
vn 0 1 0
vn 0 1 0
vn 0 1 0
vn 0 -1 0
vn 0 -1 0
vn 0 -1 0
vn 0 -1 0
vn 0 -1 0
vn 0 -1 0
vn 0 -1 0
vn 0 -1 0
vn 0 -1 0
vn 0 -1 0
vn 0 -1 0
vn 0 -1 0
vn 0 -1 0
vn 0 -1 0
vn 0 -1 0
vn 0 -1 0
vn 0 -1 0
f 6683/3371/3371 6692/3380/3380 6684/3372/3372
f 6692/3380/3380 6693/3381/3381 6684/3372/3372
f 6684/3372/3372 6693/3381/3381 6685/3373/3373
f 6693/3381/3381 6694/3382/3382 6685/3373/3373
f 6685/3373/3373 6694/3382/3382 6686/3374/3374
f 6694/3382/3382 6695/3383/3383 6686/3374/3374
f 6686/3374/3374 6695/3383/3383 6687/3375/3375
f 6695/3383/3383 6696/3384/3384 6687/3375/3375
f 6687/3375/3375 6696/3384/3384 6688/3376/3376
f 6696/3384/3384 6697/3385/3385 6688/3376/3376
f 6688/3376/3376 6697/3385/3385 6689/3377/3377
f 6697/3385/3385 6698/3386/3386 6689/3377/3377
f 6689/3377/3377 6698/3386/3386 6690/3378/3378
f 6698/3386/3386 6699/3387/3387 6690/3378/3378
f 6690/3378/3378 6699/3387/3387 6691/3379/3379
f 6699/3387/3387 6700/3388/3388 6691/3379/3379
f 6709/3397/3397 6710/3398/3398 6701/3389/3389
f 6710/3398/3398 6711/3399/3399 6702/3390/3390
f 6711/3399/3399 6712/3400/3400 6703/3391/3391
f 6712/3400/3400 6713/3401/3401 6704/3392/3392
f 6713/3401/3401 6714/3402/3402 6705/3393/3393
f 6714/3402/3402 6715/3403/3403 6706/3394/3394
f 6715/3403/3403 6716/3404/3404 6707/3395/3395
f 6716/3404/3404 6717/3405/3405 6708/3396/3396
f 6727/3415/3415 6726/3414/3414 6718/3406/3406
f 6728/3416/3416 6727/3415/3415 6719/3407/3407
f 6729/3417/3417 6728/3416/3416 6720/3408/3408
f 6730/3418/3418 6729/3417/3417 6721/3409/3409
f 6731/3419/3419 6730/3418/3418 6722/3410/3410
f 6732/3420/3420 6731/3419/3419 6723/3411/3411
f 6733/3421/3421 6732/3420/3420 6724/3412/3412
f 6734/3422/3422 6733/3421/3421 6725/3413/3413
o analizador_pedestal_aristas
v 9.23535534068942 0.6999999940395355 0.0353553406894207
v 9.23535534068942 5.960464455334602e-9 0.0353553406894207
v 9.250000000745057 0.6999999940395355 3.0616169246677665e-18
v 9.250000000745057 5.960464455334602e-9 3.0616169246677665e-18
v 9.23535534068942 0.6999999940395355 -0.0353553406894207
v 9.23535534068942 5.960464455334602e-9 -0.0353553406894207
v 9.2 0.6999999940395355 -0.05000000074505806
v 9.2 5.960464455334602e-9 -0.05000000074505806
v 9.164644659310579 0.6999999940395355 -0.0353553406894207
v 9.164644659310579 5.960464455334602e-9 -0.0353553406894207
v 9.149999999254941 0.6999999940395355 -9.184851394388759e-18
v 9.149999999254941 5.960464455334602e-9 -9.184851394388759e-18
v 9.164644659310579 0.6999999940395355 0.0353553406894207
v 9.164644659310579 5.960464455334602e-9 0.0353553406894207
v 9.2 5.960464455334602e-9 0.05000000074505806
v 9.2 0.6999999940395355 0.05000000074505806
v 9.2 0.6999999940395355 0.05000000074505806
v 9.23535534068942 0.6999999940395355 0.0353553406894207
v 9.23535534068942 0.6999999940395355 0.0353553406894207
v 9.250000000745057 0.6999999940395355 3.0616169246677665e-18
v 9.250000000745057 0.6999999940395355 3.0616169246677665e-18
v 9.23535534068942 0.6999999940395355 -0.0353553406894207
v 9.23535534068942 0.6999999940395355 -0.0353553406894207
v 9.2 0.6999999940395355 -0.05000000074505806
v 9.2 0.6999999940395355 -0.05000000074505806
v 9.164644659310579 0.6999999940395355 -0.0353553406894207
v 9.164644659310579 0.6999999940395355 -0.0353553406894207
v 9.149999999254941 0.6999999940395355 -9.184851394388759e-18
v 9.149999999254941 0.6999999940395355 -9.184851394388759e-18
v 9.164644659310579 0.6999999940395355 0.0353553406894207
v 9.164644659310579 0.6999999940395355 0.0353553406894207
v 9.2 0.6999999940395355 0.05000000074505806
v 9.23535534068942 5.960464455334602e-9 0.0353553406894207
v 9.2 5.960464455334602e-9 0.05000000074505806
v 9.250000000745057 5.960464455334602e-9 3.0616169246677665e-18
v 9.23535534068942 5.960464455334602e-9 0.0353553406894207
v 9.23535534068942 5.960464455334602e-9 -0.0353553406894207
v 9.250000000745057 5.960464455334602e-9 3.0616169246677665e-18
v 9.2 5.960464455334602e-9 -0.05000000074505806
v 9.23535534068942 5.960464455334602e-9 -0.0353553406894207
v 9.164644659310579 5.960464455334602e-9 -0.0353553406894207
v 9.2 5.960464455334602e-9 -0.05000000074505806
v 9.149999999254941 5.960464455334602e-9 -9.184851394388759e-18
v 9.164644659310579 5.960464455334602e-9 -0.0353553406894207
v 9.164644659310579 5.960464455334602e-9 0.0353553406894207
v 9.149999999254941 5.960464455334602e-9 -9.184851394388759e-18
v 9.2 5.960464455334602e-9 0.05000000074505806
v 9.164644659310579 5.960464455334602e-9 0.0353553406894207
l 6735 6736
l 6737 6738
l 6739 6740
l 6741 6742
l 6743 6744
l 6745 6746
l 6747 6748
l 6749 6750
l 6751 6752
l 6753 6754
l 6755 6756
l 6757 6758
l 6759 6760
l 6761 6762
l 6763 6764
l 6765 6766
l 6767 6768
l 6769 6770
l 6771 6772
l 6773 6774
l 6775 6776
l 6777 6778
l 6779 6780
l 6781 6782
o analizador_pantalla
usemtl lima_solido
v 9.02999999821186 1.300000001490116 0.16
v 9.370000001788139 1.300000001490116 0.16
v 9.02999999821186 1.0999999985098838 0.16
v 9.370000001788139 1.0999999985098838 0.16
vt 0 1
vt 1 1
vt 0 0
vt 1 0
vn 0 0 1
vn 0 0 1
vn 0 0 1
vn 0 0 1
f 6783/3423/3423 6785/3425/3425 6784/3424/3424
f 6785/3425/3425 6786/3426/3426 6784/3424/3424
o guia
v 9.199999809265137 1.4500000476837158 0
v 9.199999809265137 4.28000020980835 0
l 6787 6788 
o 
v 9.550000190734863 1.149999976158142 0
v 10.100000381469727 1.149999976158142 0
l 6789 6790 
o flecha
usemtl lima_solido
v 10.236000001430511 1.15 0
v 10.236000001430511 1.15 0
v 10.236000001430511 1.15 0
v 10.236000001430511 1.15 0
v 10.236000001430511 1.15 0
v 10.236000001430511 1.15 0
v 10.236000001430511 1.15 0
v 10.236000001430511 1.15 0
v 10.236000001430511 1.15 0
v 10.236000001430511 1.15 0
v 10.236000001430511 1.15 0
v 9.963999998569488 1.15 0.10399999618530274
v 9.963999998569488 1.088870334625244 0.08413776755332947
v 9.963999998569488 1.051090121269226 0.03213776648044586
v 9.963999998569488 1.051090121269226 -0.03213776648044586
v 9.963999998569488 1.088870334625244 -0.08413776755332947
v 9.963999998569488 1.15 -0.10399999618530274
v 9.963999998569488 1.2111296653747556 -0.08413776755332947
v 9.963999998569488 1.2489098787307737 -0.03213776648044586
v 9.963999998569488 1.2489098787307737 0.03213776648044586
v 9.963999998569488 1.2111296653747556 0.08413776755332947
v 9.963999998569488 1.15 0.10399999618530274
v 9.963999998569488 1.15 0
v 9.963999998569488 1.15 0
v 9.963999998569488 1.15 0
v 9.963999998569488 1.15 0
v 9.963999998569488 1.15 0
v 9.963999998569488 1.15 0
v 9.963999998569488 1.15 0
v 9.963999998569488 1.15 0
v 9.963999998569488 1.15 0
v 9.963999998569488 1.15 0
v 9.963999998569488 1.15 0.10399999618530274
v 9.963999998569488 1.088870334625244 0.08413776755332947
v 9.963999998569488 1.051090121269226 0.03213776648044586
v 9.963999998569488 1.051090121269226 -0.03213776648044586
v 9.963999998569488 1.088870334625244 -0.08413776755332947
v 9.963999998569488 1.15 -0.10399999618530274
v 9.963999998569488 1.2111296653747556 -0.08413776755332947
v 9.963999998569488 1.2489098787307737 -0.03213776648044586
v 9.963999998569488 1.2489098787307737 0.03213776648044586
v 9.963999998569488 1.2111296653747556 0.08413776755332947
v 9.963999998569488 1.15 0.10399999618530274
vt 0 1
vt 0.10000000149011612 1
vt 0.20000000298023224 1
vt 0.30000001192092896 1
vt 0.4000000059604645 1
vt 0.5 1
vt 0.6000000238418579 1
vt 0.699999988079071 1
vt 0.800000011920929 1
vt 0.8999999761581421 1
vt 1 1
vt 0 0
vt 0.10000000149011612 0
vt 0.20000000298023224 0
vt 0.30000001192092896 0
vt 0.4000000059604645 0
vt 0.5 0
vt 0.6000000238418579 0
vt 0.699999988079071 0
vt 0.800000011920929 0
vt 0.8999999761581421 0
vt 1 0
vt 0.5 0.5
vt 0.5 0.5
vt 0.5 0.5
vt 0.5 0.5
vt 0.5 0.5
vt 0.5 0.5
vt 0.5 0.5
vt 0.5 0.5
vt 0.5 0.5
vt 0.5 0.5
vt 1 0.5
vt 0.9045084714889526 0.20610737800598145
vt 0.6545084714889526 0.024471741169691086
vt 0.345491498708725 0.024471741169691086
vt 0.09549150615930557 0.20610737800598145
vt 0 0.5
vt 0.09549150615930557 0.7938926219940186
vt 0.345491498708725 0.9755282402038574
vt 0.6545084714889526 0.9755282402038574
vt 0.9045084714889526 0.7938926219940186
vt 1 0.5
vn 0.3571374785024132 7.930045031799023e-17 0.9340518301726828
vn 0.35713746842606353 -0.5490218950708002 0.7556638057887182
vn 0.35713747910210547 -0.8883360814962236 0.28863788270517754
vn 0.35713747910210547 -0.8883360814962236 -0.28863788270517754
vn 0.35713746842606353 -0.5490218950708002 -0.7556638057887182
vn 0.3571374785024132 -3.5087910400206296e-17 -0.9340518301726828
vn 0.35713746842606325 0.5490218950708005 -0.7556638057887182
vn 0.35713747910210514 0.8883360814962238 -0.28863788270517754
vn 0.35713747910210514 0.8883360814962238 0.28863788270517754
vn 0.35713746842606325 0.5490218950708005 0.7556638057887182
vn 0.3571374785024132 3.080771717543833e-16 0.9340518301726828
vn 0.3571374785024132 7.930045031799023e-17 0.9340518301726828
vn 0.35713746842606353 -0.5490218950708002 0.7556638057887182
vn 0.35713747910210547 -0.8883360814962236 0.28863788270517754
vn 0.35713747910210547 -0.8883360814962236 -0.28863788270517754
vn 0.35713746842606353 -0.5490218950708002 -0.7556638057887182
vn 0.3571374785024132 -3.5087910400206296e-17 -0.9340518301726828
vn 0.35713746842606325 0.5490218950708005 -0.7556638057887182
vn 0.35713747910210514 0.8883360814962238 -0.28863788270517754
vn 0.35713747910210514 0.8883360814962238 0.28863788270517754
vn 0.35713746842606325 0.5490218950708005 0.7556638057887182
vn 0.3571374785024132 3.080771717543833e-16 0.9340518301726828
vn -1 -2.220446049250314e-16 0
vn -1 -2.220446049250314e-16 0
vn -1 -2.220446049250314e-16 0
vn -1 -2.220446049250314e-16 0
vn -1 -2.220446049250314e-16 0
vn -1 -2.220446049250314e-16 0
vn -1 -2.220446049250314e-16 0
vn -1 -2.220446049250314e-16 0
vn -1 -2.220446049250314e-16 0
vn -1 -2.220446049250314e-16 0
vn -1 -2.220446049250314e-16 0
vn -1 -2.220446049250314e-16 0
vn -1 -2.220446049250314e-16 0
vn -1 -2.220446049250314e-16 0
vn -1 -2.220446049250314e-16 0
vn -1 -2.220446049250314e-16 0
vn -1 -2.220446049250314e-16 0
vn -1 -2.220446049250314e-16 0
vn -1 -2.220446049250314e-16 0
vn -1 -2.220446049250314e-16 0
vn -1 -2.220446049250314e-16 0
f 6802/3438/3438 6803/3439/3439 6792/3428/3428
f 6803/3439/3439 6804/3440/3440 6793/3429/3429
f 6804/3440/3440 6805/3441/3441 6794/3430/3430
f 6805/3441/3441 6806/3442/3442 6795/3431/3431
f 6806/3442/3442 6807/3443/3443 6796/3432/3432
f 6807/3443/3443 6808/3444/3444 6797/3433/3433
f 6808/3444/3444 6809/3445/3445 6798/3434/3434
f 6809/3445/3445 6810/3446/3446 6799/3435/3435
f 6810/3446/3446 6811/3447/3447 6800/3436/3436
f 6811/3447/3447 6812/3448/3448 6801/3437/3437
f 6824/3460/3460 6823/3459/3459 6813/3449/3449
f 6825/3461/3461 6824/3460/3460 6814/3450/3450
f 6826/3462/3462 6825/3461/3461 6815/3451/3451
f 6827/3463/3463 6826/3462/3462 6816/3452/3452
f 6828/3464/3464 6827/3463/3463 6817/3453/3453
f 6829/3465/3465 6828/3464/3464 6818/3454/3454
f 6830/3466/3466 6829/3465/3465 6819/3455/3455
f 6831/3467/3467 6830/3466/3466 6820/3456/3456
f 6832/3468/3468 6831/3467/3467 6821/3457/3457
f 6833/3469/3469 6832/3468/3468 6822/3458/3458
o gasometro_base_cuerpo
usemtl relleno_oscuro
v 13.2 0.34999999701976775 3.6600000858306885
v 14.147277724742889 0.34999999701976775 3.5352885723114014
v 15.030000042915344 0.34999999701976775 3.1696529388427734
v 15.788010787963866 0.34999999701976775 2.588010787963867
v 16.369652938842773 0.34999999701976775 1.8300000429153442
v 16.7352885723114 0.34999999701976775 0.9472777247428894
v 16.860000085830688 0.34999999701976775 2.2411035946470694e-16
v 16.7352885723114 0.34999999701976775 -0.9472777247428894
v 16.369652938842773 0.34999999701976775 -1.8300000429153442
v 15.788010787963866 0.34999999701976775 -2.588010787963867
v 15.030000042915344 0.34999999701976775 -3.1696529388427734
v 14.147277724742889 0.34999999701976775 -3.5352885723114014
v 13.2 0.34999999701976775 -3.6600000858306885
v 12.25272227525711 0.34999999701976775 -3.5352885723114014
v 11.369999957084655 0.34999999701976775 -3.1696529388427734
v 10.611989212036132 0.34999999701976775 -2.588010787963867
v 10.030347061157226 0.34999999701976775 -1.8300000429153442
v 9.664711427688598 0.34999999701976775 -0.9472777247428894
v 9.53999991416931 0.34999999701976775 -6.723310783941208e-16
v 9.664711427688598 0.34999999701976775 0.9472777247428894
v 10.030347061157226 0.34999999701976775 1.8300000429153442
v 10.611989212036132 0.34999999701976775 2.588010787963867
v 11.369999957084655 0.34999999701976775 3.1696529388427734
v 12.25272227525711 0.34999999701976775 3.5352885723114014
v 13.199999999999998 0.34999999701976775 3.6600000858306885
v 13.2 2.980232227667301e-9 3.6600000858306885
v 14.147277724742889 2.980232227667301e-9 3.5352885723114014
v 15.030000042915344 2.980232227667301e-9 3.1696529388427734
v 15.788010787963866 2.980232227667301e-9 2.588010787963867
v 16.369652938842773 2.980232227667301e-9 1.8300000429153442
v 16.7352885723114 2.980232227667301e-9 0.9472777247428894
v 16.860000085830688 2.980232227667301e-9 2.2411035946470694e-16
v 16.7352885723114 2.980232227667301e-9 -0.9472777247428894
v 16.369652938842773 2.980232227667301e-9 -1.8300000429153442
v 15.788010787963866 2.980232227667301e-9 -2.588010787963867
v 15.030000042915344 2.980232227667301e-9 -3.1696529388427734
v 14.147277724742889 2.980232227667301e-9 -3.5352885723114014
v 13.2 2.980232227667301e-9 -3.6600000858306885
v 12.25272227525711 2.980232227667301e-9 -3.5352885723114014
v 11.369999957084655 2.980232227667301e-9 -3.1696529388427734
v 10.611989212036132 2.980232227667301e-9 -2.588010787963867
v 10.030347061157226 2.980232227667301e-9 -1.8300000429153442
v 9.664711427688598 2.980232227667301e-9 -0.9472777247428894
v 9.53999991416931 2.980232227667301e-9 -6.723310783941208e-16
v 9.664711427688598 2.980232227667301e-9 0.9472777247428894
v 10.030347061157226 2.980232227667301e-9 1.8300000429153442
v 10.611989212036132 2.980232227667301e-9 2.588010787963867
v 11.369999957084655 2.980232227667301e-9 3.1696529388427734
v 12.25272227525711 2.980232227667301e-9 3.5352885723114014
v 13.199999999999998 2.980232227667301e-9 3.6600000858306885
v 13.2 0.34999999701976775 0
v 13.2 0.34999999701976775 0
v 13.2 0.34999999701976775 0
v 13.2 0.34999999701976775 0
v 13.2 0.34999999701976775 0
v 13.2 0.34999999701976775 0
v 13.2 0.34999999701976775 0
v 13.2 0.34999999701976775 0
v 13.2 0.34999999701976775 0
v 13.2 0.34999999701976775 0
v 13.2 0.34999999701976775 0
v 13.2 0.34999999701976775 0
v 13.2 0.34999999701976775 0
v 13.2 0.34999999701976775 0
v 13.2 0.34999999701976775 0
v 13.2 0.34999999701976775 0
v 13.2 0.34999999701976775 0
v 13.2 0.34999999701976775 0
v 13.2 0.34999999701976775 0
v 13.2 0.34999999701976775 0
v 13.2 0.34999999701976775 0
v 13.2 0.34999999701976775 0
v 13.2 0.34999999701976775 0
v 13.2 0.34999999701976775 0
v 13.2 0.34999999701976775 3.6600000858306885
v 14.147277724742889 0.34999999701976775 3.5352885723114014
v 15.030000042915344 0.34999999701976775 3.1696529388427734
v 15.788010787963866 0.34999999701976775 2.588010787963867
v 16.369652938842773 0.34999999701976775 1.8300000429153442
v 16.7352885723114 0.34999999701976775 0.9472777247428894
v 16.860000085830688 0.34999999701976775 2.2411035946470694e-16
v 16.7352885723114 0.34999999701976775 -0.9472777247428894
v 16.369652938842773 0.34999999701976775 -1.8300000429153442
v 15.788010787963866 0.34999999701976775 -2.588010787963867
v 15.030000042915344 0.34999999701976775 -3.1696529388427734
v 14.147277724742889 0.34999999701976775 -3.5352885723114014
v 13.2 0.34999999701976775 -3.6600000858306885
v 12.25272227525711 0.34999999701976775 -3.5352885723114014
v 11.369999957084655 0.34999999701976775 -3.1696529388427734
v 10.611989212036132 0.34999999701976775 -2.588010787963867
v 10.030347061157226 0.34999999701976775 -1.8300000429153442
v 9.664711427688598 0.34999999701976775 -0.9472777247428894
v 9.53999991416931 0.34999999701976775 -6.723310783941208e-16
v 9.664711427688598 0.34999999701976775 0.9472777247428894
v 10.030347061157226 0.34999999701976775 1.8300000429153442
v 10.611989212036132 0.34999999701976775 2.588010787963867
v 11.369999957084655 0.34999999701976775 3.1696529388427734
v 12.25272227525711 0.34999999701976775 3.5352885723114014
v 13.199999999999998 0.34999999701976775 3.6600000858306885
v 13.2 2.980232227667301e-9 0
v 13.2 2.980232227667301e-9 0
v 13.2 2.980232227667301e-9 0
v 13.2 2.980232227667301e-9 0
v 13.2 2.980232227667301e-9 0
v 13.2 2.980232227667301e-9 0
v 13.2 2.980232227667301e-9 0
v 13.2 2.980232227667301e-9 0
v 13.2 2.980232227667301e-9 0
v 13.2 2.980232227667301e-9 0
v 13.2 2.980232227667301e-9 0
v 13.2 2.980232227667301e-9 0
v 13.2 2.980232227667301e-9 0
v 13.2 2.980232227667301e-9 0
v 13.2 2.980232227667301e-9 0
v 13.2 2.980232227667301e-9 0
v 13.2 2.980232227667301e-9 0
v 13.2 2.980232227667301e-9 0
v 13.2 2.980232227667301e-9 0
v 13.2 2.980232227667301e-9 0
v 13.2 2.980232227667301e-9 0
v 13.2 2.980232227667301e-9 0
v 13.2 2.980232227667301e-9 0
v 13.2 2.980232227667301e-9 0
v 13.2 2.980232227667301e-9 3.6600000858306885
v 14.147277724742889 2.980232227667301e-9 3.5352885723114014
v 15.030000042915344 2.980232227667301e-9 3.1696529388427734
v 15.788010787963866 2.980232227667301e-9 2.588010787963867
v 16.369652938842773 2.980232227667301e-9 1.8300000429153442
v 16.7352885723114 2.980232227667301e-9 0.9472777247428894
v 16.860000085830688 2.980232227667301e-9 2.2411035946470694e-16
v 16.7352885723114 2.980232227667301e-9 -0.9472777247428894
v 16.369652938842773 2.980232227667301e-9 -1.8300000429153442
v 15.788010787963866 2.980232227667301e-9 -2.588010787963867
v 15.030000042915344 2.980232227667301e-9 -3.1696529388427734
v 14.147277724742889 2.980232227667301e-9 -3.5352885723114014
v 13.2 2.980232227667301e-9 -3.6600000858306885
v 12.25272227525711 2.980232227667301e-9 -3.5352885723114014
v 11.369999957084655 2.980232227667301e-9 -3.1696529388427734
v 10.611989212036132 2.980232227667301e-9 -2.588010787963867
v 10.030347061157226 2.980232227667301e-9 -1.8300000429153442
v 9.664711427688598 2.980232227667301e-9 -0.9472777247428894
v 9.53999991416931 2.980232227667301e-9 -6.723310783941208e-16
v 9.664711427688598 2.980232227667301e-9 0.9472777247428894
v 10.030347061157226 2.980232227667301e-9 1.8300000429153442
v 10.611989212036132 2.980232227667301e-9 2.588010787963867
v 11.369999957084655 2.980232227667301e-9 3.1696529388427734
v 12.25272227525711 2.980232227667301e-9 3.5352885723114014
v 13.199999999999998 2.980232227667301e-9 3.6600000858306885
vt 0 1
vt 0.0416666679084301 1
vt 0.0833333358168602 1
vt 0.125 1
vt 0.1666666716337204 1
vt 0.2083333283662796 1
vt 0.25 1
vt 0.2916666567325592 1
vt 0.3333333432674408 1
vt 0.375 1
vt 0.4166666567325592 1
vt 0.4583333432674408 1
vt 0.5 1
vt 0.5416666865348816 1
vt 0.5833333134651184 1
vt 0.625 1
vt 0.6666666865348816 1
vt 0.7083333134651184 1
vt 0.75 1
vt 0.7916666865348816 1
vt 0.8333333134651184 1
vt 0.875 1
vt 0.9166666865348816 1
vt 0.9583333134651184 1
vt 1 1
vt 0 0
vt 0.0416666679084301 0
vt 0.0833333358168602 0
vt 0.125 0
vt 0.1666666716337204 0
vt 0.2083333283662796 0
vt 0.25 0
vt 0.2916666567325592 0
vt 0.3333333432674408 0
vt 0.375 0
vt 0.4166666567325592 0
vt 0.4583333432674408 0
vt 0.5 0
vt 0.5416666865348816 0
vt 0.5833333134651184 0
vt 0.625 0
vt 0.6666666865348816 0
vt 0.7083333134651184 0
vt 0.75 0
vt 0.7916666865348816 0
vt 0.8333333134651184 0
vt 0.875 0
vt 0.9166666865348816 0
vt 0.9583333134651184 0
vt 1 0
vt 0.5 0.5
vt 0.5 0.5
vt 0.5 0.5
vt 0.5 0.5
vt 0.5 0.5
vt 0.5 0.5
vt 0.5 0.5
vt 0.5 0.5
vt 0.5 0.5
vt 0.5 0.5
vt 0.5 0.5
vt 0.5 0.5
vt 0.5 0.5
vt 0.5 0.5
vt 0.5 0.5
vt 0.5 0.5
vt 0.5 0.5
vt 0.5 0.5
vt 0.5 0.5
vt 0.5 0.5
vt 0.5 0.5
vt 0.5 0.5
vt 0.5 0.5
vt 0.5 0.5
vt 1 0.5
vt 0.9829629063606262 0.6294095516204834
vt 0.9330127239227295 0.75
vt 0.8535534143447876 0.8535534143447876
vt 0.75 0.9330127239227295
vt 0.6294095516204834 0.9829629063606262
vt 0.5 1
vt 0.370590478181839 0.9829629063606262
vt 0.25 0.9330127239227295
vt 0.1464466154575348 0.8535534143447876
vt 0.0669872984290123 0.75
vt 0.017037086188793182 0.6294095516204834
vt 0 0.5
vt 0.017037086188793182 0.370590478181839
vt 0.0669872984290123 0.25
vt 0.1464466154575348 0.1464466154575348
vt 0.25 0.0669872984290123
vt 0.370590478181839 0.017037086188793182
vt 0.5 0
vt 0.6294095516204834 0.017037086188793182
vt 0.75 0.0669872984290123
vt 0.8535534143447876 0.1464466154575348
vt 0.9330127239227295 0.25
vt 0.9829629063606262 0.370590478181839
vt 1 0.5
vt 0.5 0.5
vt 0.5 0.5
vt 0.5 0.5
vt 0.5 0.5
vt 0.5 0.5
vt 0.5 0.5
vt 0.5 0.5
vt 0.5 0.5
vt 0.5 0.5
vt 0.5 0.5
vt 0.5 0.5
vt 0.5 0.5
vt 0.5 0.5
vt 0.5 0.5
vt 0.5 0.5
vt 0.5 0.5
vt 0.5 0.5
vt 0.5 0.5
vt 0.5 0.5
vt 0.5 0.5
vt 0.5 0.5
vt 0.5 0.5
vt 0.5 0.5
vt 0.5 0.5
vt 1 0.5
vt 0.9829629063606262 0.370590478181839
vt 0.9330127239227295 0.25
vt 0.8535534143447876 0.1464466154575348
vt 0.75 0.0669872984290123
vt 0.6294095516204834 0.017037086188793182
vt 0.5 0
vt 0.370590478181839 0.017037086188793182
vt 0.25 0.0669872984290123
vt 0.1464466154575348 0.1464466154575348
vt 0.0669872984290123 0.25
vt 0.017037086188793182 0.370590478181839
vt 0 0.5
vt 0.017037086188793182 0.6294095516204834
vt 0.0669872984290123 0.75
vt 0.1464466154575348 0.8535534143447876
vt 0.25 0.9330127239227295
vt 0.370590478181839 0.9829629063606262
vt 0.5 1
vt 0.6294095516204834 0.9829629063606262
vt 0.75 0.9330127239227295
vt 0.8535534143447876 0.8535534143447876
vt 0.9330127239227295 0.75
vt 0.9829629063606262 0.6294095516204834
vt 1 0.5
vn 0 0 1
vn 0.2588190471264927 0 0.9659258257467466
vn 0.5000000067305869 0 0.8660253998985324
vn 0.7071067811865476 0 0.7071067811865476
vn 0.8660253998985324 0 0.5000000067305869
vn 0.9659258257467466 0 0.2588190471264927
vn 1 0 6.123234262925839e-17
vn 0.9659258257467466 0 -0.2588190471264927
vn 0.8660253998985324 0 -0.5000000067305869
vn 0.7071067811865476 0 -0.7071067811865476
vn 0.5000000067305869 0 -0.8660253998985324
vn 0.2588190471264927 0 -0.9659258257467466
vn 1.2246468525851679e-16 0 -1
vn -0.2588190471264927 0 -0.9659258257467466
vn -0.5000000067305869 0 -0.8660253998985324
vn -0.7071067811865476 0 -0.7071067811865476
vn -0.8660253998985324 0 -0.5000000067305869
vn -0.9659258257467466 0 -0.2588190471264927
vn -1 0 -1.8369701465288538e-16
vn -0.9659258257467466 0 0.2588190471264927
vn -0.8660253998985324 0 0.5000000067305869
vn -0.7071067811865476 0 0.7071067811865476
vn -0.5000000067305869 0 0.8660253998985324
vn -0.2588190471264927 0 0.9659258257467466
vn -2.4492937051703357e-16 0 1
vn 0 0 1
vn 0.2588190471264927 0 0.9659258257467466
vn 0.5000000067305869 0 0.8660253998985324
vn 0.7071067811865476 0 0.7071067811865476
vn 0.8660253998985324 0 0.5000000067305869
vn 0.9659258257467466 0 0.2588190471264927
vn 1 0 6.123234262925839e-17
vn 0.9659258257467466 0 -0.2588190471264927
vn 0.8660253998985324 0 -0.5000000067305869
vn 0.7071067811865476 0 -0.7071067811865476
vn 0.5000000067305869 0 -0.8660253998985324
vn 0.2588190471264927 0 -0.9659258257467466
vn 1.2246468525851679e-16 0 -1
vn -0.2588190471264927 0 -0.9659258257467466
vn -0.5000000067305869 0 -0.8660253998985324
vn -0.7071067811865476 0 -0.7071067811865476
vn -0.8660253998985324 0 -0.5000000067305869
vn -0.9659258257467466 0 -0.2588190471264927
vn -1 0 -1.8369701465288538e-16
vn -0.9659258257467466 0 0.2588190471264927
vn -0.8660253998985324 0 0.5000000067305869
vn -0.7071067811865476 0 0.7071067811865476
vn -0.5000000067305869 0 0.8660253998985324
vn -0.2588190471264927 0 0.9659258257467466
vn -2.4492937051703357e-16 0 1
vn 0 1 0
vn 0 1 0
vn 0 1 0
vn 0 1 0
vn 0 1 0
vn 0 1 0
vn 0 1 0
vn 0 1 0
vn 0 1 0
vn 0 1 0
vn 0 1 0
vn 0 1 0
vn 0 1 0
vn 0 1 0
vn 0 1 0
vn 0 1 0
vn 0 1 0
vn 0 1 0
vn 0 1 0
vn 0 1 0
vn 0 1 0
vn 0 1 0
vn 0 1 0
vn 0 1 0
vn 0 1 0
vn 0 1 0
vn 0 1 0
vn 0 1 0
vn 0 1 0
vn 0 1 0
vn 0 1 0
vn 0 1 0
vn 0 1 0
vn 0 1 0
vn 0 1 0
vn 0 1 0
vn 0 1 0
vn 0 1 0
vn 0 1 0
vn 0 1 0
vn 0 1 0
vn 0 1 0
vn 0 1 0
vn 0 1 0
vn 0 1 0
vn 0 1 0
vn 0 1 0
vn 0 1 0
vn 0 1 0
vn 0 -1 0
vn 0 -1 0
vn 0 -1 0
vn 0 -1 0
vn 0 -1 0
vn 0 -1 0
vn 0 -1 0
vn 0 -1 0
vn 0 -1 0
vn 0 -1 0
vn 0 -1 0
vn 0 -1 0
vn 0 -1 0
vn 0 -1 0
vn 0 -1 0
vn 0 -1 0
vn 0 -1 0
vn 0 -1 0
vn 0 -1 0
vn 0 -1 0
vn 0 -1 0
vn 0 -1 0
vn 0 -1 0
vn 0 -1 0
vn 0 -1 0
vn 0 -1 0
vn 0 -1 0
vn 0 -1 0
vn 0 -1 0
vn 0 -1 0
vn 0 -1 0
vn 0 -1 0
vn 0 -1 0
vn 0 -1 0
vn 0 -1 0
vn 0 -1 0
vn 0 -1 0
vn 0 -1 0
vn 0 -1 0
vn 0 -1 0
vn 0 -1 0
vn 0 -1 0
vn 0 -1 0
vn 0 -1 0
vn 0 -1 0
vn 0 -1 0
vn 0 -1 0
vn 0 -1 0
vn 0 -1 0
f 6834/3470/3470 6859/3495/3495 6835/3471/3471
f 6859/3495/3495 6860/3496/3496 6835/3471/3471
f 6835/3471/3471 6860/3496/3496 6836/3472/3472
f 6860/3496/3496 6861/3497/3497 6836/3472/3472
f 6836/3472/3472 6861/3497/3497 6837/3473/3473
f 6861/3497/3497 6862/3498/3498 6837/3473/3473
f 6837/3473/3473 6862/3498/3498 6838/3474/3474
f 6862/3498/3498 6863/3499/3499 6838/3474/3474
f 6838/3474/3474 6863/3499/3499 6839/3475/3475
f 6863/3499/3499 6864/3500/3500 6839/3475/3475
f 6839/3475/3475 6864/3500/3500 6840/3476/3476
f 6864/3500/3500 6865/3501/3501 6840/3476/3476
f 6840/3476/3476 6865/3501/3501 6841/3477/3477
f 6865/3501/3501 6866/3502/3502 6841/3477/3477
f 6841/3477/3477 6866/3502/3502 6842/3478/3478
f 6866/3502/3502 6867/3503/3503 6842/3478/3478
f 6842/3478/3478 6867/3503/3503 6843/3479/3479
f 6867/3503/3503 6868/3504/3504 6843/3479/3479
f 6843/3479/3479 6868/3504/3504 6844/3480/3480
f 6868/3504/3504 6869/3505/3505 6844/3480/3480
f 6844/3480/3480 6869/3505/3505 6845/3481/3481
f 6869/3505/3505 6870/3506/3506 6845/3481/3481
f 6845/3481/3481 6870/3506/3506 6846/3482/3482
f 6870/3506/3506 6871/3507/3507 6846/3482/3482
f 6846/3482/3482 6871/3507/3507 6847/3483/3483
f 6871/3507/3507 6872/3508/3508 6847/3483/3483
f 6847/3483/3483 6872/3508/3508 6848/3484/3484
f 6872/3508/3508 6873/3509/3509 6848/3484/3484
f 6848/3484/3484 6873/3509/3509 6849/3485/3485
f 6873/3509/3509 6874/3510/3510 6849/3485/3485
f 6849/3485/3485 6874/3510/3510 6850/3486/3486
f 6874/3510/3510 6875/3511/3511 6850/3486/3486
f 6850/3486/3486 6875/3511/3511 6851/3487/3487
f 6875/3511/3511 6876/3512/3512 6851/3487/3487
f 6851/3487/3487 6876/3512/3512 6852/3488/3488
f 6876/3512/3512 6877/3513/3513 6852/3488/3488
f 6852/3488/3488 6877/3513/3513 6853/3489/3489
f 6877/3513/3513 6878/3514/3514 6853/3489/3489
f 6853/3489/3489 6878/3514/3514 6854/3490/3490
f 6878/3514/3514 6879/3515/3515 6854/3490/3490
f 6854/3490/3490 6879/3515/3515 6855/3491/3491
f 6879/3515/3515 6880/3516/3516 6855/3491/3491
f 6855/3491/3491 6880/3516/3516 6856/3492/3492
f 6880/3516/3516 6881/3517/3517 6856/3492/3492
f 6856/3492/3492 6881/3517/3517 6857/3493/3493
f 6881/3517/3517 6882/3518/3518 6857/3493/3493
f 6857/3493/3493 6882/3518/3518 6858/3494/3494
f 6882/3518/3518 6883/3519/3519 6858/3494/3494
f 6908/3544/3544 6909/3545/3545 6884/3520/3520
f 6909/3545/3545 6910/3546/3546 6885/3521/3521
f 6910/3546/3546 6911/3547/3547 6886/3522/3522
f 6911/3547/3547 6912/3548/3548 6887/3523/3523
f 6912/3548/3548 6913/3549/3549 6888/3524/3524
f 6913/3549/3549 6914/3550/3550 6889/3525/3525
f 6914/3550/3550 6915/3551/3551 6890/3526/3526
f 6915/3551/3551 6916/3552/3552 6891/3527/3527
f 6916/3552/3552 6917/3553/3553 6892/3528/3528
f 6917/3553/3553 6918/3554/3554 6893/3529/3529
f 6918/3554/3554 6919/3555/3555 6894/3530/3530
f 6919/3555/3555 6920/3556/3556 6895/3531/3531
f 6920/3556/3556 6921/3557/3557 6896/3532/3532
f 6921/3557/3557 6922/3558/3558 6897/3533/3533
f 6922/3558/3558 6923/3559/3559 6898/3534/3534
f 6923/3559/3559 6924/3560/3560 6899/3535/3535
f 6924/3560/3560 6925/3561/3561 6900/3536/3536
f 6925/3561/3561 6926/3562/3562 6901/3537/3537
f 6926/3562/3562 6927/3563/3563 6902/3538/3538
f 6927/3563/3563 6928/3564/3564 6903/3539/3539
f 6928/3564/3564 6929/3565/3565 6904/3540/3540
f 6929/3565/3565 6930/3566/3566 6905/3541/3541
f 6930/3566/3566 6931/3567/3567 6906/3542/3542
f 6931/3567/3567 6932/3568/3568 6907/3543/3543
f 6958/3594/3594 6957/3593/3593 6933/3569/3569
f 6959/3595/3595 6958/3594/3594 6934/3570/3570
f 6960/3596/3596 6959/3595/3595 6935/3571/3571
f 6961/3597/3597 6960/3596/3596 6936/3572/3572
f 6962/3598/3598 6961/3597/3597 6937/3573/3573
f 6963/3599/3599 6962/3598/3598 6938/3574/3574
f 6964/3600/3600 6963/3599/3599 6939/3575/3575
f 6965/3601/3601 6964/3600/3600 6940/3576/3576
f 6966/3602/3602 6965/3601/3601 6941/3577/3577
f 6967/3603/3603 6966/3602/3602 6942/3578/3578
f 6968/3604/3604 6967/3603/3603 6943/3579/3579
f 6969/3605/3605 6968/3604/3604 6944/3580/3580
f 6970/3606/3606 6969/3605/3605 6945/3581/3581
f 6971/3607/3607 6970/3606/3606 6946/3582/3582
f 6972/3608/3608 6971/3607/3607 6947/3583/3583
f 6973/3609/3609 6972/3608/3608 6948/3584/3584
f 6974/3610/3610 6973/3609/3609 6949/3585/3585
f 6975/3611/3611 6974/3610/3610 6950/3586/3586
f 6976/3612/3612 6975/3611/3611 6951/3587/3587
f 6977/3613/3613 6976/3612/3612 6952/3588/3588
f 6978/3614/3614 6977/3613/3613 6953/3589/3589
f 6979/3615/3615 6978/3614/3614 6954/3590/3590
f 6980/3616/3616 6979/3615/3615 6955/3591/3591
f 6981/3617/3617 6980/3616/3616 6956/3592/3592
o gasometro_base_aristas
v 13.2 0.34999999701976775 3.6600000858306885
v 14.147277724742889 0.34999999701976775 3.5352885723114014
v 14.147277724742889 0.34999999701976775 3.5352885723114014
v 15.030000042915344 0.34999999701976775 3.1696529388427734
v 15.030000042915344 0.34999999701976775 3.1696529388427734
v 15.788010787963866 0.34999999701976775 2.588010787963867
v 15.788010787963866 0.34999999701976775 2.588010787963867
v 16.369652938842773 0.34999999701976775 1.8300000429153442
v 16.369652938842773 0.34999999701976775 1.8300000429153442
v 16.7352885723114 0.34999999701976775 0.9472777247428894
v 16.7352885723114 0.34999999701976775 0.9472777247428894
v 16.860000085830688 0.34999999701976775 2.2411035946470694e-16
v 16.860000085830688 0.34999999701976775 2.2411035946470694e-16
v 16.7352885723114 0.34999999701976775 -0.9472777247428894
v 16.7352885723114 0.34999999701976775 -0.9472777247428894
v 16.369652938842773 0.34999999701976775 -1.8300000429153442
v 16.369652938842773 0.34999999701976775 -1.8300000429153442
v 15.788010787963866 0.34999999701976775 -2.588010787963867
v 15.788010787963866 0.34999999701976775 -2.588010787963867
v 15.030000042915344 0.34999999701976775 -3.1696529388427734
v 15.030000042915344 0.34999999701976775 -3.1696529388427734
v 14.147277724742889 0.34999999701976775 -3.5352885723114014
v 14.147277724742889 0.34999999701976775 -3.5352885723114014
v 13.2 0.34999999701976775 -3.6600000858306885
v 13.2 0.34999999701976775 -3.6600000858306885
v 12.25272227525711 0.34999999701976775 -3.5352885723114014
v 12.25272227525711 0.34999999701976775 -3.5352885723114014
v 11.369999957084655 0.34999999701976775 -3.1696529388427734
v 11.369999957084655 0.34999999701976775 -3.1696529388427734
v 10.611989212036132 0.34999999701976775 -2.588010787963867
v 10.611989212036132 0.34999999701976775 -2.588010787963867
v 10.030347061157226 0.34999999701976775 -1.8300000429153442
v 10.030347061157226 0.34999999701976775 -1.8300000429153442
v 9.664711427688598 0.34999999701976775 -0.9472777247428894
v 9.664711427688598 0.34999999701976775 -0.9472777247428894
v 9.53999991416931 0.34999999701976775 -6.723310783941208e-16
v 9.53999991416931 0.34999999701976775 -6.723310783941208e-16
v 9.664711427688598 0.34999999701976775 0.9472777247428894
v 9.664711427688598 0.34999999701976775 0.9472777247428894
v 10.030347061157226 0.34999999701976775 1.8300000429153442
v 10.030347061157226 0.34999999701976775 1.8300000429153442
v 10.611989212036132 0.34999999701976775 2.588010787963867
v 10.611989212036132 0.34999999701976775 2.588010787963867
v 11.369999957084655 0.34999999701976775 3.1696529388427734
v 11.369999957084655 0.34999999701976775 3.1696529388427734
v 12.25272227525711 0.34999999701976775 3.5352885723114014
v 12.25272227525711 0.34999999701976775 3.5352885723114014
v 13.199999999999998 0.34999999701976775 3.6600000858306885
v 14.147277724742889 2.980232227667301e-9 3.5352885723114014
v 13.2 2.980232227667301e-9 3.6600000858306885
v 15.030000042915344 2.980232227667301e-9 3.1696529388427734
v 14.147277724742889 2.980232227667301e-9 3.5352885723114014
v 15.788010787963866 2.980232227667301e-9 2.588010787963867
v 15.030000042915344 2.980232227667301e-9 3.1696529388427734
v 16.369652938842773 2.980232227667301e-9 1.8300000429153442
v 15.788010787963866 2.980232227667301e-9 2.588010787963867
v 16.7352885723114 2.980232227667301e-9 0.9472777247428894
v 16.369652938842773 2.980232227667301e-9 1.8300000429153442
v 16.860000085830688 2.980232227667301e-9 2.2411035946470694e-16
v 16.7352885723114 2.980232227667301e-9 0.9472777247428894
v 16.7352885723114 2.980232227667301e-9 -0.9472777247428894
v 16.860000085830688 2.980232227667301e-9 2.2411035946470694e-16
v 16.369652938842773 2.980232227667301e-9 -1.8300000429153442
v 16.7352885723114 2.980232227667301e-9 -0.9472777247428894
v 15.788010787963866 2.980232227667301e-9 -2.588010787963867
v 16.369652938842773 2.980232227667301e-9 -1.8300000429153442
v 15.030000042915344 2.980232227667301e-9 -3.1696529388427734
v 15.788010787963866 2.980232227667301e-9 -2.588010787963867
v 14.147277724742889 2.980232227667301e-9 -3.5352885723114014
v 15.030000042915344 2.980232227667301e-9 -3.1696529388427734
v 13.2 2.980232227667301e-9 -3.6600000858306885
v 14.147277724742889 2.980232227667301e-9 -3.5352885723114014
v 12.25272227525711 2.980232227667301e-9 -3.5352885723114014
v 13.2 2.980232227667301e-9 -3.6600000858306885
v 11.369999957084655 2.980232227667301e-9 -3.1696529388427734
v 12.25272227525711 2.980232227667301e-9 -3.5352885723114014
v 10.611989212036132 2.980232227667301e-9 -2.588010787963867
v 11.369999957084655 2.980232227667301e-9 -3.1696529388427734
v 10.030347061157226 2.980232227667301e-9 -1.8300000429153442
v 10.611989212036132 2.980232227667301e-9 -2.588010787963867
v 9.664711427688598 2.980232227667301e-9 -0.9472777247428894
v 10.030347061157226 2.980232227667301e-9 -1.8300000429153442
v 9.53999991416931 2.980232227667301e-9 -6.723310783941208e-16
v 9.664711427688598 2.980232227667301e-9 -0.9472777247428894
v 9.664711427688598 2.980232227667301e-9 0.9472777247428894
v 9.53999991416931 2.980232227667301e-9 -6.723310783941208e-16
v 10.030347061157226 2.980232227667301e-9 1.8300000429153442
v 9.664711427688598 2.980232227667301e-9 0.9472777247428894
v 10.611989212036132 2.980232227667301e-9 2.588010787963867
v 10.030347061157226 2.980232227667301e-9 1.8300000429153442
v 11.369999957084655 2.980232227667301e-9 3.1696529388427734
v 10.611989212036132 2.980232227667301e-9 2.588010787963867
v 12.25272227525711 2.980232227667301e-9 3.5352885723114014
v 11.369999957084655 2.980232227667301e-9 3.1696529388427734
v 13.199999999999998 2.980232227667301e-9 3.6600000858306885
v 12.25272227525711 2.980232227667301e-9 3.5352885723114014
l 6982 6983
l 6984 6985
l 6986 6987
l 6988 6989
l 6990 6991
l 6992 6993
l 6994 6995
l 6996 6997
l 6998 6999
l 7000 7001
l 7002 7003
l 7004 7005
l 7006 7007
l 7008 7009
l 7010 7011
l 7012 7013
l 7014 7015
l 7016 7017
l 7018 7019
l 7020 7021
l 7022 7023
l 7024 7025
l 7026 7027
l 7028 7029
l 7030 7031
l 7032 7033
l 7034 7035
l 7036 7037
l 7038 7039
l 7040 7041
l 7042 7043
l 7044 7045
l 7046 7047
l 7048 7049
l 7050 7051
l 7052 7053
l 7054 7055
l 7056 7057
l 7058 7059
l 7060 7061
l 7062 7063
l 7064 7065
l 7066 7067
l 7068 7069
l 7070 7071
l 7072 7073
l 7074 7075
l 7076 7077
o gasometro_domo_flexible_cuerpo
usemtl relleno_oscuro
v 13.2 3.4099999189376833 0
v 13.2 3.4099999189376833 0
v 13.2 3.4099999189376833 0
v 13.2 3.4099999189376833 0
v 13.2 3.4099999189376833 0
v 13.2 3.4099999189376833 0
v 13.2 3.4099999189376833 0
v 13.2 3.4099999189376833 0
v 13.2 3.4099999189376833 0
v 13.2 3.4099999189376833 0
v 13.2 3.4099999189376833 0
v 13.2 3.4099999189376833 0
v 13.2 3.4099999189376833 0
v 13.2 3.4099999189376833 0
v 13.2 3.4099999189376833 0
v 13.2 3.4099999189376833 0
v 13.2 3.4099999189376833 0
v 13.2 3.4099999189376833 0
v 13.2 3.4099999189376833 0
v 12.49767483472824 3.3512029886245727 0
v 12.540030252933501 3.3512029886245727 0.24020935595035553
v 12.661987733840942 3.3512029886245727 0.45144590735435486
v 12.84883741736412 3.3512029886245727 0.6082314252853394
v 13.078042519092559 3.3512029886245727 0.6916552782058716
v 13.32195748090744 3.3512029886245727 0.6916552782058716
v 13.551162582635879 3.3512029886245727 0.6082314252853394
v 13.738012266159057 3.3512029886245727 0.45144590735435486
v 13.859969747066497 3.3512029886245727 0.24020935595035553
v 13.902325165271758 3.3512029886245727 8.6010028335027e-17
v 13.859969747066497 3.3512029886245727 -0.24020935595035553
v 13.738012266159057 3.3512029886245727 -0.45144590735435486
v 13.551162582635879 3.3512029886245727 -0.6082314252853394
v 13.32195748090744 3.3512029886245727 -0.6916552782058716
v 13.078042519092559 3.3512029886245727 -0.6916552782058716
v 12.84883741736412 3.3512029886245727 -0.6082314252853394
v 12.661987733840942 3.3512029886245727 -0.45144590735435486
v 12.540030252933501 3.3512029886245727 -0.24020935595035553
v 12.49767483472824 3.3512029886245727 -1.72020056670054e-16
v 11.822339606285095 3.1770714044570925 0
v 11.90542275905609 3.1770714044570925 0.4711875915527344
v 12.144650888442992 3.1770714044570925 0.8855429887771606
v 12.511169803142547 3.1770714044570925 1.1930888891220093
v 12.960771796107291 3.1770714044570925 1.356730580329895
v 13.439228203892707 3.1770714044570925 1.356730580329895
v 13.888830196857452 3.1770714044570925 1.1930888891220093
v 14.255349111557006 3.1770714044570925 0.8855429887771606
v 14.494577240943908 3.1770714044570925 0.4711875915527344
v 14.577660393714904 3.1770714044570925 1.6871473558652072e-16
v 14.494577240943908 3.1770714044570925 -0.4711875915527344
v 14.255349111557006 3.1770714044570925 -0.8855429887771606
v 13.888830196857452 3.1770714044570925 -1.1930888891220093
v 13.439228203892707 3.1770714044570925 -1.356730580329895
v 12.960771796107291 3.1770714044570925 -1.356730580329895
v 12.511169803142547 3.1770714044570925 -1.1930888891220093
v 12.144650888442992 3.1770714044570925 -0.8855429887771606
v 11.90542275905609 3.1770714044570925 -0.4711875915527344
v 11.822339606285095 3.1770714044570925 -3.3742947117304143e-16
v 11.199947071075439 2.8942970633506775 0
v 11.320565056800842 2.8942970633506775 0.6840583682060242
v 11.667870593070983 2.8942970633506775 1.2856091260910034
v 12.199973535537719 2.8942970633506775 1.732096552848816
v 12.852694463729858 2.8942970633506775 1.9696675539016724
v 13.547305536270141 2.8942970633506775 1.9696675539016724
v 14.20002646446228 2.8942970633506775 1.732096552848816
v 14.732129406929015 2.8942970633506775 1.2856091260910034
v 15.079434943199157 2.8942970633506775 0.6840583682060242
v 15.20005292892456 2.8942970633506775 2.449358291432564e-16
v 15.079434943199157 2.8942970633506775 -0.6840583682060242
v 14.732129406929015 2.8942970633506775 -1.2856091260910034
v 14.20002646446228 2.8942970633506775 -1.732096552848816
v 13.547305536270141 2.8942970633506775 -1.9696675539016724
v 12.852694463729858 2.8942970633506775 -1.9696675539016724
v 12.199973535537719 2.8942970633506775 -1.732096552848816
v 11.667870593070983 2.8942970633506775 -1.2856091260910034
v 11.320565056800842 2.8942970633506775 -0.6840583682060242
v 11.199947071075439 2.8942970633506775 -4.898716582865128e-16
v 10.654415559768676 2.513746774196625 0
v 10.807933044433593 2.513746774196625 0.8706411719322205
v 11.24996919631958 2.513746774196625 1.6362701654434204
v 11.927207779884338 2.513746774196625 2.204540729522705
v 12.757963907718658 2.513746774196625 2.506911277770996
v 13.64203609228134 2.513746774196625 2.506911277770996
v 14.472792220115661 2.513746774196625 2.204540729522705
v 15.15003080368042 2.513746774196625 1.6362701654434204
v 15.592066955566406 2.513746774196625 0.8706411719322205
v 15.745584440231323 2.513746774196625 3.1174417642940004e-16
v 15.592066955566406 2.513746774196625 -0.8706411719322205
v 15.15003080368042 2.513746774196625 -1.6362701654434204
v 14.472792220115661 2.513746774196625 -2.204540729522705
v 13.64203609228134 2.513746774196625 -2.506911277770996
v 12.757963907718658 2.513746774196625 -2.506911277770996
v 11.927207779884338 2.513746774196625 -2.204540729522705
v 11.24996919631958 2.513746774196625 -1.6362701654434204
v 10.807933044433593 2.513746774196625 -0.8706411719322205
v 10.654415559768676 2.513746774196625 -6.234883528588001e-16
v 10.206709337234496 2.0500449895858766 0
v 10.387227010726928 2.0500449895858766 1.0237656831741333
v 10.907006454467773 2.0500449895858766 1.9240500926971436
v 11.703354668617248 2.0500449895858766 2.5922656059265137
v 12.680220556259155 2.0500449895858766 2.9478158950805664
v 13.719779443740844 2.0500449895858766 2.9478158950805664
v 14.69664533138275 2.0500449895858766 2.5922656059265137
v 15.492993545532226 2.0500449895858766 1.9240500926971436
v 16.01277298927307 2.0500449895858766 1.0237656831741333
v 16.193290662765502 2.0500449895858766 3.665723808771545e-16
v 16.01277298927307 2.0500449895858766 -1.0237656831741333
v 15.492993545532226 2.0500449895858766 -1.9240500926971436
v 14.69664533138275 2.0500449895858766 -2.5922656059265137
v 13.719779443740844 2.0500449895858766 -2.9478158950805664
v 12.680220556259155 2.0500449895858766 -2.9478158950805664
v 11.703354668617248 2.0500449895858766 -2.5922656059265137
v 10.907006454467773 2.0500449895858766 -1.9240500926971436
v 10.387227010726928 2.0500449895858766 -1.0237656831741333
v 10.206709337234496 2.0500449895858766 -7.33144761754309e-16
v 9.874033641815185 1.5210113346576688 0
v 10.074614000320434 1.5210113346576688 1.137547492980957
v 10.652162027359008 1.5210113346576688 2.137889862060547
v 11.537016820907592 1.5210113346576688 2.880371332168579
v 12.62245203256607 1.5210113346576688 3.275437355041504
v 13.777547967433929 1.5210113346576688 3.275437355041504
v 14.862983179092407 1.5210113346576688 2.880371332168579
v 15.74783797264099 1.5210113346576688 2.137889862060547
v 16.325385999679565 1.5210113346576688 1.137547492980957
v 16.525966358184814 1.5210113346576688 4.0731339509066545e-16
v 16.325385999679565 1.5210113346576688 -1.137547492980957
v 15.74783797264099 1.5210113346576688 -2.137889862060547
v 14.862983179092407 1.5210113346576688 -2.880371332168579
v 13.777547967433929 1.5210113346576688 -3.275437355041504
v 12.62245203256607 1.5210113346576688 -3.275437355041504
v 11.537016820907592 1.5210113346576688 -2.880371332168579
v 10.652162027359008 1.5210113346576688 -2.137889862060547
v 10.074614000320434 1.5210113346576688 -1.137547492980957
v 9.874033641815185 1.5210113346576688 -8.146267901813309e-16
v 9.669172954559325 0.9469763904809951 0
v 9.882107925415038 0.9469763904809951 1.2076139450073242
v 10.49522967338562 0.9469763904809951 2.2695717811584473
v 11.434586477279662 0.9469763904809951 3.057785987854004
v 12.586878311634063 0.9469763904809951 3.4771857261657715
v 13.813121688365936 0.9469763904809951 3.4771857261657715
v 14.965413522720336 0.9469763904809951 3.057785987854004
v 15.90477032661438 0.9469763904809951 2.2695717811584473
v 16.51789207458496 0.9469763904809951 1.2076139450073242
v 16.730827045440673 0.9469763904809951 4.3240161101583136e-16
v 16.51789207458496 0.9469763904809951 -1.2076139450073242
v 15.90477032661438 0.9469763904809951 -2.2695717811584473
v 14.965413522720336 0.9469763904809951 -3.057785987854004
v 13.813121688365936 0.9469763904809951 -3.4771857261657715
v 12.586878311634063 0.9469763904809951 -3.4771857261657715
v 11.434586477279662 0.9469763904809951 -3.057785987854004
v 10.49522967338562 0.9469763904809951 -2.2695717811584473
v 9.882107925415038 0.9469763904809951 -1.2076139450073242
v 9.669172954559325 0.9469763904809951 -8.648032220316627e-16
v 9.600000095367431 0.35000000000000014 0
v 9.817106676101684 0.35000000000000014 1.2312724590301514
v 10.442239952087402 0.35000000000000014 2.314035415649414
v 11.400000047683715 0.35000000000000014 3.1176915168762207
v 12.574866545200347 0.35000000000000014 3.5453078746795654
v 13.825133454799651 0.35000000000000014 3.5453078746795654
v 14.999999952316283 0.35000000000000014 3.1176915168762207
v 15.957760047912597 0.35000000000000014 2.314035415649414
v 16.582893323898315 0.35000000000000014 1.2312724590301514
v 16.799999904632568 0.35000000000000014 4.4087284046088083e-16
v 16.582893323898315 0.35000000000000014 -1.2312724590301514
v 15.957760047912597 0.35000000000000014 -2.314035415649414
v 14.999999952316283 0.35000000000000014 -3.1176915168762207
v 13.825133454799651 0.35000000000000014 -3.5453078746795654
v 12.574866545200347 0.35000000000000014 -3.5453078746795654
v 11.400000047683715 0.35000000000000014 -3.1176915168762207
v 10.442239952087402 0.35000000000000014 -2.314035415649414
v 9.817106676101684 0.35000000000000014 -1.2312724590301514
v 9.600000095367431 0.35000000000000014 -8.817456809217617e-16
vt 0.02777777798473835 1
vt 0.0833333358168602 1
vt 0.1388888955116272 1
vt 0.1944444477558136 1
vt 0.25 1
vt 0.3055555522441864 1
vt 0.3611111044883728 1
vt 0.4166666567325592 1
vt 0.4722222089767456 1
vt 0.5277777910232544 1
vt 0.5833333134651184 1
vt 0.6388888955116272 1
vt 0.6944444179534912 1
vt 0.75 1
vt 0.8055555820465088 1
vt 0.8611111044883728 1
vt 0.9166666865348816 1
vt 0.9722222089767456 1
vt 1.0277777910232544 1
vt 0 0.875
vt 0.0555555559694767 0.875
vt 0.1111111119389534 0.875
vt 0.1666666716337204 0.875
vt 0.2222222238779068 0.875
vt 0.2777777910232544 0.875
vt 0.3333333432674408 0.875
vt 0.3888888955116272 0.875
vt 0.4444444477558136 0.875
vt 0.5 0.875
vt 0.5555555820465088 0.875
vt 0.6111111044883728 0.875
vt 0.6666666865348816 0.875
vt 0.7222222089767456 0.875
vt 0.7777777910232544 0.875
vt 0.8333333134651184 0.875
vt 0.8888888955116272 0.875
vt 0.9444444179534912 0.875
vt 1 0.875
vt 0 0.75
vt 0.0555555559694767 0.75
vt 0.1111111119389534 0.75
vt 0.1666666716337204 0.75
vt 0.2222222238779068 0.75
vt 0.2777777910232544 0.75
vt 0.3333333432674408 0.75
vt 0.3888888955116272 0.75
vt 0.4444444477558136 0.75
vt 0.5 0.75
vt 0.5555555820465088 0.75
vt 0.6111111044883728 0.75
vt 0.6666666865348816 0.75
vt 0.7222222089767456 0.75
vt 0.7777777910232544 0.75
vt 0.8333333134651184 0.75
vt 0.8888888955116272 0.75
vt 0.9444444179534912 0.75
vt 1 0.75
vt 0 0.625
vt 0.0555555559694767 0.625
vt 0.1111111119389534 0.625
vt 0.1666666716337204 0.625
vt 0.2222222238779068 0.625
vt 0.2777777910232544 0.625
vt 0.3333333432674408 0.625
vt 0.3888888955116272 0.625
vt 0.4444444477558136 0.625
vt 0.5 0.625
vt 0.5555555820465088 0.625
vt 0.6111111044883728 0.625
vt 0.6666666865348816 0.625
vt 0.7222222089767456 0.625
vt 0.7777777910232544 0.625
vt 0.8333333134651184 0.625
vt 0.8888888955116272 0.625
vt 0.9444444179534912 0.625
vt 1 0.625
vt 0 0.5
vt 0.0555555559694767 0.5
vt 0.1111111119389534 0.5
vt 0.1666666716337204 0.5
vt 0.2222222238779068 0.5
vt 0.2777777910232544 0.5
vt 0.3333333432674408 0.5
vt 0.3888888955116272 0.5
vt 0.4444444477558136 0.5
vt 0.5 0.5
vt 0.5555555820465088 0.5
vt 0.6111111044883728 0.5
vt 0.6666666865348816 0.5
vt 0.7222222089767456 0.5
vt 0.7777777910232544 0.5
vt 0.8333333134651184 0.5
vt 0.8888888955116272 0.5
vt 0.9444444179534912 0.5
vt 1 0.5
vt 0 0.375
vt 0.0555555559694767 0.375
vt 0.1111111119389534 0.375
vt 0.1666666716337204 0.375
vt 0.2222222238779068 0.375
vt 0.2777777910232544 0.375
vt 0.3333333432674408 0.375
vt 0.3888888955116272 0.375
vt 0.4444444477558136 0.375
vt 0.5 0.375
vt 0.5555555820465088 0.375
vt 0.6111111044883728 0.375
vt 0.6666666865348816 0.375
vt 0.7222222089767456 0.375
vt 0.7777777910232544 0.375
vt 0.8333333134651184 0.375
vt 0.8888888955116272 0.375
vt 0.9444444179534912 0.375
vt 1 0.375
vt 0 0.25
vt 0.0555555559694767 0.25
vt 0.1111111119389534 0.25
vt 0.1666666716337204 0.25
vt 0.2222222238779068 0.25
vt 0.2777777910232544 0.25
vt 0.3333333432674408 0.25
vt 0.3888888955116272 0.25
vt 0.4444444477558136 0.25
vt 0.5 0.25
vt 0.5555555820465088 0.25
vt 0.6111111044883728 0.25
vt 0.6666666865348816 0.25
vt 0.7222222089767456 0.25
vt 0.7777777910232544 0.25
vt 0.8333333134651184 0.25
vt 0.8888888955116272 0.25
vt 0.9444444179534912 0.25
vt 1 0.25
vt 0 0.125
vt 0.0555555559694767 0.125
vt 0.1111111119389534 0.125
vt 0.1666666716337204 0.125
vt 0.2222222238779068 0.125
vt 0.2777777910232544 0.125
vt 0.3333333432674408 0.125
vt 0.3888888955116272 0.125
vt 0.4444444477558136 0.125
vt 0.5 0.125
vt 0.5555555820465088 0.125
vt 0.6111111044883728 0.125
vt 0.6666666865348816 0.125
vt 0.7222222089767456 0.125
vt 0.7777777910232544 0.125
vt 0.8333333134651184 0.125
vt 0.8888888955116272 0.125
vt 0.9444444179534912 0.125
vt 1 0.125
vt 0 0
vt 0.0555555559694767 0
vt 0.1111111119389534 0
vt 0.1666666716337204 0
vt 0.2222222238779068 0
vt 0.2777777910232544 0
vt 0.3333333432674408 0
vt 0.3888888955116272 0
vt 0.4444444477558136 0
vt 0.5 0
vt 0.5555555820465088 0
vt 0.6111111044883728 0
vt 0.6666666865348816 0
vt 0.7222222089767456 0
vt 0.7777777910232544 0
vt 0.8333333134651184 0
vt 0.8888888955116272 0
vt 0.9444444179534912 0
vt 1 0
vn 0 1 0
vn 0 1 0
vn 0 1 0
vn 0 1 0
vn 0 1 0
vn 0 1 0
vn 0 1 0
vn 0 1 0
vn 0 1 0
vn 0 1 0
vn 0 1 0
vn 0 1 0
vn 0 1 0
vn 0 1 0
vn 0 1 0
vn 0 1 0
vn 0 1 0
vn 0 1 0
vn 0 1 0
vn -0.1667094859192502 0.9860060584522488 0
vn -0.15665566996874847 0.9860060589766397 0.057018003542722476
vn -0.12770687524025642 0.986006058179196 0.10715879455412763
vn -0.08335474291881985 0.9860060579695621 0.14437465317797982
vn -0.028948797775341213 0.9860060578451996 0.16417679799512344
vn 0.028948797775341213 0.9860060578451996 0.16417679799512344
vn 0.08335474291881985 0.9860060579695621 0.14437465317797982
vn 0.12770687524025642 0.986006058179196 0.10715879455412763
vn 0.15665566996874847 0.9860060589766397 0.057018003542722476
vn 0.1667094859192502 0.9860060584522488 2.0416024095854763e-17
vn 0.15665566996874847 0.9860060589766397 -0.057018003542722476
vn 0.12770687524025642 0.986006058179196 -0.10715879455412763
vn 0.08335474291881985 0.9860060579695621 -0.14437465317797982
vn 0.028948797775341213 0.9860060578451996 -0.16417679799512344
vn -0.028948797775341213 0.9860060578451996 -0.16417679799512344
vn -0.08335474291881985 0.9860060579695621 -0.14437465317797982
vn -0.12770687524025642 0.986006058179196 -0.10715879455412763
vn -0.15665566996874847 0.9860060589766397 -0.057018003542722476
vn -0.1667094859192502 0.9860060584522488 -4.0832048191709527e-17
vn -0.3320989841729935 0.9432445413100814 0
vn -0.3120709759115316 0.9432445380077429 0.11358453905432674
vn -0.25440258052112724 0.9432445411401685 0.2134691140035588
vn -0.16604949215197107 0.9432445416820084 0.2876061556072303
vn -0.05766838327818224 0.9432445375890898 0.32705366513528744
vn 0.05766838327818224 0.9432445375890898 0.32705366513528744
vn 0.16604949215197107 0.9432445416820084 0.2876061556072303
vn 0.25440258052112724 0.9432445411401685 0.2134691140035588
vn 0.3120709759115316 0.9432445380077429 0.11358453905432674
vn 0.3320989841729935 0.9432445413100814 4.0670397016993416e-17
vn 0.3120709759115316 0.9432445380077429 -0.11358453905432674
vn 0.25440258052112724 0.9432445411401685 -0.2134691140035588
vn 0.16604949215197107 0.9432445416820084 -0.2876061556072303
vn 0.05766838327818224 0.9432445375890898 -0.32705366513528744
vn -0.05766838327818224 0.9432445375890898 -0.32705366513528744
vn -0.16604949215197107 0.9432445416820084 -0.2876061556072303
vn -0.25440258052112724 0.9432445411401685 -0.2134691140035588
vn -0.3120709759115316 0.9432445380077429 -0.11358453905432674
vn -0.3320989841729935 0.9432445413100814 -8.134079403398683e-17
vn -0.4938582444577518 0.8695424281661635 0
vn -0.4640749224849907 0.8695424420816861 0.16890946610290253
vn -0.37831736482351863 0.8695424307379555 0.31744595228056804
vn -0.2469291235645141 0.8695424328695135 0.42769377523530616
vn -0.08575758502071729 0.8695424337645616 0.48635541787279146
vn 0.08575758502071729 0.8695424337645616 0.48635541787279146
vn 0.2469291235645141 0.8695424328695135 0.42769377523530616
vn 0.37831736482351863 0.8695424307379555 0.31744595228056804
vn 0.4640749224849907 0.8695424420816861 0.16890946610290253
vn 0.4938582444577518 0.8695424281661635 6.048018950539649e-17
vn 0.4640749224849907 0.8695424420816861 -0.16890946610290253
vn 0.37831736482351863 0.8695424307379555 -0.31744595228056804
vn 0.2469291235645141 0.8695424328695135 -0.42769377523530616
vn 0.08575758502071729 0.8695424337645616 -0.48635541787279146
vn -0.08575758502071729 0.8695424337645616 -0.48635541787279146
vn -0.2469291235645141 0.8695424328695135 -0.42769377523530616
vn -0.37831736482351863 0.8695424307379555 -0.31744595228056804
vn -0.4640749224849907 0.8695424420816861 -0.16890946610290253
vn -0.4938582444577518 0.8695424281661635 -1.2096037901079298e-16
vn -0.6476484200955405 0.7619393177594593 0
vn -0.6085904586552429 0.7619393049528714 0.2215088016349156
vn -0.49612747051455786 0.7619393150858383 0.4163003880941621
vn -0.32382420459707373 0.7619393049342912 0.5608800050931768
vn -0.11246296960672356 0.7619393196168747 0.6378091828196043
vn 0.11246296960672356 0.7619393196168747 0.6378091828196043
vn 0.32382420459707373 0.7619393049342912 0.5608800050931768
vn 0.49612747051455786 0.7619393150858383 0.4163003880941621
vn 0.6085904586552429 0.7619393049528714 0.2215088016349156
vn 0.6476484200955405 0.7619393177594593 7.931405819786708e-17
vn 0.6085904586552429 0.7619393049528714 -0.2215088016349156
vn 0.49612747051455786 0.7619393150858383 -0.4163003880941621
vn 0.32382420459707373 0.7619393049342912 -0.5608800050931768
vn 0.11246296960672356 0.7619393196168747 -0.6378091828196043
vn -0.11246296960672356 0.7619393196168747 -0.6378091828196043
vn -0.32382420459707373 0.7619393049342912 -0.5608800050931768
vn -0.49612747051455786 0.7619393150858383 -0.4163003880941621
vn -0.6085904586552429 0.7619393049528714 -0.2215088016349156
vn -0.6476484200955405 0.7619393177594593 -1.5862811639573416e-16
vn -0.7861738489235611 0.6180054039154624 0
vn -0.7387617764510679 0.6180053874433054 0.26888729747965545
vn -0.602244125407022 0.6180054006675308 0.5053427927244
vn -0.393086917618811 0.6180053931570476 0.6808465386750124
vn -0.13651765370093918 0.6180054049141888 0.7742301012779339
vn 0.13651765370093918 0.6180054049141888 0.7742301012779339
vn 0.393086917618811 0.6180053931570476 0.6808465386750124
vn 0.602244125407022 0.6180054006675308 0.5053427927244
vn 0.7387617764510679 0.6180053874433054 0.26888729747965545
vn 0.7861738489235611 0.6180054039154624 9.627853276209666e-17
vn 0.7387617764510679 0.6180053874433054 -0.26888729747965545
vn 0.602244125407022 0.6180054006675308 -0.5053427927244
vn 0.393086917618811 0.6180053931570476 -0.6808465386750124
vn 0.13651765370093918 0.6180054049141888 -0.7742301012779339
vn -0.13651765370093918 0.6180054049141888 -0.7742301012779339
vn -0.393086917618811 0.6180053931570476 -0.6808465386750124
vn -0.602244125407022 0.6180054006675308 -0.5053427927244
vn -0.7387617764510679 0.6180053874433054 -0.26888729747965545
vn -0.7861738489235611 0.6180054039154624 -1.9255706552419332e-16
vn -0.8989436415212834 0.4380642982125505 0
vn -0.8447307032801646 0.43806429727925894 0.30745684312603516
vn -0.6886307985144916 0.4380642866788777 0.5778298227625671
vn -0.44947181828195365 0.43806429579677114 0.7785080329183466
vn -0.15609992581574783 0.4380642810498347 0.8852866760708699
vn 0.15609992581574783 0.4380642810498347 0.8852866760708699
vn 0.44947181828195365 0.43806429579677114 0.7785080329183466
vn 0.6886307985144916 0.4380642866788777 0.5778298227625671
vn 0.8447307032801646 0.43806429727925894 0.30745684312603516
vn 0.8989436415212834 0.4380642982125505 1.1008884868286396e-16
vn 0.8447307032801646 0.43806429727925894 -0.30745684312603516
vn 0.6886307985144916 0.4380642866788777 -0.5778298227625671
vn 0.44947181828195365 0.43806429579677114 -0.7785080329183466
vn 0.15609992581574783 0.4380642810498347 -0.8852866760708699
vn -0.15609992581574783 0.4380642810498347 -0.8852866760708699
vn -0.44947181828195365 0.43806429579677114 -0.7785080329183466
vn -0.6886307985144916 0.4380642866788777 -0.5778298227625671
vn -0.8447307032801646 0.43806429727925894 -0.30745684312603516
vn -0.8989436415212834 0.4380642982125505 -2.2017769736572792e-16
vn -0.9736942266486671 0.22785862500913603 0
vn -0.9149732819923787 0.22785861618782807 0.3330230386460717
vn -0.7458930724684799 0.22785861945932445 0.6258785616887844
vn -0.48684710485496824 0.22785862104522644 0.8432439417568935
vn -0.1690802260041334 0.2278586239650653 0.95890162407785
vn 0.1690802260041334 0.2278586239650653 0.95890162407785
vn 0.48684710485496824 0.22785862104522644 0.8432439417568935
vn 0.7458930724684799 0.22785861945932445 0.6258785616887844
vn 0.9149732819923787 0.22785861618782807 0.3330230386460717
vn 0.9736942266486671 0.22785862500913603 1.1924316149969051e-16
vn 0.9149732819923787 0.22785861618782807 -0.3330230386460717
vn 0.7458930724684799 0.22785861945932445 -0.6258785616887844
vn 0.48684710485496824 0.22785862104522644 -0.8432439417568935
vn 0.1690802260041334 0.2278586239650653 -0.95890162407785
vn -0.1690802260041334 0.2278586239650653 -0.95890162407785
vn -0.48684710485496824 0.22785862104522644 -0.8432439417568935
vn -0.7458930724684799 0.22785861945932445 -0.6258785616887844
vn -0.9149732819923787 0.22785861618782807 -0.3330230386460717
vn -0.9736942266486671 0.22785862500913603 -2.3848632299938103e-16
vn -1 7.203805015206869e-17 0
vn -0.9396926168497417 7.203805018173923e-17 0.34202015414019754
vn -0.7660444283313822 7.203804925362931e-17 0.6427876273097093
vn -0.5000000067305869 7.20380511217854e-17 0.8660253998985324
vn -0.17364818253298778 7.203805179303706e-17 0.9848077521541907
vn 0.17364818253298778 7.203805179303706e-17 0.9848077521541907
vn 0.5000000067305869 7.20380511217854e-17 0.8660253998985324
vn 0.7660444283313822 7.203804925362931e-17 0.6427876273097093
vn 0.9396926168497417 7.203805018173923e-17 0.34202015414019754
vn 1 7.203805015206869e-17 1.2246468525851679e-16
vn 0.9396926168497417 7.203805018173923e-17 -0.34202015414019754
vn 0.7660444283313822 7.203804925362931e-17 -0.6427876273097093
vn 0.5000000067305869 7.20380511217854e-17 -0.8660253998985324
vn 0.17364818253298778 7.203805179303706e-17 -0.9848077521541907
vn -0.17364818253298778 7.203805179303706e-17 -0.9848077521541907
vn -0.5000000067305869 7.20380511217854e-17 -0.8660253998985324
vn -0.7660444283313822 7.203804925362931e-17 -0.6427876273097093
vn -0.9396926168497417 7.203805018173923e-17 -0.34202015414019754
vn -1 7.203805015206869e-17 -2.4492937051703357e-16
f 7078/3618/3618 7097/3637/3637 7098/3638/3638
f 7079/3619/3619 7098/3638/3638 7099/3639/3639
f 7080/3620/3620 7099/3639/3639 7100/3640/3640
f 7081/3621/3621 7100/3640/3640 7101/3641/3641
f 7082/3622/3622 7101/3641/3641 7102/3642/3642
f 7083/3623/3623 7102/3642/3642 7103/3643/3643
f 7084/3624/3624 7103/3643/3643 7104/3644/3644
f 7085/3625/3625 7104/3644/3644 7105/3645/3645
f 7086/3626/3626 7105/3645/3645 7106/3646/3646
f 7087/3627/3627 7106/3646/3646 7107/3647/3647
f 7088/3628/3628 7107/3647/3647 7108/3648/3648
f 7089/3629/3629 7108/3648/3648 7109/3649/3649
f 7090/3630/3630 7109/3649/3649 7110/3650/3650
f 7091/3631/3631 7110/3650/3650 7111/3651/3651
f 7092/3632/3632 7111/3651/3651 7112/3652/3652
f 7093/3633/3633 7112/3652/3652 7113/3653/3653
f 7094/3634/3634 7113/3653/3653 7114/3654/3654
f 7095/3635/3635 7114/3654/3654 7115/3655/3655
f 7098/3638/3638 7097/3637/3637 7117/3657/3657
f 7097/3637/3637 7116/3656/3656 7117/3657/3657
f 7099/3639/3639 7098/3638/3638 7118/3658/3658
f 7098/3638/3638 7117/3657/3657 7118/3658/3658
f 7100/3640/3640 7099/3639/3639 7119/3659/3659
f 7099/3639/3639 7118/3658/3658 7119/3659/3659
f 7101/3641/3641 7100/3640/3640 7120/3660/3660
f 7100/3640/3640 7119/3659/3659 7120/3660/3660
f 7102/3642/3642 7101/3641/3641 7121/3661/3661
f 7101/3641/3641 7120/3660/3660 7121/3661/3661
f 7103/3643/3643 7102/3642/3642 7122/3662/3662
f 7102/3642/3642 7121/3661/3661 7122/3662/3662
f 7104/3644/3644 7103/3643/3643 7123/3663/3663
f 7103/3643/3643 7122/3662/3662 7123/3663/3663
f 7105/3645/3645 7104/3644/3644 7124/3664/3664
f 7104/3644/3644 7123/3663/3663 7124/3664/3664
f 7106/3646/3646 7105/3645/3645 7125/3665/3665
f 7105/3645/3645 7124/3664/3664 7125/3665/3665
f 7107/3647/3647 7106/3646/3646 7126/3666/3666
f 7106/3646/3646 7125/3665/3665 7126/3666/3666
f 7108/3648/3648 7107/3647/3647 7127/3667/3667
f 7107/3647/3647 7126/3666/3666 7127/3667/3667
f 7109/3649/3649 7108/3648/3648 7128/3668/3668
f 7108/3648/3648 7127/3667/3667 7128/3668/3668
f 7110/3650/3650 7109/3649/3649 7129/3669/3669
f 7109/3649/3649 7128/3668/3668 7129/3669/3669
f 7111/3651/3651 7110/3650/3650 7130/3670/3670
f 7110/3650/3650 7129/3669/3669 7130/3670/3670
f 7112/3652/3652 7111/3651/3651 7131/3671/3671
f 7111/3651/3651 7130/3670/3670 7131/3671/3671
f 7113/3653/3653 7112/3652/3652 7132/3672/3672
f 7112/3652/3652 7131/3671/3671 7132/3672/3672
f 7114/3654/3654 7113/3653/3653 7133/3673/3673
f 7113/3653/3653 7132/3672/3672 7133/3673/3673
f 7115/3655/3655 7114/3654/3654 7134/3674/3674
f 7114/3654/3654 7133/3673/3673 7134/3674/3674
f 7117/3657/3657 7116/3656/3656 7136/3676/3676
f 7116/3656/3656 7135/3675/3675 7136/3676/3676
f 7118/3658/3658 7117/3657/3657 7137/3677/3677
f 7117/3657/3657 7136/3676/3676 7137/3677/3677
f 7119/3659/3659 7118/3658/3658 7138/3678/3678
f 7118/3658/3658 7137/3677/3677 7138/3678/3678
f 7120/3660/3660 7119/3659/3659 7139/3679/3679
f 7119/3659/3659 7138/3678/3678 7139/3679/3679
f 7121/3661/3661 7120/3660/3660 7140/3680/3680
f 7120/3660/3660 7139/3679/3679 7140/3680/3680
f 7122/3662/3662 7121/3661/3661 7141/3681/3681
f 7121/3661/3661 7140/3680/3680 7141/3681/3681
f 7123/3663/3663 7122/3662/3662 7142/3682/3682
f 7122/3662/3662 7141/3681/3681 7142/3682/3682
f 7124/3664/3664 7123/3663/3663 7143/3683/3683
f 7123/3663/3663 7142/3682/3682 7143/3683/3683
f 7125/3665/3665 7124/3664/3664 7144/3684/3684
f 7124/3664/3664 7143/3683/3683 7144/3684/3684
f 7126/3666/3666 7125/3665/3665 7145/3685/3685
f 7125/3665/3665 7144/3684/3684 7145/3685/3685
f 7127/3667/3667 7126/3666/3666 7146/3686/3686
f 7126/3666/3666 7145/3685/3685 7146/3686/3686
f 7128/3668/3668 7127/3667/3667 7147/3687/3687
f 7127/3667/3667 7146/3686/3686 7147/3687/3687
f 7129/3669/3669 7128/3668/3668 7148/3688/3688
f 7128/3668/3668 7147/3687/3687 7148/3688/3688
f 7130/3670/3670 7129/3669/3669 7149/3689/3689
f 7129/3669/3669 7148/3688/3688 7149/3689/3689
f 7131/3671/3671 7130/3670/3670 7150/3690/3690
f 7130/3670/3670 7149/3689/3689 7150/3690/3690
f 7132/3672/3672 7131/3671/3671 7151/3691/3691
f 7131/3671/3671 7150/3690/3690 7151/3691/3691
f 7133/3673/3673 7132/3672/3672 7152/3692/3692
f 7132/3672/3672 7151/3691/3691 7152/3692/3692
f 7134/3674/3674 7133/3673/3673 7153/3693/3693
f 7133/3673/3673 7152/3692/3692 7153/3693/3693
f 7136/3676/3676 7135/3675/3675 7155/3695/3695
f 7135/3675/3675 7154/3694/3694 7155/3695/3695
f 7137/3677/3677 7136/3676/3676 7156/3696/3696
f 7136/3676/3676 7155/3695/3695 7156/3696/3696
f 7138/3678/3678 7137/3677/3677 7157/3697/3697
f 7137/3677/3677 7156/3696/3696 7157/3697/3697
f 7139/3679/3679 7138/3678/3678 7158/3698/3698
f 7138/3678/3678 7157/3697/3697 7158/3698/3698
f 7140/3680/3680 7139/3679/3679 7159/3699/3699
f 7139/3679/3679 7158/3698/3698 7159/3699/3699
f 7141/3681/3681 7140/3680/3680 7160/3700/3700
f 7140/3680/3680 7159/3699/3699 7160/3700/3700
f 7142/3682/3682 7141/3681/3681 7161/3701/3701
f 7141/3681/3681 7160/3700/3700 7161/3701/3701
f 7143/3683/3683 7142/3682/3682 7162/3702/3702
f 7142/3682/3682 7161/3701/3701 7162/3702/3702
f 7144/3684/3684 7143/3683/3683 7163/3703/3703
f 7143/3683/3683 7162/3702/3702 7163/3703/3703
f 7145/3685/3685 7144/3684/3684 7164/3704/3704
f 7144/3684/3684 7163/3703/3703 7164/3704/3704
f 7146/3686/3686 7145/3685/3685 7165/3705/3705
f 7145/3685/3685 7164/3704/3704 7165/3705/3705
f 7147/3687/3687 7146/3686/3686 7166/3706/3706
f 7146/3686/3686 7165/3705/3705 7166/3706/3706
f 7148/3688/3688 7147/3687/3687 7167/3707/3707
f 7147/3687/3687 7166/3706/3706 7167/3707/3707
f 7149/3689/3689 7148/3688/3688 7168/3708/3708
f 7148/3688/3688 7167/3707/3707 7168/3708/3708
f 7150/3690/3690 7149/3689/3689 7169/3709/3709
f 7149/3689/3689 7168/3708/3708 7169/3709/3709
f 7151/3691/3691 7150/3690/3690 7170/3710/3710
f 7150/3690/3690 7169/3709/3709 7170/3710/3710
f 7152/3692/3692 7151/3691/3691 7171/3711/3711
f 7151/3691/3691 7170/3710/3710 7171/3711/3711
f 7153/3693/3693 7152/3692/3692 7172/3712/3712
f 7152/3692/3692 7171/3711/3711 7172/3712/3712
f 7155/3695/3695 7154/3694/3694 7174/3714/3714
f 7154/3694/3694 7173/3713/3713 7174/3714/3714
f 7156/3696/3696 7155/3695/3695 7175/3715/3715
f 7155/3695/3695 7174/3714/3714 7175/3715/3715
f 7157/3697/3697 7156/3696/3696 7176/3716/3716
f 7156/3696/3696 7175/3715/3715 7176/3716/3716
f 7158/3698/3698 7157/3697/3697 7177/3717/3717
f 7157/3697/3697 7176/3716/3716 7177/3717/3717
f 7159/3699/3699 7158/3698/3698 7178/3718/3718
f 7158/3698/3698 7177/3717/3717 7178/3718/3718
f 7160/3700/3700 7159/3699/3699 7179/3719/3719
f 7159/3699/3699 7178/3718/3718 7179/3719/3719
f 7161/3701/3701 7160/3700/3700 7180/3720/3720
f 7160/3700/3700 7179/3719/3719 7180/3720/3720
f 7162/3702/3702 7161/3701/3701 7181/3721/3721
f 7161/3701/3701 7180/3720/3720 7181/3721/3721
f 7163/3703/3703 7162/3702/3702 7182/3722/3722
f 7162/3702/3702 7181/3721/3721 7182/3722/3722
f 7164/3704/3704 7163/3703/3703 7183/3723/3723
f 7163/3703/3703 7182/3722/3722 7183/3723/3723
f 7165/3705/3705 7164/3704/3704 7184/3724/3724
f 7164/3704/3704 7183/3723/3723 7184/3724/3724
f 7166/3706/3706 7165/3705/3705 7185/3725/3725
f 7165/3705/3705 7184/3724/3724 7185/3725/3725
f 7167/3707/3707 7166/3706/3706 7186/3726/3726
f 7166/3706/3706 7185/3725/3725 7186/3726/3726
f 7168/3708/3708 7167/3707/3707 7187/3727/3727
f 7167/3707/3707 7186/3726/3726 7187/3727/3727
f 7169/3709/3709 7168/3708/3708 7188/3728/3728
f 7168/3708/3708 7187/3727/3727 7188/3728/3728
f 7170/3710/3710 7169/3709/3709 7189/3729/3729
f 7169/3709/3709 7188/3728/3728 7189/3729/3729
f 7171/3711/3711 7170/3710/3710 7190/3730/3730
f 7170/3710/3710 7189/3729/3729 7190/3730/3730
f 7172/3712/3712 7171/3711/3711 7191/3731/3731
f 7171/3711/3711 7190/3730/3730 7191/3731/3731
f 7174/3714/3714 7173/3713/3713 7193/3733/3733
f 7173/3713/3713 7192/3732/3732 7193/3733/3733
f 7175/3715/3715 7174/3714/3714 7194/3734/3734
f 7174/3714/3714 7193/3733/3733 7194/3734/3734
f 7176/3716/3716 7175/3715/3715 7195/3735/3735
f 7175/3715/3715 7194/3734/3734 7195/3735/3735
f 7177/3717/3717 7176/3716/3716 7196/3736/3736
f 7176/3716/3716 7195/3735/3735 7196/3736/3736
f 7178/3718/3718 7177/3717/3717 7197/3737/3737
f 7177/3717/3717 7196/3736/3736 7197/3737/3737
f 7179/3719/3719 7178/3718/3718 7198/3738/3738
f 7178/3718/3718 7197/3737/3737 7198/3738/3738
f 7180/3720/3720 7179/3719/3719 7199/3739/3739
f 7179/3719/3719 7198/3738/3738 7199/3739/3739
f 7181/3721/3721 7180/3720/3720 7200/3740/3740
f 7180/3720/3720 7199/3739/3739 7200/3740/3740
f 7182/3722/3722 7181/3721/3721 7201/3741/3741
f 7181/3721/3721 7200/3740/3740 7201/3741/3741
f 7183/3723/3723 7182/3722/3722 7202/3742/3742
f 7182/3722/3722 7201/3741/3741 7202/3742/3742
f 7184/3724/3724 7183/3723/3723 7203/3743/3743
f 7183/3723/3723 7202/3742/3742 7203/3743/3743
f 7185/3725/3725 7184/3724/3724 7204/3744/3744
f 7184/3724/3724 7203/3743/3743 7204/3744/3744
f 7186/3726/3726 7185/3725/3725 7205/3745/3745
f 7185/3725/3725 7204/3744/3744 7205/3745/3745
f 7187/3727/3727 7186/3726/3726 7206/3746/3746
f 7186/3726/3726 7205/3745/3745 7206/3746/3746
f 7188/3728/3728 7187/3727/3727 7207/3747/3747
f 7187/3727/3727 7206/3746/3746 7207/3747/3747
f 7189/3729/3729 7188/3728/3728 7208/3748/3748
f 7188/3728/3728 7207/3747/3747 7208/3748/3748
f 7190/3730/3730 7189/3729/3729 7209/3749/3749
f 7189/3729/3729 7208/3748/3748 7209/3749/3749
f 7191/3731/3731 7190/3730/3730 7210/3750/3750
f 7190/3730/3730 7209/3749/3749 7210/3750/3750
f 7193/3733/3733 7192/3732/3732 7212/3752/3752
f 7192/3732/3732 7211/3751/3751 7212/3752/3752
f 7194/3734/3734 7193/3733/3733 7213/3753/3753
f 7193/3733/3733 7212/3752/3752 7213/3753/3753
f 7195/3735/3735 7194/3734/3734 7214/3754/3754
f 7194/3734/3734 7213/3753/3753 7214/3754/3754
f 7196/3736/3736 7195/3735/3735 7215/3755/3755
f 7195/3735/3735 7214/3754/3754 7215/3755/3755
f 7197/3737/3737 7196/3736/3736 7216/3756/3756
f 7196/3736/3736 7215/3755/3755 7216/3756/3756
f 7198/3738/3738 7197/3737/3737 7217/3757/3757
f 7197/3737/3737 7216/3756/3756 7217/3757/3757
f 7199/3739/3739 7198/3738/3738 7218/3758/3758
f 7198/3738/3738 7217/3757/3757 7218/3758/3758
f 7200/3740/3740 7199/3739/3739 7219/3759/3759
f 7199/3739/3739 7218/3758/3758 7219/3759/3759
f 7201/3741/3741 7200/3740/3740 7220/3760/3760
f 7200/3740/3740 7219/3759/3759 7220/3760/3760
f 7202/3742/3742 7201/3741/3741 7221/3761/3761
f 7201/3741/3741 7220/3760/3760 7221/3761/3761
f 7203/3743/3743 7202/3742/3742 7222/3762/3762
f 7202/3742/3742 7221/3761/3761 7222/3762/3762
f 7204/3744/3744 7203/3743/3743 7223/3763/3763
f 7203/3743/3743 7222/3762/3762 7223/3763/3763
f 7205/3745/3745 7204/3744/3744 7224/3764/3764
f 7204/3744/3744 7223/3763/3763 7224/3764/3764
f 7206/3746/3746 7205/3745/3745 7225/3765/3765
f 7205/3745/3745 7224/3764/3764 7225/3765/3765
f 7207/3747/3747 7206/3746/3746 7226/3766/3766
f 7206/3746/3746 7225/3765/3765 7226/3766/3766
f 7208/3748/3748 7207/3747/3747 7227/3767/3767
f 7207/3747/3747 7226/3766/3766 7227/3767/3767
f 7209/3749/3749 7208/3748/3748 7228/3768/3768
f 7208/3748/3748 7227/3767/3767 7228/3768/3768
f 7210/3750/3750 7209/3749/3749 7229/3769/3769
f 7209/3749/3749 7228/3768/3768 7229/3769/3769
f 7212/3752/3752 7211/3751/3751 7231/3771/3771
f 7211/3751/3751 7230/3770/3770 7231/3771/3771
f 7213/3753/3753 7212/3752/3752 7232/3772/3772
f 7212/3752/3752 7231/3771/3771 7232/3772/3772
f 7214/3754/3754 7213/3753/3753 7233/3773/3773
f 7213/3753/3753 7232/3772/3772 7233/3773/3773
f 7215/3755/3755 7214/3754/3754 7234/3774/3774
f 7214/3754/3754 7233/3773/3773 7234/3774/3774
f 7216/3756/3756 7215/3755/3755 7235/3775/3775
f 7215/3755/3755 7234/3774/3774 7235/3775/3775
f 7217/3757/3757 7216/3756/3756 7236/3776/3776
f 7216/3756/3756 7235/3775/3775 7236/3776/3776
f 7218/3758/3758 7217/3757/3757 7237/3777/3777
f 7217/3757/3757 7236/3776/3776 7237/3777/3777
f 7219/3759/3759 7218/3758/3758 7238/3778/3778
f 7218/3758/3758 7237/3777/3777 7238/3778/3778
f 7220/3760/3760 7219/3759/3759 7239/3779/3779
f 7219/3759/3759 7238/3778/3778 7239/3779/3779
f 7221/3761/3761 7220/3760/3760 7240/3780/3780
f 7220/3760/3760 7239/3779/3779 7240/3780/3780
f 7222/3762/3762 7221/3761/3761 7241/3781/3781
f 7221/3761/3761 7240/3780/3780 7241/3781/3781
f 7223/3763/3763 7222/3762/3762 7242/3782/3782
f 7222/3762/3762 7241/3781/3781 7242/3782/3782
f 7224/3764/3764 7223/3763/3763 7243/3783/3783
f 7223/3763/3763 7242/3782/3782 7243/3783/3783
f 7225/3765/3765 7224/3764/3764 7244/3784/3784
f 7224/3764/3764 7243/3783/3783 7244/3784/3784
f 7226/3766/3766 7225/3765/3765 7245/3785/3785
f 7225/3765/3765 7244/3784/3784 7245/3785/3785
f 7227/3767/3767 7226/3766/3766 7246/3786/3786
f 7226/3766/3766 7245/3785/3785 7246/3786/3786
f 7228/3768/3768 7227/3767/3767 7247/3787/3787
f 7227/3767/3767 7246/3786/3786 7247/3787/3787
f 7229/3769/3769 7228/3768/3768 7248/3788/3788
f 7228/3768/3768 7247/3787/3787 7248/3788/3788
o gasometro_domo_flexible_aristas
v 13.2 3.4099999189376833 0
v 12.540030252933501 3.3512029886245727 0.24020935595035553
v 13.2 3.4099999189376833 0
v 12.661987733840942 3.3512029886245727 0.45144590735435486
v 13.2 3.4099999189376833 0
v 12.84883741736412 3.3512029886245727 0.6082314252853394
v 13.2 3.4099999189376833 0
v 13.078042519092559 3.3512029886245727 0.6916552782058716
v 13.2 3.4099999189376833 0
v 13.32195748090744 3.3512029886245727 0.6916552782058716
v 13.2 3.4099999189376833 0
v 13.551162582635879 3.3512029886245727 0.6082314252853394
v 13.2 3.4099999189376833 0
v 13.738012266159057 3.3512029886245727 0.45144590735435486
v 13.2 3.4099999189376833 0
v 13.859969747066497 3.3512029886245727 0.24020935595035553
v 13.2 3.4099999189376833 0
v 13.902325165271758 3.3512029886245727 8.6010028335027e-17
v 13.2 3.4099999189376833 0
v 13.859969747066497 3.3512029886245727 -0.24020935595035553
v 13.2 3.4099999189376833 0
v 13.738012266159057 3.3512029886245727 -0.45144590735435486
v 13.2 3.4099999189376833 0
v 13.551162582635879 3.3512029886245727 -0.6082314252853394
v 13.2 3.4099999189376833 0
v 13.32195748090744 3.3512029886245727 -0.6916552782058716
v 13.2 3.4099999189376833 0
v 13.078042519092559 3.3512029886245727 -0.6916552782058716
v 13.2 3.4099999189376833 0
v 12.84883741736412 3.3512029886245727 -0.6082314252853394
v 13.2 3.4099999189376833 0
v 12.661987733840942 3.3512029886245727 -0.45144590735435486
v 13.2 3.4099999189376833 0
v 12.540030252933501 3.3512029886245727 -0.24020935595035553
v 12.49767483472824 3.3512029886245727 -1.72020056670054e-16
v 13.2 3.4099999189376833 0
v 12.540030252933501 3.3512029886245727 0.24020935595035553
v 12.49767483472824 3.3512029886245727 0
v 12.661987733840942 3.3512029886245727 0.45144590735435486
v 12.540030252933501 3.3512029886245727 0.24020935595035553
v 12.540030252933501 3.3512029886245727 0.24020935595035553
v 11.90542275905609 3.1770714044570925 0.4711875915527344
v 12.84883741736412 3.3512029886245727 0.6082314252853394
v 12.661987733840942 3.3512029886245727 0.45144590735435486
v 12.661987733840942 3.3512029886245727 0.45144590735435486
v 12.144650888442992 3.1770714044570925 0.8855429887771606
v 13.078042519092559 3.3512029886245727 0.6916552782058716
v 12.84883741736412 3.3512029886245727 0.6082314252853394
v 12.84883741736412 3.3512029886245727 0.6082314252853394
v 12.511169803142547 3.1770714044570925 1.1930888891220093
v 13.32195748090744 3.3512029886245727 0.6916552782058716
v 13.078042519092559 3.3512029886245727 0.6916552782058716
v 13.078042519092559 3.3512029886245727 0.6916552782058716
v 12.960771796107291 3.1770714044570925 1.356730580329895
v 13.551162582635879 3.3512029886245727 0.6082314252853394
v 13.32195748090744 3.3512029886245727 0.6916552782058716
v 13.32195748090744 3.3512029886245727 0.6916552782058716
v 13.439228203892707 3.1770714044570925 1.356730580329895
v 13.738012266159057 3.3512029886245727 0.45144590735435486
v 13.551162582635879 3.3512029886245727 0.6082314252853394
v 13.551162582635879 3.3512029886245727 0.6082314252853394
v 13.888830196857452 3.1770714044570925 1.1930888891220093
v 13.859969747066497 3.3512029886245727 0.24020935595035553
v 13.738012266159057 3.3512029886245727 0.45144590735435486
v 13.738012266159057 3.3512029886245727 0.45144590735435486
v 14.255349111557006 3.1770714044570925 0.8855429887771606
v 13.902325165271758 3.3512029886245727 8.6010028335027e-17
v 13.859969747066497 3.3512029886245727 0.24020935595035553
v 13.859969747066497 3.3512029886245727 0.24020935595035553
v 14.494577240943908 3.1770714044570925 0.4711875915527344
v 13.859969747066497 3.3512029886245727 -0.24020935595035553
v 13.902325165271758 3.3512029886245727 8.6010028335027e-17
v 13.902325165271758 3.3512029886245727 8.6010028335027e-17
v 14.577660393714904 3.1770714044570925 1.6871473558652072e-16
v 13.738012266159057 3.3512029886245727 -0.45144590735435486
v 13.859969747066497 3.3512029886245727 -0.24020935595035553
v 13.859969747066497 3.3512029886245727 -0.24020935595035553
v 14.494577240943908 3.1770714044570925 -0.4711875915527344
v 13.551162582635879 3.3512029886245727 -0.6082314252853394
v 13.738012266159057 3.3512029886245727 -0.45144590735435486
v 13.738012266159057 3.3512029886245727 -0.45144590735435486
v 14.255349111557006 3.1770714044570925 -0.8855429887771606
v 13.32195748090744 3.3512029886245727 -0.6916552782058716
v 13.551162582635879 3.3512029886245727 -0.6082314252853394
v 13.551162582635879 3.3512029886245727 -0.6082314252853394
v 13.888830196857452 3.1770714044570925 -1.1930888891220093
v 13.078042519092559 3.3512029886245727 -0.6916552782058716
v 13.32195748090744 3.3512029886245727 -0.6916552782058716
v 13.32195748090744 3.3512029886245727 -0.6916552782058716
v 13.439228203892707 3.1770714044570925 -1.356730580329895
v 12.84883741736412 3.3512029886245727 -0.6082314252853394
v 13.078042519092559 3.3512029886245727 -0.6916552782058716
v 13.078042519092559 3.3512029886245727 -0.6916552782058716
v 12.960771796107291 3.1770714044570925 -1.356730580329895
v 12.661987733840942 3.3512029886245727 -0.45144590735435486
v 12.84883741736412 3.3512029886245727 -0.6082314252853394
v 12.84883741736412 3.3512029886245727 -0.6082314252853394
v 12.511169803142547 3.1770714044570925 -1.1930888891220093
v 12.540030252933501 3.3512029886245727 -0.24020935595035553
v 12.661987733840942 3.3512029886245727 -0.45144590735435486
v 12.661987733840942 3.3512029886245727 -0.45144590735435486
v 12.144650888442992 3.1770714044570925 -0.8855429887771606
v 12.49767483472824 3.3512029886245727 -1.72020056670054e-16
v 12.540030252933501 3.3512029886245727 -0.24020935595035553
v 11.822339606285095 3.1770714044570925 -3.3742947117304143e-16
v 12.49767483472824 3.3512029886245727 -1.72020056670054e-16
v 12.540030252933501 3.3512029886245727 -0.24020935595035553
v 11.90542275905609 3.1770714044570925 -0.4711875915527344
v 11.90542275905609 3.1770714044570925 0.4711875915527344
v 11.822339606285095 3.1770714044570925 0
v 12.144650888442992 3.1770714044570925 0.8855429887771606
v 11.90542275905609 3.1770714044570925 0.4711875915527344
v 11.90542275905609 3.1770714044570925 0.4711875915527344
v 11.320565056800842 2.8942970633506775 0.6840583682060242
v 12.511169803142547 3.1770714044570925 1.1930888891220093
v 12.144650888442992 3.1770714044570925 0.8855429887771606
v 12.144650888442992 3.1770714044570925 0.8855429887771606
v 11.667870593070983 2.8942970633506775 1.2856091260910034
v 12.960771796107291 3.1770714044570925 1.356730580329895
v 12.511169803142547 3.1770714044570925 1.1930888891220093
v 12.511169803142547 3.1770714044570925 1.1930888891220093
v 12.199973535537719 2.8942970633506775 1.732096552848816
v 13.439228203892707 3.1770714044570925 1.356730580329895
v 12.960771796107291 3.1770714044570925 1.356730580329895
v 12.960771796107291 3.1770714044570925 1.356730580329895
v 12.852694463729858 2.8942970633506775 1.9696675539016724
v 13.888830196857452 3.1770714044570925 1.1930888891220093
v 13.439228203892707 3.1770714044570925 1.356730580329895
v 13.439228203892707 3.1770714044570925 1.356730580329895
v 13.547305536270141 2.8942970633506775 1.9696675539016724
v 14.255349111557006 3.1770714044570925 0.8855429887771606
v 13.888830196857452 3.1770714044570925 1.1930888891220093
v 13.888830196857452 3.1770714044570925 1.1930888891220093
v 14.20002646446228 2.8942970633506775 1.732096552848816
v 14.494577240943908 3.1770714044570925 0.4711875915527344
v 14.255349111557006 3.1770714044570925 0.8855429887771606
v 14.255349111557006 3.1770714044570925 0.8855429887771606
v 14.732129406929015 2.8942970633506775 1.2856091260910034
v 14.577660393714904 3.1770714044570925 1.6871473558652072e-16
v 14.494577240943908 3.1770714044570925 0.4711875915527344
v 14.494577240943908 3.1770714044570925 0.4711875915527344
v 15.079434943199157 2.8942970633506775 0.6840583682060242
v 14.494577240943908 3.1770714044570925 -0.4711875915527344
v 14.577660393714904 3.1770714044570925 1.6871473558652072e-16
v 14.577660393714904 3.1770714044570925 1.6871473558652072e-16
v 15.20005292892456 2.8942970633506775 2.449358291432564e-16
v 14.255349111557006 3.1770714044570925 -0.8855429887771606
v 14.494577240943908 3.1770714044570925 -0.4711875915527344
v 14.494577240943908 3.1770714044570925 -0.4711875915527344
v 15.079434943199157 2.8942970633506775 -0.6840583682060242
v 13.888830196857452 3.1770714044570925 -1.1930888891220093
v 14.255349111557006 3.1770714044570925 -0.8855429887771606
v 14.255349111557006 3.1770714044570925 -0.8855429887771606
v 14.732129406929015 2.8942970633506775 -1.2856091260910034
v 13.439228203892707 3.1770714044570925 -1.356730580329895
v 13.888830196857452 3.1770714044570925 -1.1930888891220093
v 13.888830196857452 3.1770714044570925 -1.1930888891220093
v 14.20002646446228 2.8942970633506775 -1.732096552848816
v 12.960771796107291 3.1770714044570925 -1.356730580329895
v 13.439228203892707 3.1770714044570925 -1.356730580329895
v 13.439228203892707 3.1770714044570925 -1.356730580329895
v 13.547305536270141 2.8942970633506775 -1.9696675539016724
v 12.511169803142547 3.1770714044570925 -1.1930888891220093
v 12.960771796107291 3.1770714044570925 -1.356730580329895
v 12.960771796107291 3.1770714044570925 -1.356730580329895
v 12.852694463729858 2.8942970633506775 -1.9696675539016724
v 12.144650888442992 3.1770714044570925 -0.8855429887771606
v 12.511169803142547 3.1770714044570925 -1.1930888891220093
v 12.511169803142547 3.1770714044570925 -1.1930888891220093
v 12.199973535537719 2.8942970633506775 -1.732096552848816
v 11.90542275905609 3.1770714044570925 -0.4711875915527344
v 12.144650888442992 3.1770714044570925 -0.8855429887771606
v 12.144650888442992 3.1770714044570925 -0.8855429887771606
v 11.667870593070983 2.8942970633506775 -1.2856091260910034
v 11.822339606285095 3.1770714044570925 -3.3742947117304143e-16
v 11.90542275905609 3.1770714044570925 -0.4711875915527344
v 11.199947071075439 2.8942970633506775 -4.898716582865128e-16
v 11.822339606285095 3.1770714044570925 -3.3742947117304143e-16
v 11.90542275905609 3.1770714044570925 -0.4711875915527344
v 11.320565056800842 2.8942970633506775 -0.6840583682060242
v 11.320565056800842 2.8942970633506775 0.6840583682060242
v 11.199947071075439 2.8942970633506775 0
v 11.667870593070983 2.8942970633506775 1.2856091260910034
v 11.320565056800842 2.8942970633506775 0.6840583682060242
v 11.320565056800842 2.8942970633506775 0.6840583682060242
v 10.807933044433593 2.513746774196625 0.8706411719322205
v 12.199973535537719 2.8942970633506775 1.732096552848816
v 11.667870593070983 2.8942970633506775 1.2856091260910034
v 11.667870593070983 2.8942970633506775 1.2856091260910034
v 11.24996919631958 2.513746774196625 1.6362701654434204
v 12.852694463729858 2.8942970633506775 1.9696675539016724
v 12.199973535537719 2.8942970633506775 1.732096552848816
v 12.199973535537719 2.8942970633506775 1.732096552848816
v 11.927207779884338 2.513746774196625 2.204540729522705
v 13.547305536270141 2.8942970633506775 1.9696675539016724
v 12.852694463729858 2.8942970633506775 1.9696675539016724
v 12.852694463729858 2.8942970633506775 1.9696675539016724
v 12.757963907718658 2.513746774196625 2.506911277770996
v 14.20002646446228 2.8942970633506775 1.732096552848816
v 13.547305536270141 2.8942970633506775 1.9696675539016724
v 13.547305536270141 2.8942970633506775 1.9696675539016724
v 13.64203609228134 2.513746774196625 2.506911277770996
v 14.732129406929015 2.8942970633506775 1.2856091260910034
v 14.20002646446228 2.8942970633506775 1.732096552848816
v 14.20002646446228 2.8942970633506775 1.732096552848816
v 14.472792220115661 2.513746774196625 2.204540729522705
v 15.079434943199157 2.8942970633506775 0.6840583682060242
v 14.732129406929015 2.8942970633506775 1.2856091260910034
v 14.732129406929015 2.8942970633506775 1.2856091260910034
v 15.15003080368042 2.513746774196625 1.6362701654434204
v 15.20005292892456 2.8942970633506775 2.449358291432564e-16
v 15.079434943199157 2.8942970633506775 0.6840583682060242
v 15.079434943199157 2.8942970633506775 0.6840583682060242
v 15.592066955566406 2.513746774196625 0.8706411719322205
v 15.079434943199157 2.8942970633506775 -0.6840583682060242
v 15.20005292892456 2.8942970633506775 2.449358291432564e-16
v 15.20005292892456 2.8942970633506775 2.449358291432564e-16
v 15.745584440231323 2.513746774196625 3.1174417642940004e-16
v 14.732129406929015 2.8942970633506775 -1.2856091260910034
v 15.079434943199157 2.8942970633506775 -0.6840583682060242
v 15.079434943199157 2.8942970633506775 -0.6840583682060242
v 15.592066955566406 2.513746774196625 -0.8706411719322205
v 14.20002646446228 2.8942970633506775 -1.732096552848816
v 14.732129406929015 2.8942970633506775 -1.2856091260910034
v 14.732129406929015 2.8942970633506775 -1.2856091260910034
v 15.15003080368042 2.513746774196625 -1.6362701654434204
v 13.547305536270141 2.8942970633506775 -1.9696675539016724
v 14.20002646446228 2.8942970633506775 -1.732096552848816
v 14.20002646446228 2.8942970633506775 -1.732096552848816
v 14.472792220115661 2.513746774196625 -2.204540729522705
v 12.852694463729858 2.8942970633506775 -1.9696675539016724
v 13.547305536270141 2.8942970633506775 -1.9696675539016724
v 13.547305536270141 2.8942970633506775 -1.9696675539016724
v 13.64203609228134 2.513746774196625 -2.506911277770996
v 12.199973535537719 2.8942970633506775 -1.732096552848816
v 12.852694463729858 2.8942970633506775 -1.9696675539016724
v 12.852694463729858 2.8942970633506775 -1.9696675539016724
v 12.757963907718658 2.513746774196625 -2.506911277770996
v 11.667870593070983 2.8942970633506775 -1.2856091260910034
v 12.199973535537719 2.8942970633506775 -1.732096552848816
v 12.199973535537719 2.8942970633506775 -1.732096552848816
v 11.927207779884338 2.513746774196625 -2.204540729522705
v 11.320565056800842 2.8942970633506775 -0.6840583682060242
v 11.667870593070983 2.8942970633506775 -1.2856091260910034
v 11.667870593070983 2.8942970633506775 -1.2856091260910034
v 11.24996919631958 2.513746774196625 -1.6362701654434204
v 11.199947071075439 2.8942970633506775 -4.898716582865128e-16
v 11.320565056800842 2.8942970633506775 -0.6840583682060242
v 10.654415559768676 2.513746774196625 -6.234883528588001e-16
v 11.199947071075439 2.8942970633506775 -4.898716582865128e-16
v 11.320565056800842 2.8942970633506775 -0.6840583682060242
v 10.807933044433593 2.513746774196625 -0.8706411719322205
v 10.807933044433593 2.513746774196625 0.8706411719322205
v 10.654415559768676 2.513746774196625 0
v 11.24996919631958 2.513746774196625 1.6362701654434204
v 10.807933044433593 2.513746774196625 0.8706411719322205
v 10.807933044433593 2.513746774196625 0.8706411719322205
v 10.387227010726928 2.0500449895858766 1.0237656831741333
v 11.927207779884338 2.513746774196625 2.204540729522705
v 11.24996919631958 2.513746774196625 1.6362701654434204
v 11.24996919631958 2.513746774196625 1.6362701654434204
v 10.907006454467773 2.0500449895858766 1.9240500926971436
v 12.757963907718658 2.513746774196625 2.506911277770996
v 11.927207779884338 2.513746774196625 2.204540729522705
v 11.927207779884338 2.513746774196625 2.204540729522705
v 11.703354668617248 2.0500449895858766 2.5922656059265137
v 13.64203609228134 2.513746774196625 2.506911277770996
v 12.757963907718658 2.513746774196625 2.506911277770996
v 12.757963907718658 2.513746774196625 2.506911277770996
v 12.680220556259155 2.0500449895858766 2.9478158950805664
v 14.472792220115661 2.513746774196625 2.204540729522705
v 13.64203609228134 2.513746774196625 2.506911277770996
v 13.64203609228134 2.513746774196625 2.506911277770996
v 13.719779443740844 2.0500449895858766 2.9478158950805664
v 15.15003080368042 2.513746774196625 1.6362701654434204
v 14.472792220115661 2.513746774196625 2.204540729522705
v 14.472792220115661 2.513746774196625 2.204540729522705
v 14.69664533138275 2.0500449895858766 2.5922656059265137
v 15.592066955566406 2.513746774196625 0.8706411719322205
v 15.15003080368042 2.513746774196625 1.6362701654434204
v 15.15003080368042 2.513746774196625 1.6362701654434204
v 15.492993545532226 2.0500449895858766 1.9240500926971436
v 15.745584440231323 2.513746774196625 3.1174417642940004e-16
v 15.592066955566406 2.513746774196625 0.8706411719322205
v 15.592066955566406 2.513746774196625 0.8706411719322205
v 16.01277298927307 2.0500449895858766 1.0237656831741333
v 15.592066955566406 2.513746774196625 -0.8706411719322205
v 15.745584440231323 2.513746774196625 3.1174417642940004e-16
v 15.745584440231323 2.513746774196625 3.1174417642940004e-16
v 16.193290662765502 2.0500449895858766 3.665723808771545e-16
v 15.15003080368042 2.513746774196625 -1.6362701654434204
v 15.592066955566406 2.513746774196625 -0.8706411719322205
v 15.592066955566406 2.513746774196625 -0.8706411719322205
v 16.01277298927307 2.0500449895858766 -1.0237656831741333
v 14.472792220115661 2.513746774196625 -2.204540729522705
v 15.15003080368042 2.513746774196625 -1.6362701654434204
v 15.15003080368042 2.513746774196625 -1.6362701654434204
v 15.492993545532226 2.0500449895858766 -1.9240500926971436
v 13.64203609228134 2.513746774196625 -2.506911277770996
v 14.472792220115661 2.513746774196625 -2.204540729522705
v 14.472792220115661 2.513746774196625 -2.204540729522705
v 14.69664533138275 2.0500449895858766 -2.5922656059265137
v 12.757963907718658 2.513746774196625 -2.506911277770996
v 13.64203609228134 2.513746774196625 -2.506911277770996
v 13.64203609228134 2.513746774196625 -2.506911277770996
v 13.719779443740844 2.0500449895858766 -2.9478158950805664
v 11.927207779884338 2.513746774196625 -2.204540729522705
v 12.757963907718658 2.513746774196625 -2.506911277770996
v 12.757963907718658 2.513746774196625 -2.506911277770996
v 12.680220556259155 2.0500449895858766 -2.9478158950805664
v 11.24996919631958 2.513746774196625 -1.6362701654434204
v 11.927207779884338 2.513746774196625 -2.204540729522705
v 11.927207779884338 2.513746774196625 -2.204540729522705
v 11.703354668617248 2.0500449895858766 -2.5922656059265137
v 10.807933044433593 2.513746774196625 -0.8706411719322205
v 11.24996919631958 2.513746774196625 -1.6362701654434204
v 11.24996919631958 2.513746774196625 -1.6362701654434204
v 10.907006454467773 2.0500449895858766 -1.9240500926971436
v 10.654415559768676 2.513746774196625 -6.234883528588001e-16
v 10.807933044433593 2.513746774196625 -0.8706411719322205
v 10.206709337234496 2.0500449895858766 -7.33144761754309e-16
v 10.654415559768676 2.513746774196625 -6.234883528588001e-16
v 10.807933044433593 2.513746774196625 -0.8706411719322205
v 10.387227010726928 2.0500449895858766 -1.0237656831741333
v 10.387227010726928 2.0500449895858766 1.0237656831741333
v 10.206709337234496 2.0500449895858766 0
v 10.907006454467773 2.0500449895858766 1.9240500926971436
v 10.387227010726928 2.0500449895858766 1.0237656831741333
v 10.387227010726928 2.0500449895858766 1.0237656831741333
v 10.074614000320434 1.5210113346576688 1.137547492980957
v 11.703354668617248 2.0500449895858766 2.5922656059265137
v 10.907006454467773 2.0500449895858766 1.9240500926971436
v 10.907006454467773 2.0500449895858766 1.9240500926971436
v 10.652162027359008 1.5210113346576688 2.137889862060547
v 12.680220556259155 2.0500449895858766 2.9478158950805664
v 11.703354668617248 2.0500449895858766 2.5922656059265137
v 11.703354668617248 2.0500449895858766 2.5922656059265137
v 11.537016820907592 1.5210113346576688 2.880371332168579
v 13.719779443740844 2.0500449895858766 2.9478158950805664
v 12.680220556259155 2.0500449895858766 2.9478158950805664
v 12.680220556259155 2.0500449895858766 2.9478158950805664
v 12.62245203256607 1.5210113346576688 3.275437355041504
v 14.69664533138275 2.0500449895858766 2.5922656059265137
v 13.719779443740844 2.0500449895858766 2.9478158950805664
v 13.719779443740844 2.0500449895858766 2.9478158950805664
v 13.777547967433929 1.5210113346576688 3.275437355041504
v 15.492993545532226 2.0500449895858766 1.9240500926971436
v 14.69664533138275 2.0500449895858766 2.5922656059265137
v 14.69664533138275 2.0500449895858766 2.5922656059265137
v 14.862983179092407 1.5210113346576688 2.880371332168579
v 16.01277298927307 2.0500449895858766 1.0237656831741333
v 15.492993545532226 2.0500449895858766 1.9240500926971436
v 15.492993545532226 2.0500449895858766 1.9240500926971436
v 15.74783797264099 1.5210113346576688 2.137889862060547
v 16.193290662765502 2.0500449895858766 3.665723808771545e-16
v 16.01277298927307 2.0500449895858766 1.0237656831741333
v 16.01277298927307 2.0500449895858766 1.0237656831741333
v 16.325385999679565 1.5210113346576688 1.137547492980957
v 16.01277298927307 2.0500449895858766 -1.0237656831741333
v 16.193290662765502 2.0500449895858766 3.665723808771545e-16
v 16.193290662765502 2.0500449895858766 3.665723808771545e-16
v 16.525966358184814 1.5210113346576688 4.0731339509066545e-16
v 15.492993545532226 2.0500449895858766 -1.9240500926971436
v 16.01277298927307 2.0500449895858766 -1.0237656831741333
v 16.01277298927307 2.0500449895858766 -1.0237656831741333
v 16.325385999679565 1.5210113346576688 -1.137547492980957
v 14.69664533138275 2.0500449895858766 -2.5922656059265137
v 15.492993545532226 2.0500449895858766 -1.9240500926971436
v 15.492993545532226 2.0500449895858766 -1.9240500926971436
v 15.74783797264099 1.5210113346576688 -2.137889862060547
v 13.719779443740844 2.0500449895858766 -2.9478158950805664
v 14.69664533138275 2.0500449895858766 -2.5922656059265137
v 14.69664533138275 2.0500449895858766 -2.5922656059265137
v 14.862983179092407 1.5210113346576688 -2.880371332168579
v 12.680220556259155 2.0500449895858766 -2.9478158950805664
v 13.719779443740844 2.0500449895858766 -2.9478158950805664
v 13.719779443740844 2.0500449895858766 -2.9478158950805664
v 13.777547967433929 1.5210113346576688 -3.275437355041504
v 11.703354668617248 2.0500449895858766 -2.5922656059265137
v 12.680220556259155 2.0500449895858766 -2.9478158950805664
v 12.680220556259155 2.0500449895858766 -2.9478158950805664
v 12.62245203256607 1.5210113346576688 -3.275437355041504
v 10.907006454467773 2.0500449895858766 -1.9240500926971436
v 11.703354668617248 2.0500449895858766 -2.5922656059265137
v 11.703354668617248 2.0500449895858766 -2.5922656059265137
v 11.537016820907592 1.5210113346576688 -2.880371332168579
v 10.387227010726928 2.0500449895858766 -1.0237656831741333
v 10.907006454467773 2.0500449895858766 -1.9240500926971436
v 10.907006454467773 2.0500449895858766 -1.9240500926971436
v 10.652162027359008 1.5210113346576688 -2.137889862060547
v 10.206709337234496 2.0500449895858766 -7.33144761754309e-16
v 10.387227010726928 2.0500449895858766 -1.0237656831741333
v 9.874033641815185 1.5210113346576688 -8.146267901813309e-16
v 10.206709337234496 2.0500449895858766 -7.33144761754309e-16
v 10.387227010726928 2.0500449895858766 -1.0237656831741333
v 10.074614000320434 1.5210113346576688 -1.137547492980957
v 10.074614000320434 1.5210113346576688 1.137547492980957
v 9.874033641815185 1.5210113346576688 0
v 10.652162027359008 1.5210113346576688 2.137889862060547
v 10.074614000320434 1.5210113346576688 1.137547492980957
v 10.074614000320434 1.5210113346576688 1.137547492980957
v 9.882107925415038 0.9469763904809951 1.2076139450073242
v 11.537016820907592 1.5210113346576688 2.880371332168579
v 10.652162027359008 1.5210113346576688 2.137889862060547
v 10.652162027359008 1.5210113346576688 2.137889862060547
v 10.49522967338562 0.9469763904809951 2.2695717811584473
v 12.62245203256607 1.5210113346576688 3.275437355041504
v 11.537016820907592 1.5210113346576688 2.880371332168579
v 11.537016820907592 1.5210113346576688 2.880371332168579
v 11.434586477279662 0.9469763904809951 3.057785987854004
v 13.777547967433929 1.5210113346576688 3.275437355041504
v 12.62245203256607 1.5210113346576688 3.275437355041504
v 12.62245203256607 1.5210113346576688 3.275437355041504
v 12.586878311634063 0.9469763904809951 3.4771857261657715
v 14.862983179092407 1.5210113346576688 2.880371332168579
v 13.777547967433929 1.5210113346576688 3.275437355041504
v 13.777547967433929 1.5210113346576688 3.275437355041504
v 13.813121688365936 0.9469763904809951 3.4771857261657715
v 15.74783797264099 1.5210113346576688 2.137889862060547
v 14.862983179092407 1.5210113346576688 2.880371332168579
v 14.862983179092407 1.5210113346576688 2.880371332168579
v 14.965413522720336 0.9469763904809951 3.057785987854004
v 16.325385999679565 1.5210113346576688 1.137547492980957
v 15.74783797264099 1.5210113346576688 2.137889862060547
v 15.74783797264099 1.5210113346576688 2.137889862060547
v 15.90477032661438 0.9469763904809951 2.2695717811584473
v 16.525966358184814 1.5210113346576688 4.0731339509066545e-16
v 16.325385999679565 1.5210113346576688 1.137547492980957
v 16.325385999679565 1.5210113346576688 1.137547492980957
v 16.51789207458496 0.9469763904809951 1.2076139450073242
v 16.325385999679565 1.5210113346576688 -1.137547492980957
v 16.525966358184814 1.5210113346576688 4.0731339509066545e-16
v 16.525966358184814 1.5210113346576688 4.0731339509066545e-16
v 16.730827045440673 0.9469763904809951 4.3240161101583136e-16
v 15.74783797264099 1.5210113346576688 -2.137889862060547
v 16.325385999679565 1.5210113346576688 -1.137547492980957
v 16.325385999679565 1.5210113346576688 -1.137547492980957
v 16.51789207458496 0.9469763904809951 -1.2076139450073242
v 14.862983179092407 1.5210113346576688 -2.880371332168579
v 15.74783797264099 1.5210113346576688 -2.137889862060547
v 15.74783797264099 1.5210113346576688 -2.137889862060547
v 15.90477032661438 0.9469763904809951 -2.2695717811584473
v 13.777547967433929 1.5210113346576688 -3.275437355041504
v 14.862983179092407 1.5210113346576688 -2.880371332168579
v 14.862983179092407 1.5210113346576688 -2.880371332168579
v 14.965413522720336 0.9469763904809951 -3.057785987854004
v 12.62245203256607 1.5210113346576688 -3.275437355041504
v 13.777547967433929 1.5210113346576688 -3.275437355041504
v 13.777547967433929 1.5210113346576688 -3.275437355041504
v 13.813121688365936 0.9469763904809951 -3.4771857261657715
v 11.537016820907592 1.5210113346576688 -2.880371332168579
v 12.62245203256607 1.5210113346576688 -3.275437355041504
v 12.62245203256607 1.5210113346576688 -3.275437355041504
v 12.586878311634063 0.9469763904809951 -3.4771857261657715
v 10.652162027359008 1.5210113346576688 -2.137889862060547
v 11.537016820907592 1.5210113346576688 -2.880371332168579
v 11.537016820907592 1.5210113346576688 -2.880371332168579
v 11.434586477279662 0.9469763904809951 -3.057785987854004
v 10.074614000320434 1.5210113346576688 -1.137547492980957
v 10.652162027359008 1.5210113346576688 -2.137889862060547
v 10.652162027359008 1.5210113346576688 -2.137889862060547
v 10.49522967338562 0.9469763904809951 -2.2695717811584473
v 9.874033641815185 1.5210113346576688 -8.146267901813309e-16
v 10.074614000320434 1.5210113346576688 -1.137547492980957
v 9.669172954559325 0.9469763904809951 -8.648032220316627e-16
v 9.874033641815185 1.5210113346576688 -8.146267901813309e-16
v 10.074614000320434 1.5210113346576688 -1.137547492980957
v 9.882107925415038 0.9469763904809951 -1.2076139450073242
v 9.882107925415038 0.9469763904809951 1.2076139450073242
v 9.669172954559325 0.9469763904809951 0
v 10.49522967338562 0.9469763904809951 2.2695717811584473
v 9.882107925415038 0.9469763904809951 1.2076139450073242
v 9.882107925415038 0.9469763904809951 1.2076139450073242
v 9.817106676101684 0.35000000000000014 1.2312724590301514
v 11.434586477279662 0.9469763904809951 3.057785987854004
v 10.49522967338562 0.9469763904809951 2.2695717811584473
v 10.49522967338562 0.9469763904809951 2.2695717811584473
v 10.442239952087402 0.35000000000000014 2.314035415649414
v 12.586878311634063 0.9469763904809951 3.4771857261657715
v 11.434586477279662 0.9469763904809951 3.057785987854004
v 11.434586477279662 0.9469763904809951 3.057785987854004
v 11.400000047683715 0.35000000000000014 3.1176915168762207
v 13.813121688365936 0.9469763904809951 3.4771857261657715
v 12.586878311634063 0.9469763904809951 3.4771857261657715
v 12.586878311634063 0.9469763904809951 3.4771857261657715
v 12.574866545200347 0.35000000000000014 3.5453078746795654
v 14.965413522720336 0.9469763904809951 3.057785987854004
v 13.813121688365936 0.9469763904809951 3.4771857261657715
v 13.813121688365936 0.9469763904809951 3.4771857261657715
v 13.825133454799651 0.35000000000000014 3.5453078746795654
v 15.90477032661438 0.9469763904809951 2.2695717811584473
v 14.965413522720336 0.9469763904809951 3.057785987854004
v 14.965413522720336 0.9469763904809951 3.057785987854004
v 14.999999952316283 0.35000000000000014 3.1176915168762207
v 16.51789207458496 0.9469763904809951 1.2076139450073242
v 15.90477032661438 0.9469763904809951 2.2695717811584473
v 15.90477032661438 0.9469763904809951 2.2695717811584473
v 15.957760047912597 0.35000000000000014 2.314035415649414
v 16.730827045440673 0.9469763904809951 4.3240161101583136e-16
v 16.51789207458496 0.9469763904809951 1.2076139450073242
v 16.51789207458496 0.9469763904809951 1.2076139450073242
v 16.582893323898315 0.35000000000000014 1.2312724590301514
v 16.51789207458496 0.9469763904809951 -1.2076139450073242
v 16.730827045440673 0.9469763904809951 4.3240161101583136e-16
v 16.730827045440673 0.9469763904809951 4.3240161101583136e-16
v 16.799999904632568 0.35000000000000014 4.4087284046088083e-16
v 15.90477032661438 0.9469763904809951 -2.2695717811584473
v 16.51789207458496 0.9469763904809951 -1.2076139450073242
v 16.51789207458496 0.9469763904809951 -1.2076139450073242
v 16.582893323898315 0.35000000000000014 -1.2312724590301514
v 14.965413522720336 0.9469763904809951 -3.057785987854004
v 15.90477032661438 0.9469763904809951 -2.2695717811584473
v 15.90477032661438 0.9469763904809951 -2.2695717811584473
v 15.957760047912597 0.35000000000000014 -2.314035415649414
v 13.813121688365936 0.9469763904809951 -3.4771857261657715
v 14.965413522720336 0.9469763904809951 -3.057785987854004
v 14.965413522720336 0.9469763904809951 -3.057785987854004
v 14.999999952316283 0.35000000000000014 -3.1176915168762207
v 12.586878311634063 0.9469763904809951 -3.4771857261657715
v 13.813121688365936 0.9469763904809951 -3.4771857261657715
v 13.813121688365936 0.9469763904809951 -3.4771857261657715
v 13.825133454799651 0.35000000000000014 -3.5453078746795654
v 11.434586477279662 0.9469763904809951 -3.057785987854004
v 12.586878311634063 0.9469763904809951 -3.4771857261657715
v 12.586878311634063 0.9469763904809951 -3.4771857261657715
v 12.574866545200347 0.35000000000000014 -3.5453078746795654
v 10.49522967338562 0.9469763904809951 -2.2695717811584473
v 11.434586477279662 0.9469763904809951 -3.057785987854004
v 11.434586477279662 0.9469763904809951 -3.057785987854004
v 11.400000047683715 0.35000000000000014 -3.1176915168762207
v 9.882107925415038 0.9469763904809951 -1.2076139450073242
v 10.49522967338562 0.9469763904809951 -2.2695717811584473
v 10.49522967338562 0.9469763904809951 -2.2695717811584473
v 10.442239952087402 0.35000000000000014 -2.314035415649414
v 9.669172954559325 0.9469763904809951 -8.648032220316627e-16
v 9.882107925415038 0.9469763904809951 -1.2076139450073242
v 9.600000095367431 0.35000000000000014 -8.817456809217617e-16
v 9.669172954559325 0.9469763904809951 -8.648032220316627e-16
v 9.882107925415038 0.9469763904809951 -1.2076139450073242
v 9.817106676101684 0.35000000000000014 -1.2312724590301514
v 9.600000095367431 0.35000000000000014 0
v 9.817106676101684 0.35000000000000014 1.2312724590301514
v 9.817106676101684 0.35000000000000014 1.2312724590301514
v 10.442239952087402 0.35000000000000014 2.314035415649414
v 10.442239952087402 0.35000000000000014 2.314035415649414
v 11.400000047683715 0.35000000000000014 3.1176915168762207
v 11.400000047683715 0.35000000000000014 3.1176915168762207
v 12.574866545200347 0.35000000000000014 3.5453078746795654
v 12.574866545200347 0.35000000000000014 3.5453078746795654
v 13.825133454799651 0.35000000000000014 3.5453078746795654
v 13.825133454799651 0.35000000000000014 3.5453078746795654
v 14.999999952316283 0.35000000000000014 3.1176915168762207
v 14.999999952316283 0.35000000000000014 3.1176915168762207
v 15.957760047912597 0.35000000000000014 2.314035415649414
v 15.957760047912597 0.35000000000000014 2.314035415649414
v 16.582893323898315 0.35000000000000014 1.2312724590301514
v 16.582893323898315 0.35000000000000014 1.2312724590301514
v 16.799999904632568 0.35000000000000014 4.4087284046088083e-16
v 16.799999904632568 0.35000000000000014 4.4087284046088083e-16
v 16.582893323898315 0.35000000000000014 -1.2312724590301514
v 16.582893323898315 0.35000000000000014 -1.2312724590301514
v 15.957760047912597 0.35000000000000014 -2.314035415649414
v 15.957760047912597 0.35000000000000014 -2.314035415649414
v 14.999999952316283 0.35000000000000014 -3.1176915168762207
v 14.999999952316283 0.35000000000000014 -3.1176915168762207
v 13.825133454799651 0.35000000000000014 -3.5453078746795654
v 13.825133454799651 0.35000000000000014 -3.5453078746795654
v 12.574866545200347 0.35000000000000014 -3.5453078746795654
v 12.574866545200347 0.35000000000000014 -3.5453078746795654
v 11.400000047683715 0.35000000000000014 -3.1176915168762207
v 11.400000047683715 0.35000000000000014 -3.1176915168762207
v 10.442239952087402 0.35000000000000014 -2.314035415649414
v 10.442239952087402 0.35000000000000014 -2.314035415649414
v 9.817106676101684 0.35000000000000014 -1.2312724590301514
v 9.817106676101684 0.35000000000000014 -1.2312724590301514
v 9.600000095367431 0.35000000000000014 -8.817456809217617e-16
l 7249 7250
l 7251 7252
l 7253 7254
l 7255 7256
l 7257 7258
l 7259 7260
l 7261 7262
l 7263 7264
l 7265 7266
l 7267 7268
l 7269 7270
l 7271 7272
l 7273 7274
l 7275 7276
l 7277 7278
l 7279 7280
l 7281 7282
l 7283 7284
l 7285 7286
l 7287 7288
l 7289 7290
l 7291 7292
l 7293 7294
l 7295 7296
l 7297 7298
l 7299 7300
l 7301 7302
l 7303 7304
l 7305 7306
l 7307 7308
l 7309 7310
l 7311 7312
l 7313 7314
l 7315 7316
l 7317 7318
l 7319 7320
l 7321 7322
l 7323 7324
l 7325 7326
l 7327 7328
l 7329 7330
l 7331 7332
l 7333 7334
l 7335 7336
l 7337 7338
l 7339 7340
l 7341 7342
l 7343 7344
l 7345 7346
l 7347 7348
l 7349 7350
l 7351 7352
l 7353 7354
l 7355 7356
l 7357 7358
l 7359 7360
l 7361 7362
l 7363 7364
l 7365 7366
l 7367 7368
l 7369 7370
l 7371 7372
l 7373 7374
l 7375 7376
l 7377 7378
l 7379 7380
l 7381 7382
l 7383 7384
l 7385 7386
l 7387 7388
l 7389 7390
l 7391 7392
l 7393 7394
l 7395 7396
l 7397 7398
l 7399 7400
l 7401 7402
l 7403 7404
l 7405 7406
l 7407 7408
l 7409 7410
l 7411 7412
l 7413 7414
l 7415 7416
l 7417 7418
l 7419 7420
l 7421 7422
l 7423 7424
l 7425 7426
l 7427 7428
l 7429 7430
l 7431 7432
l 7433 7434
l 7435 7436
l 7437 7438
l 7439 7440
l 7441 7442
l 7443 7444
l 7445 7446
l 7447 7448
l 7449 7450
l 7451 7452
l 7453 7454
l 7455 7456
l 7457 7458
l 7459 7460
l 7461 7462
l 7463 7464
l 7465 7466
l 7467 7468
l 7469 7470
l 7471 7472
l 7473 7474
l 7475 7476
l 7477 7478
l 7479 7480
l 7481 7482
l 7483 7484
l 7485 7486
l 7487 7488
l 7489 7490
l 7491 7492
l 7493 7494
l 7495 7496
l 7497 7498
l 7499 7500
l 7501 7502
l 7503 7504
l 7505 7506
l 7507 7508
l 7509 7510
l 7511 7512
l 7513 7514
l 7515 7516
l 7517 7518
l 7519 7520
l 7521 7522
l 7523 7524
l 7525 7526
l 7527 7528
l 7529 7530
l 7531 7532
l 7533 7534
l 7535 7536
l 7537 7538
l 7539 7540
l 7541 7542
l 7543 7544
l 7545 7546
l 7547 7548
l 7549 7550
l 7551 7552
l 7553 7554
l 7555 7556
l 7557 7558
l 7559 7560
l 7561 7562
l 7563 7564
l 7565 7566
l 7567 7568
l 7569 7570
l 7571 7572
l 7573 7574
l 7575 7576
l 7577 7578
l 7579 7580
l 7581 7582
l 7583 7584
l 7585 7586
l 7587 7588
l 7589 7590
l 7591 7592
l 7593 7594
l 7595 7596
l 7597 7598
l 7599 7600
l 7601 7602
l 7603 7604
l 7605 7606
l 7607 7608
l 7609 7610
l 7611 7612
l 7613 7614
l 7615 7616
l 7617 7618
l 7619 7620
l 7621 7622
l 7623 7624
l 7625 7626
l 7627 7628
l 7629 7630
l 7631 7632
l 7633 7634
l 7635 7636
l 7637 7638
l 7639 7640
l 7641 7642
l 7643 7644
l 7645 7646
l 7647 7648
l 7649 7650
l 7651 7652
l 7653 7654
l 7655 7656
l 7657 7658
l 7659 7660
l 7661 7662
l 7663 7664
l 7665 7666
l 7667 7668
l 7669 7670
l 7671 7672
l 7673 7674
l 7675 7676
l 7677 7678
l 7679 7680
l 7681 7682
l 7683 7684
l 7685 7686
l 7687 7688
l 7689 7690
l 7691 7692
l 7693 7694
l 7695 7696
l 7697 7698
l 7699 7700
l 7701 7702
l 7703 7704
l 7705 7706
l 7707 7708
l 7709 7710
l 7711 7712
l 7713 7714
l 7715 7716
l 7717 7718
l 7719 7720
l 7721 7722
l 7723 7724
l 7725 7726
l 7727 7728
l 7729 7730
l 7731 7732
l 7733 7734
l 7735 7736
l 7737 7738
l 7739 7740
l 7741 7742
l 7743 7744
l 7745 7746
l 7747 7748
l 7749 7750
l 7751 7752
l 7753 7754
l 7755 7756
l 7757 7758
l 7759 7760
l 7761 7762
l 7763 7764
l 7765 7766
l 7767 7768
l 7769 7770
l 7771 7772
l 7773 7774
l 7775 7776
l 7777 7778
l 7779 7780
l 7781 7782
l 7783 7784
l 7785 7786
l 7787 7788
l 7789 7790
l 7791 7792
l 7793 7794
l 7795 7796
l 7797 7798
l 7799 7800
l 7801 7802
l 7803 7804
l 7805 7806
l 7807 7808
l 7809 7810
l 7811 7812
l 7813 7814
l 7815 7816
l 7817 7818
l 7819 7820
l 7821 7822
l 7823 7824
o guia
v 13.199999809265137 3.5 0
v 13.199999809265137 6.769999980926514 0
l 7825 7826 
o 
v 16.850000381469727 0.6000000238418579 0
v 18.100000381469727 0.6000000238418579 0
v 18.899999618530273 0.6000000238418579 -2.4000000953674316
v 19.5 0.6000000238418579 -2.4000000953674316
l 7827 7828 7829 7830 
o flecha
usemtl lima_solido
v 19.67000000178814 0.6 -2.4
v 19.67000000178814 0.6 -2.4
v 19.67000000178814 0.6 -2.4
v 19.67000000178814 0.6 -2.4
v 19.67000000178814 0.6 -2.4
v 19.67000000178814 0.6 -2.4
v 19.67000000178814 0.6 -2.4
v 19.67000000178814 0.6 -2.4
v 19.67000000178814 0.6 -2.4
v 19.67000000178814 0.6 -2.4
v 19.67000000178814 0.6 -2.4
v 19.32999999821186 0.6 -2.2700000047683715
v 19.32999999821186 0.5235879182815552 -2.294827790558338
v 19.32999999821186 0.47636265158653257 -2.3598277918994426
v 19.32999999821186 0.47636265158653257 -2.4401722081005572
v 19.32999999821186 0.5235879182815552 -2.5051722094416617
v 19.32999999821186 0.6 -2.5299999952316283
v 19.32999999821186 0.6764120817184447 -2.5051722094416617
v 19.32999999821186 0.7236373484134673 -2.4401722081005572
v 19.32999999821186 0.7236373484134673 -2.3598277918994426
v 19.32999999821186 0.6764120817184447 -2.294827790558338
v 19.32999999821186 0.6 -2.2700000047683715
v 19.32999999821186 0.6 -2.4
v 19.32999999821186 0.6 -2.4
v 19.32999999821186 0.6 -2.4
v 19.32999999821186 0.6 -2.4
v 19.32999999821186 0.6 -2.4
v 19.32999999821186 0.6 -2.4
v 19.32999999821186 0.6 -2.4
v 19.32999999821186 0.6 -2.4
v 19.32999999821186 0.6 -2.4
v 19.32999999821186 0.6 -2.4
v 19.32999999821186 0.6 -2.2700000047683715
v 19.32999999821186 0.5235879182815552 -2.294827790558338
v 19.32999999821186 0.47636265158653257 -2.3598277918994426
v 19.32999999821186 0.47636265158653257 -2.4401722081005572
v 19.32999999821186 0.5235879182815552 -2.5051722094416617
v 19.32999999821186 0.6 -2.5299999952316283
v 19.32999999821186 0.6764120817184447 -2.5051722094416617
v 19.32999999821186 0.7236373484134673 -2.4401722081005572
v 19.32999999821186 0.7236373484134673 -2.3598277918994426
v 19.32999999821186 0.6764120817184447 -2.294827790558338
v 19.32999999821186 0.6 -2.2700000047683715
vt 0 1
vt 0.10000000149011612 1
vt 0.20000000298023224 1
vt 0.30000001192092896 1
vt 0.4000000059604645 1
vt 0.5 1
vt 0.6000000238418579 1
vt 0.699999988079071 1
vt 0.800000011920929 1
vt 0.8999999761581421 1
vt 1 1
vt 0 0
vt 0.10000000149011612 0
vt 0.20000000298023224 0
vt 0.30000001192092896 0
vt 0.4000000059604645 0
vt 0.5 0
vt 0.6000000238418579 0
vt 0.699999988079071 0
vt 0.800000011920929 0
vt 0.8999999761581421 0
vt 1 0
vt 0.5 0.5
vt 0.5 0.5
vt 0.5 0.5
vt 0.5 0.5
vt 0.5 0.5
vt 0.5 0.5
vt 0.5 0.5
vt 0.5 0.5
vt 0.5 0.5
vt 0.5 0.5
vt 1 0.5
vt 0.9045084714889526 0.20610737800598145
vt 0.6545084714889526 0.024471741169691086
vt 0.345491498708725 0.024471741169691086
vt 0.09549150615930557 0.20610737800598145
vt 0 0.5
vt 0.09549150615930557 0.7938926219940186
vt 0.345491498708725 0.9755282402038574
vt 0.6545084714889526 0.9755282402038574
vt 0.9045084714889526 0.7938926219940186
vt 1 0.5
vn 0.3571374785024132 7.930045031799022e-17 0.934051830172683
vn 0.35713746842606353 -0.5490218950708002 0.7556638057887183
vn 0.3571374791021055 -0.8883360814962236 0.2886378827051776
vn 0.3571374791021055 -0.8883360814962236 -0.2886378827051776
vn 0.35713746842606353 -0.5490218950708002 -0.7556638057887183
vn 0.3571374785024132 -3.508791040020631e-17 -0.934051830172683
vn 0.3571374684260633 0.5490218950708005 -0.7556638057887183
vn 0.3571374791021051 0.8883360814962238 -0.2886378827051776
vn 0.3571374791021051 0.8883360814962238 0.2886378827051776
vn 0.3571374684260633 0.5490218950708005 0.7556638057887183
vn 0.3571374785024132 3.080771717543833e-16 0.934051830172683
vn 0.3571374785024132 7.930045031799022e-17 0.934051830172683
vn 0.35713746842606353 -0.5490218950708002 0.7556638057887183
vn 0.3571374791021055 -0.8883360814962236 0.2886378827051776
vn 0.3571374791021055 -0.8883360814962236 -0.2886378827051776
vn 0.35713746842606353 -0.5490218950708002 -0.7556638057887183
vn 0.3571374785024132 -3.508791040020631e-17 -0.934051830172683
vn 0.3571374684260633 0.5490218950708005 -0.7556638057887183
vn 0.3571374791021051 0.8883360814962238 -0.2886378827051776
vn 0.3571374791021051 0.8883360814962238 0.2886378827051776
vn 0.3571374684260633 0.5490218950708005 0.7556638057887183
vn 0.3571374785024132 3.080771717543833e-16 0.934051830172683
vn -1 -2.2204460492503136e-16 0
vn -1 -2.2204460492503136e-16 0
vn -1 -2.2204460492503136e-16 0
vn -1 -2.2204460492503136e-16 0
vn -1 -2.2204460492503136e-16 0
vn -1 -2.2204460492503136e-16 0
vn -1 -2.2204460492503136e-16 0
vn -1 -2.2204460492503136e-16 0
vn -1 -2.2204460492503136e-16 0
vn -1 -2.2204460492503136e-16 0
vn -1 -2.2204460492503136e-16 0
vn -1 -2.2204460492503136e-16 0
vn -1 -2.2204460492503136e-16 0
vn -1 -2.2204460492503136e-16 0
vn -1 -2.2204460492503136e-16 0
vn -1 -2.2204460492503136e-16 0
vn -1 -2.2204460492503136e-16 0
vn -1 -2.2204460492503136e-16 0
vn -1 -2.2204460492503136e-16 0
vn -1 -2.2204460492503136e-16 0
vn -1 -2.2204460492503136e-16 0
f 7842/3800/3800 7843/3801/3801 7832/3790/3790
f 7843/3801/3801 7844/3802/3802 7833/3791/3791
f 7844/3802/3802 7845/3803/3803 7834/3792/3792
f 7845/3803/3803 7846/3804/3804 7835/3793/3793
f 7846/3804/3804 7847/3805/3805 7836/3794/3794
f 7847/3805/3805 7848/3806/3806 7837/3795/3795
f 7848/3806/3806 7849/3807/3807 7838/3796/3796
f 7849/3807/3807 7850/3808/3808 7839/3797/3797
f 7850/3808/3808 7851/3809/3809 7840/3798/3798
f 7851/3809/3809 7852/3810/3810 7841/3799/3799
f 7864/3822/3822 7863/3821/3821 7853/3811/3811
f 7865/3823/3823 7864/3822/3822 7854/3812/3812
f 7866/3824/3824 7865/3823/3823 7855/3813/3813
f 7867/3825/3825 7866/3824/3824 7856/3814/3814
f 7868/3826/3826 7867/3825/3825 7857/3815/3815
f 7869/3827/3827 7868/3826/3826 7858/3816/3816
f 7870/3828/3828 7869/3827/3827 7859/3817/3817
f 7871/3829/3829 7870/3828/3828 7860/3818/3818
f 7872/3830/3830 7871/3829/3829 7861/3819/3819
f 7873/3831/3831 7872/3830/3830 7862/3820/3820
o 
v 18.100000381469727 0.6000000238418579 0
v 18.899999618530273 0.6000000238418579 2.4000000953674316
v 19.5 0.6000000238418579 2.4000000953674316
l 7874 7875 7876 
o flecha
usemtl lima_solido
v 19.67000000178814 0.6 2.4
v 19.67000000178814 0.6 2.4
v 19.67000000178814 0.6 2.4
v 19.67000000178814 0.6 2.4
v 19.67000000178814 0.6 2.4
v 19.67000000178814 0.6 2.4
v 19.67000000178814 0.6 2.4
v 19.67000000178814 0.6 2.4
v 19.67000000178814 0.6 2.4
v 19.67000000178814 0.6 2.4
v 19.67000000178814 0.6 2.4
v 19.32999999821186 0.6 2.5299999952316283
v 19.32999999821186 0.5235879182815552 2.5051722094416617
v 19.32999999821186 0.47636265158653257 2.4401722081005572
v 19.32999999821186 0.47636265158653257 2.3598277918994426
v 19.32999999821186 0.5235879182815552 2.294827790558338
v 19.32999999821186 0.6 2.2700000047683715
v 19.32999999821186 0.6764120817184447 2.294827790558338
v 19.32999999821186 0.7236373484134673 2.3598277918994426
v 19.32999999821186 0.7236373484134673 2.4401722081005572
v 19.32999999821186 0.6764120817184447 2.5051722094416617
v 19.32999999821186 0.6 2.5299999952316283
v 19.32999999821186 0.6 2.4
v 19.32999999821186 0.6 2.4
v 19.32999999821186 0.6 2.4
v 19.32999999821186 0.6 2.4
v 19.32999999821186 0.6 2.4
v 19.32999999821186 0.6 2.4
v 19.32999999821186 0.6 2.4
v 19.32999999821186 0.6 2.4
v 19.32999999821186 0.6 2.4
v 19.32999999821186 0.6 2.4
v 19.32999999821186 0.6 2.5299999952316283
v 19.32999999821186 0.5235879182815552 2.5051722094416617
v 19.32999999821186 0.47636265158653257 2.4401722081005572
v 19.32999999821186 0.47636265158653257 2.3598277918994426
v 19.32999999821186 0.5235879182815552 2.294827790558338
v 19.32999999821186 0.6 2.2700000047683715
v 19.32999999821186 0.6764120817184447 2.294827790558338
v 19.32999999821186 0.7236373484134673 2.3598277918994426
v 19.32999999821186 0.7236373484134673 2.4401722081005572
v 19.32999999821186 0.6764120817184447 2.5051722094416617
v 19.32999999821186 0.6 2.5299999952316283
vt 0 1
vt 0.10000000149011612 1
vt 0.20000000298023224 1
vt 0.30000001192092896 1
vt 0.4000000059604645 1
vt 0.5 1
vt 0.6000000238418579 1
vt 0.699999988079071 1
vt 0.800000011920929 1
vt 0.8999999761581421 1
vt 1 1
vt 0 0
vt 0.10000000149011612 0
vt 0.20000000298023224 0
vt 0.30000001192092896 0
vt 0.4000000059604645 0
vt 0.5 0
vt 0.6000000238418579 0
vt 0.699999988079071 0
vt 0.800000011920929 0
vt 0.8999999761581421 0
vt 1 0
vt 0.5 0.5
vt 0.5 0.5
vt 0.5 0.5
vt 0.5 0.5
vt 0.5 0.5
vt 0.5 0.5
vt 0.5 0.5
vt 0.5 0.5
vt 0.5 0.5
vt 0.5 0.5
vt 1 0.5
vt 0.9045084714889526 0.20610737800598145
vt 0.6545084714889526 0.024471741169691086
vt 0.345491498708725 0.024471741169691086
vt 0.09549150615930557 0.20610737800598145
vt 0 0.5
vt 0.09549150615930557 0.7938926219940186
vt 0.345491498708725 0.9755282402038574
vt 0.6545084714889526 0.9755282402038574
vt 0.9045084714889526 0.7938926219940186
vt 1 0.5
vn 0.3571374785024132 7.930045031799022e-17 0.934051830172683
vn 0.35713746842606353 -0.5490218950708002 0.7556638057887183
vn 0.3571374791021055 -0.8883360814962236 0.2886378827051776
vn 0.3571374791021055 -0.8883360814962236 -0.2886378827051776
vn 0.35713746842606353 -0.5490218950708002 -0.7556638057887183
vn 0.3571374785024132 -3.508791040020631e-17 -0.934051830172683
vn 0.3571374684260633 0.5490218950708005 -0.7556638057887183
vn 0.3571374791021051 0.8883360814962238 -0.2886378827051776
vn 0.3571374791021051 0.8883360814962238 0.2886378827051776
vn 0.3571374684260633 0.5490218950708005 0.7556638057887183
vn 0.3571374785024132 3.080771717543833e-16 0.934051830172683
vn 0.3571374785024132 7.930045031799022e-17 0.934051830172683
vn 0.35713746842606353 -0.5490218950708002 0.7556638057887183
vn 0.3571374791021055 -0.8883360814962236 0.2886378827051776
vn 0.3571374791021055 -0.8883360814962236 -0.2886378827051776
vn 0.35713746842606353 -0.5490218950708002 -0.7556638057887183
vn 0.3571374785024132 -3.508791040020631e-17 -0.934051830172683
vn 0.3571374684260633 0.5490218950708005 -0.7556638057887183
vn 0.3571374791021051 0.8883360814962238 -0.2886378827051776
vn 0.3571374791021051 0.8883360814962238 0.2886378827051776
vn 0.3571374684260633 0.5490218950708005 0.7556638057887183
vn 0.3571374785024132 3.080771717543833e-16 0.934051830172683
vn -1 -2.2204460492503136e-16 0
vn -1 -2.2204460492503136e-16 0
vn -1 -2.2204460492503136e-16 0
vn -1 -2.2204460492503136e-16 0
vn -1 -2.2204460492503136e-16 0
vn -1 -2.2204460492503136e-16 0
vn -1 -2.2204460492503136e-16 0
vn -1 -2.2204460492503136e-16 0
vn -1 -2.2204460492503136e-16 0
vn -1 -2.2204460492503136e-16 0
vn -1 -2.2204460492503136e-16 0
vn -1 -2.2204460492503136e-16 0
vn -1 -2.2204460492503136e-16 0
vn -1 -2.2204460492503136e-16 0
vn -1 -2.2204460492503136e-16 0
vn -1 -2.2204460492503136e-16 0
vn -1 -2.2204460492503136e-16 0
vn -1 -2.2204460492503136e-16 0
vn -1 -2.2204460492503136e-16 0
vn -1 -2.2204460492503136e-16 0
vn -1 -2.2204460492503136e-16 0
f 7888/3843/3843 7889/3844/3844 7878/3833/3833
f 7889/3844/3844 7890/3845/3845 7879/3834/3834
f 7890/3845/3845 7891/3846/3846 7880/3835/3835
f 7891/3846/3846 7892/3847/3847 7881/3836/3836
f 7892/3847/3847 7893/3848/3848 7882/3837/3837
f 7893/3848/3848 7894/3849/3849 7883/3838/3838
f 7894/3849/3849 7895/3850/3850 7884/3839/3839
f 7895/3850/3850 7896/3851/3851 7885/3840/3840
f 7896/3851/3851 7897/3852/3852 7886/3841/3841
f 7897/3852/3852 7898/3853/3853 7887/3842/3842
f 7910/3865/3865 7909/3864/3864 7899/3854/3854
f 7911/3866/3866 7910/3865/3865 7900/3855/3855
f 7912/3867/3867 7911/3866/3866 7901/3856/3856
f 7913/3868/3868 7912/3867/3867 7902/3857/3857
f 7914/3869/3869 7913/3868/3868 7903/3858/3858
f 7915/3870/3870 7914/3869/3869 7904/3859/3859
f 7916/3871/3871 7915/3870/3870 7905/3860/3860
f 7917/3872/3872 7916/3871/3871 7906/3861/3861
f 7918/3873/3873 7917/3872/3872 7907/3862/3862
f 7919/3874/3874 7918/3873/3873 7908/3863/3863
o quemador_chimenea_cuerpo
usemtl relleno_oscuro
v 20.2 2 -2.099999988079071
v 20.330165114998817 2 -2.1297093272209167
v 20.434549447894096 2 -2.2129530549049377
v 20.492478382587432 2 -2.3332437217235564
v 20.492478382587432 2 -2.4667562782764434
v 20.434549447894096 2 -2.587046945095062
v 20.330165114998817 2 -2.670290672779083
v 20.2 2 -2.700000011920929
v 20.069834885001182 2 -2.670290672779083
v 19.965450552105903 2 -2.587046945095062
v 19.907521617412566 2 -2.4667562782764434
v 19.907521617412566 2 -2.3332437217235564
v 19.965450552105903 2 -2.2129530549049377
v 20.069834885001182 2 -2.1297093272209167
v 20.2 2 -2.099999988079071
v 20.2 0 -2.0200000047683715
v 20.36487582027912 0 -2.05763184428215
v 20.49709595441818 0 -2.1630738765001296
v 20.570472609996795 0 -2.3154420420527457
v 20.570472609996795 0 -2.484557957947254
v 20.49709595441818 0 -2.63692612349987
v 20.36487582027912 0 -2.7423681557178496
v 20.2 0 -2.7799999952316283
v 20.035124179720878 0 -2.7423681557178496
v 19.902904045581817 0 -2.63692612349987
v 19.829527390003204 0 -2.484557957947254
v 19.829527390003204 0 -2.3154420420527457
v 19.902904045581817 0 -2.1630738765001296
v 20.035124179720878 0 -2.05763184428215
v 20.2 0 -2.0200000047683715
v 20.2 2 -2.4
v 20.2 2 -2.4
v 20.2 2 -2.4
v 20.2 2 -2.4
v 20.2 2 -2.4
v 20.2 2 -2.4
v 20.2 2 -2.4
v 20.2 2 -2.4
v 20.2 2 -2.4
v 20.2 2 -2.4
v 20.2 2 -2.4
v 20.2 2 -2.4
v 20.2 2 -2.4
v 20.2 2 -2.4
v 20.2 2 -2.099999988079071
v 20.330165114998817 2 -2.1297093272209167
v 20.434549447894096 2 -2.2129530549049377
v 20.492478382587432 2 -2.3332437217235564
v 20.492478382587432 2 -2.4667562782764434
v 20.434549447894096 2 -2.587046945095062
v 20.330165114998817 2 -2.670290672779083
v 20.2 2 -2.700000011920929
v 20.069834885001182 2 -2.670290672779083
v 19.965450552105903 2 -2.587046945095062
v 19.907521617412566 2 -2.4667562782764434
v 19.907521617412566 2 -2.3332437217235564
v 19.965450552105903 2 -2.2129530549049377
v 20.069834885001182 2 -2.1297093272209167
v 20.2 2 -2.099999988079071
v 20.2 0 -2.4
v 20.2 0 -2.4
v 20.2 0 -2.4
v 20.2 0 -2.4
v 20.2 0 -2.4
v 20.2 0 -2.4
v 20.2 0 -2.4
v 20.2 0 -2.4
v 20.2 0 -2.4
v 20.2 0 -2.4
v 20.2 0 -2.4
v 20.2 0 -2.4
v 20.2 0 -2.4
v 20.2 0 -2.4
v 20.2 0 -2.0200000047683715
v 20.36487582027912 0 -2.05763184428215
v 20.49709595441818 0 -2.1630738765001296
v 20.570472609996795 0 -2.3154420420527457
v 20.570472609996795 0 -2.484557957947254
v 20.49709595441818 0 -2.63692612349987
v 20.36487582027912 0 -2.7423681557178496
v 20.2 0 -2.7799999952316283
v 20.035124179720878 0 -2.7423681557178496
v 19.902904045581817 0 -2.63692612349987
v 19.829527390003204 0 -2.484557957947254
v 19.829527390003204 0 -2.3154420420527457
v 19.902904045581817 0 -2.1630738765001296
v 20.035124179720878 0 -2.05763184428215
v 20.2 0 -2.0200000047683715
vt 0 1
vt 0.0714285746216774 1
vt 0.1428571492433548 1
vt 0.2142857164144516 1
vt 0.2857142984867096 1
vt 0.3571428656578064 1
vt 0.4285714328289032 1
vt 0.5 1
vt 0.5714285969734192 1
vt 0.6428571343421936 1
vt 0.7142857313156128 1
vt 0.7857142686843872 1
vt 0.8571428656578064 1
vt 0.9285714030265808 1
vt 1 1
vt 0 0
vt 0.0714285746216774 0
vt 0.1428571492433548 0
vt 0.2142857164144516 0
vt 0.2857142984867096 0
vt 0.3571428656578064 0
vt 0.4285714328289032 0
vt 0.5 0
vt 0.5714285969734192 0
vt 0.6428571343421936 0
vt 0.7142857313156128 0
vt 0.7857142686843872 0
vt 0.8571428656578064 0
vt 0.9285714030265808 0
vt 1 0
vt 0.5 0.5
vt 0.5 0.5
vt 0.5 0.5
vt 0.5 0.5
vt 0.5 0.5
vt 0.5 0.5
vt 0.5 0.5
vt 0.5 0.5
vt 0.5 0.5
vt 0.5 0.5
vt 0.5 0.5
vt 0.5 0.5
vt 0.5 0.5
vt 0.5 0.5
vt 1 0.5
vt 0.9504844546318054 0.7169418931007385
vt 0.8117449283599854 0.8909157514572144
vt 0.6112604737281799 0.9874639511108398
vt 0.38873952627182007 0.9874639511108398
vt 0.18825510144233704 0.8909157514572144
vt 0.04951556771993637 0.7169418931007385
vt 0 0.5
vt 0.04951556771993637 0.28305813670158386
vt 0.18825510144233704 0.10908425599336624
vt 0.38873952627182007 0.012536044232547283
vt 0.6112604737281799 0.012536044232547283
vt 0.8117449283599854 0.10908425599336624
vt 0.9504844546318054 0.28305813670158386
vt 1 0.5
vt 0.5 0.5
vt 0.5 0.5
vt 0.5 0.5
vt 0.5 0.5
vt 0.5 0.5
vt 0.5 0.5
vt 0.5 0.5
vt 0.5 0.5
vt 0.5 0.5
vt 0.5 0.5
vt 0.5 0.5
vt 0.5 0.5
vt 0.5 0.5
vt 0.5 0.5
vt 1 0.5
vt 0.9504844546318054 0.28305813670158386
vt 0.8117449283599854 0.10908425599336624
vt 0.6112604737281799 0.012536044232547283
vt 0.38873952627182007 0.012536044232547283
vt 0.18825510144233704 0.10908425599336624
vt 0.04951556771993637 0.28305813670158386
vt 0 0.5
vt 0.04951556771993637 0.7169418931007385
vt 0.18825510144233704 0.8909157514572144
vt 0.38873952627182007 0.9874639511108398
vt 0.6112604737281799 0.9874639511108398
vt 0.8117449283599854 0.8909157514572144
vt 0.9504844546318054 0.7169418931007385
vt 1 0.5
vn 0 0.039968040580475234 0.9992009586325253
vn 0.4335370430110426 0.039968040470171995 0.9002489589431448
vn 0.7812067678283003 0.03996803887839891 0.6229916064984142
vn 0.9741489054396816 0.03996803886892425 0.22234312649515875
vn 0.9741489054396816 0.03996803886892425 -0.22234312649515875
vn 0.7812067678283003 0.03996803887839891 -0.6229916064984142
vn 0.4335370430110426 0.039968040470171995 -0.9002489589431448
vn 1.22366828748973e-16 0.039968040580475234 -0.9992009586325253
vn -0.4335370430110426 0.039968040470171995 -0.9002489589431448
vn -0.7812067678283003 0.03996803887839891 -0.6229916064984142
vn -0.9741489054396816 0.03996803886892425 -0.22234312649515875
vn -0.9741489054396816 0.03996803886892425 0.22234312649515875
vn -0.7812067678283003 0.03996803887839891 0.6229916064984142
vn -0.4335370430110426 0.039968040470171995 0.9002489589431448
vn -2.44733657497946e-16 0.039968040580475234 0.9992009586325253
vn 0 0.039968040580475234 0.9992009586325253
vn 0.4335370430110426 0.039968040470171995 0.9002489589431448
vn 0.7812067678283003 0.03996803887839891 0.6229916064984142
vn 0.9741489054396816 0.03996803886892425 0.22234312649515875
vn 0.9741489054396816 0.03996803886892425 -0.22234312649515875
vn 0.7812067678283003 0.03996803887839891 -0.6229916064984142
vn 0.4335370430110426 0.039968040470171995 -0.9002489589431448
vn 1.22366828748973e-16 0.039968040580475234 -0.9992009586325253
vn -0.4335370430110426 0.039968040470171995 -0.9002489589431448
vn -0.7812067678283003 0.03996803887839891 -0.6229916064984142
vn -0.9741489054396816 0.03996803886892425 -0.22234312649515875
vn -0.9741489054396816 0.03996803886892425 0.22234312649515875
vn -0.7812067678283003 0.03996803887839891 0.6229916064984142
vn -0.4335370430110426 0.039968040470171995 0.9002489589431448
vn -2.44733657497946e-16 0.039968040580475234 0.9992009586325253
vn 0 1 0
vn 0 1 0
vn 0 1 0
vn 0 1 0
vn 0 1 0
vn 0 1 0
vn 0 1 0
vn 0 1 0
vn 0 1 0
vn 0 1 0
vn 0 1 0
vn 0 1 0
vn 0 1 0
vn 0 1 0
vn 0 1 0
vn 0 1 0
vn 0 1 0
vn 0 1 0
vn 0 1 0
vn 0 1 0
vn 0 1 0
vn 0 1 0
vn 0 1 0
vn 0 1 0
vn 0 1 0
vn 0 1 0
vn 0 1 0
vn 0 1 0
vn 0 1 0
vn 0 -1 0
vn 0 -1 0
vn 0 -1 0
vn 0 -1 0
vn 0 -1 0
vn 0 -1 0
vn 0 -1 0
vn 0 -1 0
vn 0 -1 0
vn 0 -1 0
vn 0 -1 0
vn 0 -1 0
vn 0 -1 0
vn 0 -1 0
vn 0 -1 0
vn 0 -1 0
vn 0 -1 0
vn 0 -1 0
vn 0 -1 0
vn 0 -1 0
vn 0 -1 0
vn 0 -1 0
vn 0 -1 0
vn 0 -1 0
vn 0 -1 0
vn 0 -1 0
vn 0 -1 0
vn 0 -1 0
vn 0 -1 0
f 7920/3875/3875 7935/3890/3890 7921/3876/3876
f 7935/3890/3890 7936/3891/3891 7921/3876/3876
f 7921/3876/3876 7936/3891/3891 7922/3877/3877
f 7936/3891/3891 7937/3892/3892 7922/3877/3877
f 7922/3877/3877 7937/3892/3892 7923/3878/3878
f 7937/3892/3892 7938/3893/3893 7923/3878/3878
f 7923/3878/3878 7938/3893/3893 7924/3879/3879
f 7938/3893/3893 7939/3894/3894 7924/3879/3879
f 7924/3879/3879 7939/3894/3894 7925/3880/3880
f 7939/3894/3894 7940/3895/3895 7925/3880/3880
f 7925/3880/3880 7940/3895/3895 7926/3881/3881
f 7940/3895/3895 7941/3896/3896 7926/3881/3881
f 7926/3881/3881 7941/3896/3896 7927/3882/3882
f 7941/3896/3896 7942/3897/3897 7927/3882/3882
f 7927/3882/3882 7942/3897/3897 7928/3883/3883
f 7942/3897/3897 7943/3898/3898 7928/3883/3883
f 7928/3883/3883 7943/3898/3898 7929/3884/3884
f 7943/3898/3898 7944/3899/3899 7929/3884/3884
f 7929/3884/3884 7944/3899/3899 7930/3885/3885
f 7944/3899/3899 7945/3900/3900 7930/3885/3885
f 7930/3885/3885 7945/3900/3900 7931/3886/3886
f 7945/3900/3900 7946/3901/3901 7931/3886/3886
f 7931/3886/3886 7946/3901/3901 7932/3887/3887
f 7946/3901/3901 7947/3902/3902 7932/3887/3887
f 7932/3887/3887 7947/3902/3902 7933/3888/3888
f 7947/3902/3902 7948/3903/3903 7933/3888/3888
f 7933/3888/3888 7948/3903/3903 7934/3889/3889
f 7948/3903/3903 7949/3904/3904 7934/3889/3889
f 7964/3919/3919 7965/3920/3920 7950/3905/3905
f 7965/3920/3920 7966/3921/3921 7951/3906/3906
f 7966/3921/3921 7967/3922/3922 7952/3907/3907
f 7967/3922/3922 7968/3923/3923 7953/3908/3908
f 7968/3923/3923 7969/3924/3924 7954/3909/3909
f 7969/3924/3924 7970/3925/3925 7955/3910/3910
f 7970/3925/3925 7971/3926/3926 7956/3911/3911
f 7971/3926/3926 7972/3927/3927 7957/3912/3912
f 7972/3927/3927 7973/3928/3928 7958/3913/3913
f 7973/3928/3928 7974/3929/3929 7959/3914/3914
f 7974/3929/3929 7975/3930/3930 7960/3915/3915
f 7975/3930/3930 7976/3931/3931 7961/3916/3916
f 7976/3931/3931 7977/3932/3932 7962/3917/3917
f 7977/3932/3932 7978/3933/3933 7963/3918/3918
f 7994/3949/3949 7993/3948/3948 7979/3934/3934
f 7995/3950/3950 7994/3949/3949 7980/3935/3935
f 7996/3951/3951 7995/3950/3950 7981/3936/3936
f 7997/3952/3952 7996/3951/3951 7982/3937/3937
f 7998/3953/3953 7997/3952/3952 7983/3938/3938
f 7999/3954/3954 7998/3953/3953 7984/3939/3939
f 8000/3955/3955 7999/3954/3954 7985/3940/3940
f 8001/3956/3956 8000/3955/3955 7986/3941/3941
f 8002/3957/3957 8001/3956/3956 7987/3942/3942
f 8003/3958/3958 8002/3957/3957 7988/3943/3943
f 8004/3959/3959 8003/3958/3958 7989/3944/3944
f 8005/3960/3960 8004/3959/3959 7990/3945/3945
f 8006/3961/3961 8005/3960/3960 7991/3946/3946
f 8007/3962/3962 8006/3961/3961 7992/3947/3947
o quemador_chimenea_aristas
v 20.330165114998817 2 -2.1297093272209167
v 20.36487582027912 0 -2.05763184428215
v 20.434549447894096 2 -2.2129530549049377
v 20.49709595441818 0 -2.1630738765001296
v 20.492478382587432 2 -2.3332437217235564
v 20.570472609996795 0 -2.3154420420527457
v 20.492478382587432 2 -2.4667562782764434
v 20.570472609996795 0 -2.484557957947254
v 20.434549447894096 2 -2.587046945095062
v 20.49709595441818 0 -2.63692612349987
v 20.330165114998817 2 -2.670290672779083
v 20.36487582027912 0 -2.7423681557178496
v 20.2 2 -2.700000011920929
v 20.2 0 -2.7799999952316283
v 20.069834885001182 2 -2.670290672779083
v 20.035124179720878 0 -2.7423681557178496
v 19.965450552105903 2 -2.587046945095062
v 19.902904045581817 0 -2.63692612349987
v 19.907521617412566 2 -2.4667562782764434
v 19.829527390003204 0 -2.484557957947254
v 19.907521617412566 2 -2.3332437217235564
v 19.829527390003204 0 -2.3154420420527457
v 19.965450552105903 2 -2.2129530549049377
v 19.902904045581817 0 -2.1630738765001296
v 20.069834885001182 2 -2.1297093272209167
v 20.035124179720878 0 -2.05763184428215
v 20.2 0 -2.0200000047683715
v 20.2 2 -2.099999988079071
v 20.2 2 -2.099999988079071
v 20.330165114998817 2 -2.1297093272209167
v 20.330165114998817 2 -2.1297093272209167
v 20.434549447894096 2 -2.2129530549049377
v 20.434549447894096 2 -2.2129530549049377
v 20.492478382587432 2 -2.3332437217235564
v 20.492478382587432 2 -2.3332437217235564
v 20.492478382587432 2 -2.4667562782764434
v 20.492478382587432 2 -2.4667562782764434
v 20.434549447894096 2 -2.587046945095062
v 20.434549447894096 2 -2.587046945095062
v 20.330165114998817 2 -2.670290672779083
v 20.330165114998817 2 -2.670290672779083
v 20.2 2 -2.700000011920929
v 20.2 2 -2.700000011920929
v 20.069834885001182 2 -2.670290672779083
v 20.069834885001182 2 -2.670290672779083
v 19.965450552105903 2 -2.587046945095062
v 19.965450552105903 2 -2.587046945095062
v 19.907521617412566 2 -2.4667562782764434
v 19.907521617412566 2 -2.4667562782764434
v 19.907521617412566 2 -2.3332437217235564
v 19.907521617412566 2 -2.3332437217235564
v 19.965450552105903 2 -2.2129530549049377
v 19.965450552105903 2 -2.2129530549049377
v 20.069834885001182 2 -2.1297093272209167
v 20.069834885001182 2 -2.1297093272209167
v 20.2 2 -2.099999988079071
v 20.36487582027912 0 -2.05763184428215
v 20.2 0 -2.0200000047683715
v 20.49709595441818 0 -2.1630738765001296
v 20.36487582027912 0 -2.05763184428215
v 20.570472609996795 0 -2.3154420420527457
v 20.49709595441818 0 -2.1630738765001296
v 20.570472609996795 0 -2.484557957947254
v 20.570472609996795 0 -2.3154420420527457
v 20.49709595441818 0 -2.63692612349987
v 20.570472609996795 0 -2.484557957947254
v 20.36487582027912 0 -2.7423681557178496
v 20.49709595441818 0 -2.63692612349987
v 20.2 0 -2.7799999952316283
v 20.36487582027912 0 -2.7423681557178496
v 20.035124179720878 0 -2.7423681557178496
v 20.2 0 -2.7799999952316283
v 19.902904045581817 0 -2.63692612349987
v 20.035124179720878 0 -2.7423681557178496
v 19.829527390003204 0 -2.484557957947254
v 19.902904045581817 0 -2.63692612349987
v 19.829527390003204 0 -2.3154420420527457
v 19.829527390003204 0 -2.484557957947254
v 19.902904045581817 0 -2.1630738765001296
v 19.829527390003204 0 -2.3154420420527457
v 20.035124179720878 0 -2.05763184428215
v 19.902904045581817 0 -2.1630738765001296
v 20.2 0 -2.0200000047683715
v 20.035124179720878 0 -2.05763184428215
l 8008 8009
l 8010 8011
l 8012 8013
l 8014 8015
l 8016 8017
l 8018 8019
l 8020 8021
l 8022 8023
l 8024 8025
l 8026 8027
l 8028 8029
l 8030 8031
l 8032 8033
l 8034 8035
l 8036 8037
l 8038 8039
l 8040 8041
l 8042 8043
l 8044 8045
l 8046 8047
l 8048 8049
l 8050 8051
l 8052 8053
l 8054 8055
l 8056 8057
l 8058 8059
l 8060 8061
l 8062 8063
l 8064 8065
l 8066 8067
l 8068 8069
l 8070 8071
l 8072 8073
l 8074 8075
l 8076 8077
l 8078 8079
l 8080 8081
l 8082 8083
l 8084 8085
l 8086 8087
l 8088 8089
l 8090 8091
o quemador_llama
usemtl lima_solido
v 20.2 2.6250000059604646 -2.4
v 20.2 2.6250000059604646 -2.4
v 20.2 2.6250000059604646 -2.4
v 20.2 2.6250000059604646 -2.4
v 20.2 2.6250000059604646 -2.4
v 20.2 2.6250000059604646 -2.4
v 20.2 2.6250000059604646 -2.4
v 20.2 2.6250000059604646 -2.4
v 20.2 2.6250000059604646 -2.4
v 20.2 2.6250000059604646 -2.4
v 20.2 2.6250000059604646 -2.4
v 20.2 2.0749999940395356 -2.1999999970197677
v 20.317557048797607 2.0749999940395356 -2.2381966054439544
v 20.390211296081542 2.0749999940395356 -2.33819659948349
v 20.390211296081542 2.0749999940395356 -2.46180340051651
v 20.317557048797607 2.0749999940395356 -2.5618033945560454
v 20.2 2.0749999940395356 -2.600000002980232
v 20.082442951202392 2.0749999940395356 -2.5618033945560454
v 20.009788703918456 2.0749999940395356 -2.46180340051651
v 20.009788703918456 2.0749999940395356 -2.33819659948349
v 20.082442951202392 2.0749999940395356 -2.2381966054439544
v 20.2 2.0749999940395356 -2.1999999970197677
v 20.2 2.0749999940395356 -2.4
v 20.2 2.0749999940395356 -2.4
v 20.2 2.0749999940395356 -2.4
v 20.2 2.0749999940395356 -2.4
v 20.2 2.0749999940395356 -2.4
v 20.2 2.0749999940395356 -2.4
v 20.2 2.0749999940395356 -2.4
v 20.2 2.0749999940395356 -2.4
v 20.2 2.0749999940395356 -2.4
v 20.2 2.0749999940395356 -2.4
v 20.2 2.0749999940395356 -2.1999999970197677
v 20.317557048797607 2.0749999940395356 -2.2381966054439544
v 20.390211296081542 2.0749999940395356 -2.33819659948349
v 20.390211296081542 2.0749999940395356 -2.46180340051651
v 20.317557048797607 2.0749999940395356 -2.5618033945560454
v 20.2 2.0749999940395356 -2.600000002980232
v 20.082442951202392 2.0749999940395356 -2.5618033945560454
v 20.009788703918456 2.0749999940395356 -2.46180340051651
v 20.009788703918456 2.0749999940395356 -2.33819659948349
v 20.082442951202392 2.0749999940395356 -2.2381966054439544
v 20.2 2.0749999940395356 -2.1999999970197677
vt 0 1
vt 0.10000000149011612 1
vt 0.20000000298023224 1
vt 0.30000001192092896 1
vt 0.4000000059604645 1
vt 0.5 1
vt 0.6000000238418579 1
vt 0.699999988079071 1
vt 0.800000011920929 1
vt 0.8999999761581421 1
vt 1 1
vt 0 0
vt 0.10000000149011612 0
vt 0.20000000298023224 0
vt 0.30000001192092896 0
vt 0.4000000059604645 0
vt 0.5 0
vt 0.6000000238418579 0
vt 0.699999988079071 0
vt 0.800000011920929 0
vt 0.8999999761581421 0
vt 1 0
vt 0.5 0.5
vt 0.5 0.5
vt 0.5 0.5
vt 0.5 0.5
vt 0.5 0.5
vt 0.5 0.5
vt 0.5 0.5
vt 0.5 0.5
vt 0.5 0.5
vt 0.5 0.5
vt 1 0.5
vt 0.9045084714889526 0.20610737800598145
vt 0.6545084714889526 0.024471741169691086
vt 0.345491498708725 0.024471741169691086
vt 0.09549150615930557 0.20610737800598145
vt 0 0.5
vt 0.09549150615930557 0.7938926219940186
vt 0.345491498708725 0.9755282402038574
vt 0.6545084714889526 0.9755282402038574
vt 0.9045084714889526 0.7938926219940186
vt 1 0.5
vn 0 0.34174305830092994 0.9397934252287188
vn 0.5523967121406507 0.34174305043024084 0.7603088582272555
vn 0.8937966702642601 0.3417430473818089 0.290412124042224
vn 0.8937966702642601 0.3417430473818089 -0.290412124042224
vn 0.5523967121406507 0.34174305043024084 -0.7603088582272555
vn 1.150915038007559e-16 0.34174305830092994 -0.9397934252287188
vn -0.5523967121406507 0.34174305043024084 -0.7603088582272555
vn -0.8937966702642601 0.3417430473818089 -0.290412124042224
vn -0.8937966702642601 0.3417430473818089 0.290412124042224
vn -0.5523967121406507 0.34174305043024084 0.7603088582272555
vn -2.301830076015118e-16 0.34174305830092994 0.9397934252287188
vn 0 0.34174305830092994 0.9397934252287188
vn 0.5523967121406507 0.34174305043024084 0.7603088582272555
vn 0.8937966702642601 0.3417430473818089 0.290412124042224
vn 0.8937966702642601 0.3417430473818089 -0.290412124042224
vn 0.5523967121406507 0.34174305043024084 -0.7603088582272555
vn 1.150915038007559e-16 0.34174305830092994 -0.9397934252287188
vn -0.5523967121406507 0.34174305043024084 -0.7603088582272555
vn -0.8937966702642601 0.3417430473818089 -0.290412124042224
vn -0.8937966702642601 0.3417430473818089 0.290412124042224
vn -0.5523967121406507 0.34174305043024084 0.7603088582272555
vn -2.301830076015118e-16 0.34174305830092994 0.9397934252287188
vn 0 -1 0
vn 0 -1 0
vn 0 -1 0
vn 0 -1 0
vn 0 -1 0
vn 0 -1 0
vn 0 -1 0
vn 0 -1 0
vn 0 -1 0
vn 0 -1 0
vn 0 -1 0
vn 0 -1 0
vn 0 -1 0
vn 0 -1 0
vn 0 -1 0
vn 0 -1 0
vn 0 -1 0
vn 0 -1 0
vn 0 -1 0
vn 0 -1 0
vn 0 -1 0
f 8103/3974/3974 8104/3975/3975 8093/3964/3964
f 8104/3975/3975 8105/3976/3976 8094/3965/3965
f 8105/3976/3976 8106/3977/3977 8095/3966/3966
f 8106/3977/3977 8107/3978/3978 8096/3967/3967
f 8107/3978/3978 8108/3979/3979 8097/3968/3968
f 8108/3979/3979 8109/3980/3980 8098/3969/3969
f 8109/3980/3980 8110/3981/3981 8099/3970/3970
f 8110/3981/3981 8111/3982/3982 8100/3971/3971
f 8111/3982/3982 8112/3983/3983 8101/3972/3972
f 8112/3983/3983 8113/3984/3984 8102/3973/3973
f 8125/3996/3996 8124/3995/3995 8114/3985/3985
f 8126/3997/3997 8125/3996/3996 8115/3986/3986
f 8127/3998/3998 8126/3997/3997 8116/3987/3987
f 8128/3999/3999 8127/3998/3998 8117/3988/3988
f 8129/4000/4000 8128/3999/3999 8118/3989/3989
f 8130/4001/4001 8129/4000/4000 8119/3990/3990
f 8131/4002/4002 8130/4001/4001 8120/3991/3991
f 8132/4003/4003 8131/4002/4002 8121/3992/3992
f 8133/4004/4004 8132/4003/4003 8122/3993/3993
f 8134/4005/4005 8133/4004/4004 8123/3994/3994
o guia
v 20.200000762939453 2.700000047683716 -2.4000000953674316
v 20.200000762939453 3.869999885559082 -2.4000000953674316
l 8135 8136 
o generador_cuerpo_cuerpo
usemtl relleno_oscuro
v 21.250000023841856 1 2.9
v 21.250000023841856 1 1.9
v 21.250000023841856 0 2.9
v 21.250000023841856 0 1.9
v 19.54999997615814 1 1.9
v 19.54999997615814 1 2.9
v 19.54999997615814 0 1.9
v 19.54999997615814 0 2.9
v 19.54999997615814 1 1.9
v 21.250000023841856 1 1.9
v 19.54999997615814 1 2.9
v 21.250000023841856 1 2.9
v 19.54999997615814 0 2.9
v 21.250000023841856 0 2.9
v 19.54999997615814 0 1.9
v 21.250000023841856 0 1.9
v 19.54999997615814 1 2.9
v 21.250000023841856 1 2.9
v 19.54999997615814 0 2.9
v 21.250000023841856 0 2.9
v 21.250000023841856 1 1.9
v 19.54999997615814 1 1.9
v 21.250000023841856 0 1.9
v 19.54999997615814 0 1.9
vt 0 1
vt 1 1
vt 0 0
vt 1 0
vt 0 1
vt 1 1
vt 0 0
vt 1 0
vt 0 1
vt 1 1
vt 0 0
vt 1 0
vt 0 1
vt 1 1
vt 0 0
vt 1 0
vt 0 1
vt 1 1
vt 0 0
vt 1 0
vt 0 1
vt 1 1
vt 0 0
vt 1 0
vn 1 0 0
vn 1 0 0
vn 1 0 0
vn 1 0 0
vn -1 0 0
vn -1 0 0
vn -1 0 0
vn -1 0 0
vn 0 1 0
vn 0 1 0
vn 0 1 0
vn 0 1 0
vn 0 -1 0
vn 0 -1 0
vn 0 -1 0
vn 0 -1 0
vn 0 0 1
vn 0 0 1
vn 0 0 1
vn 0 0 1
vn 0 0 -1
vn 0 0 -1
vn 0 0 -1
vn 0 0 -1
f 8137/4006/4006 8139/4008/4008 8138/4007/4007
f 8139/4008/4008 8140/4009/4009 8138/4007/4007
f 8141/4010/4010 8143/4012/4012 8142/4011/4011
f 8143/4012/4012 8144/4013/4013 8142/4011/4011
f 8145/4014/4014 8147/4016/4016 8146/4015/4015
f 8147/4016/4016 8148/4017/4017 8146/4015/4015
f 8149/4018/4018 8151/4020/4020 8150/4019/4019
f 8151/4020/4020 8152/4021/4021 8150/4019/4019
f 8153/4022/4022 8155/4024/4024 8154/4023/4023
f 8155/4024/4024 8156/4025/4025 8154/4023/4023
f 8157/4026/4026 8159/4028/4028 8158/4027/4027
f 8159/4028/4028 8160/4029/4029 8158/4027/4027
o generador_cuerpo_aristas
v 19.54999997615814 1 1.9
v 19.54999997615814 1 2.9
v 21.250000023841856 1 2.9
v 21.250000023841856 1 1.9
v 19.54999997615814 0 2.9
v 19.54999997615814 0 1.9
v 21.250000023841856 0 1.9
v 21.250000023841856 0 2.9
v 19.54999997615814 1 2.9
v 19.54999997615814 0 2.9
v 21.250000023841856 1 2.9
v 19.54999997615814 1 2.9
v 19.54999997615814 0 2.9
v 21.250000023841856 0 2.9
v 21.250000023841856 0 2.9
v 21.250000023841856 1 2.9
v 21.250000023841856 1 1.9
v 21.250000023841856 0 1.9
v 19.54999997615814 1 1.9
v 21.250000023841856 1 1.9
v 21.250000023841856 0 1.9
v 19.54999997615814 0 1.9
v 19.54999997615814 0 1.9
v 19.54999997615814 1 1.9
l 8161 8162
l 8163 8164
l 8165 8166
l 8167 8168
l 8169 8170
l 8171 8172
l 8173 8174
l 8175 8176
l 8177 8178
l 8179 8180
l 8181 8182
l 8183 8184
o generador_alternador_cuerpo
usemtl relleno_oscuro
v 19.999999994039534 0.5500000000000002 2.700000011920929
v 19.999999994039534 0.6801651149988176 2.670290672779083
v 19.999999994039534 0.7845494478940965 2.587046945095062
v 19.999999994039534 0.842478382587433 2.4667562782764434
v 19.999999994039534 0.842478382587433 2.3332437217235564
v 19.999999994039534 0.7845494478940965 2.2129530549049377
v 19.999999994039534 0.6801651149988176 2.1297093272209167
v 19.999999994039534 0.5500000000000002 2.099999988079071
v 19.999999994039534 0.4198348850011827 2.1297093272209167
v 19.999999994039534 0.3154505521059038 2.2129530549049377
v 19.999999994039534 0.2575216174125673 2.3332437217235564
v 19.999999994039534 0.2575216174125673 2.4667562782764434
v 19.999999994039534 0.3154505521059038 2.587046945095062
v 19.999999994039534 0.4198348850011827 2.670290672779083
v 19.999999994039534 0.55 2.700000011920929
v 20.800000005960463 0.5499999999999999 2.700000011920929
v 20.800000005960463 0.6801651149988174 2.670290672779083
v 20.800000005960463 0.7845494478940963 2.587046945095062
v 20.800000005960463 0.8424783825874328 2.4667562782764434
v 20.800000005960463 0.8424783825874328 2.3332437217235564
v 20.800000005960463 0.7845494478940963 2.2129530549049377
v 20.800000005960463 0.6801651149988174 2.1297093272209167
v 20.800000005960463 0.55 2.099999988079071
v 20.800000005960463 0.4198348850011825 2.1297093272209167
v 20.800000005960463 0.31545055210590356 2.2129530549049377
v 20.800000005960463 0.25752161741256707 2.3332437217235564
v 20.800000005960463 0.25752161741256707 2.4667562782764434
v 20.800000005960463 0.31545055210590356 2.587046945095062
v 20.800000005960463 0.4198348850011825 2.670290672779083
v 20.800000005960463 0.5499999999999999 2.700000011920929
v 19.999999994039534 0.5500000000000002 2.4
v 19.999999994039534 0.5500000000000002 2.4
v 19.999999994039534 0.5500000000000002 2.4
v 19.999999994039534 0.5500000000000002 2.4
v 19.999999994039534 0.5500000000000002 2.4
v 19.999999994039534 0.5500000000000002 2.4
v 19.999999994039534 0.5500000000000002 2.4
v 19.999999994039534 0.5500000000000002 2.4
v 19.999999994039534 0.5500000000000002 2.4
v 19.999999994039534 0.5500000000000002 2.4
v 19.999999994039534 0.5500000000000002 2.4
v 19.999999994039534 0.5500000000000002 2.4
v 19.999999994039534 0.5500000000000002 2.4
v 19.999999994039534 0.5500000000000002 2.4
v 19.999999994039534 0.5500000000000002 2.700000011920929
v 19.999999994039534 0.6801651149988176 2.670290672779083
v 19.999999994039534 0.7845494478940965 2.587046945095062
v 19.999999994039534 0.842478382587433 2.4667562782764434
v 19.999999994039534 0.842478382587433 2.3332437217235564
v 19.999999994039534 0.7845494478940965 2.2129530549049377
v 19.999999994039534 0.6801651149988176 2.1297093272209167
v 19.999999994039534 0.5500000000000002 2.099999988079071
v 19.999999994039534 0.4198348850011827 2.1297093272209167
v 19.999999994039534 0.3154505521059038 2.2129530549049377
v 19.999999994039534 0.2575216174125673 2.3332437217235564
v 19.999999994039534 0.2575216174125673 2.4667562782764434
v 19.999999994039534 0.3154505521059038 2.587046945095062
v 19.999999994039534 0.4198348850011827 2.670290672779083
v 19.999999994039534 0.55 2.700000011920929
v 20.800000005960463 0.5499999999999999 2.4
v 20.800000005960463 0.5499999999999999 2.4
v 20.800000005960463 0.5499999999999999 2.4
v 20.800000005960463 0.5499999999999999 2.4
v 20.800000005960463 0.5499999999999999 2.4
v 20.800000005960463 0.5499999999999999 2.4
v 20.800000005960463 0.5499999999999999 2.4
v 20.800000005960463 0.5499999999999999 2.4
v 20.800000005960463 0.5499999999999999 2.4
v 20.800000005960463 0.5499999999999999 2.4
v 20.800000005960463 0.5499999999999999 2.4
v 20.800000005960463 0.5499999999999999 2.4
v 20.800000005960463 0.5499999999999999 2.4
v 20.800000005960463 0.5499999999999999 2.4
v 20.800000005960463 0.5499999999999999 2.700000011920929
v 20.800000005960463 0.6801651149988174 2.670290672779083
v 20.800000005960463 0.7845494478940963 2.587046945095062
v 20.800000005960463 0.8424783825874328 2.4667562782764434
v 20.800000005960463 0.8424783825874328 2.3332437217235564
v 20.800000005960463 0.7845494478940963 2.2129530549049377
v 20.800000005960463 0.6801651149988174 2.1297093272209167
v 20.800000005960463 0.55 2.099999988079071
v 20.800000005960463 0.4198348850011825 2.1297093272209167
v 20.800000005960463 0.31545055210590356 2.2129530549049377
v 20.800000005960463 0.25752161741256707 2.3332437217235564
v 20.800000005960463 0.25752161741256707 2.4667562782764434
v 20.800000005960463 0.31545055210590356 2.587046945095062
v 20.800000005960463 0.4198348850011825 2.670290672779083
v 20.800000005960463 0.5499999999999999 2.700000011920929
vt 0 1
vt 0.0714285746216774 1
vt 0.1428571492433548 1
vt 0.2142857164144516 1
vt 0.2857142984867096 1
vt 0.3571428656578064 1
vt 0.4285714328289032 1
vt 0.5 1
vt 0.5714285969734192 1
vt 0.6428571343421936 1
vt 0.7142857313156128 1
vt 0.7857142686843872 1
vt 0.8571428656578064 1
vt 0.9285714030265808 1
vt 1 1
vt 0 0
vt 0.0714285746216774 0
vt 0.1428571492433548 0
vt 0.2142857164144516 0
vt 0.2857142984867096 0
vt 0.3571428656578064 0
vt 0.4285714328289032 0
vt 0.5 0
vt 0.5714285969734192 0
vt 0.6428571343421936 0
vt 0.7142857313156128 0
vt 0.7857142686843872 0
vt 0.8571428656578064 0
vt 0.9285714030265808 0
vt 1 0
vt 0.5 0.5
vt 0.5 0.5
vt 0.5 0.5
vt 0.5 0.5
vt 0.5 0.5
vt 0.5 0.5
vt 0.5 0.5
vt 0.5 0.5
vt 0.5 0.5
vt 0.5 0.5
vt 0.5 0.5
vt 0.5 0.5
vt 0.5 0.5
vt 0.5 0.5
vt 1 0.5
vt 0.9504844546318054 0.7169418931007385
vt 0.8117449283599854 0.8909157514572144
vt 0.6112604737281799 0.9874639511108398
vt 0.38873952627182007 0.9874639511108398
vt 0.18825510144233704 0.8909157514572144
vt 0.04951556771993637 0.7169418931007385
vt 0 0.5
vt 0.04951556771993637 0.28305813670158386
vt 0.18825510144233704 0.10908425599336624
vt 0.38873952627182007 0.012536044232547283
vt 0.6112604737281799 0.012536044232547283
vt 0.8117449283599854 0.10908425599336624
vt 0.9504844546318054 0.28305813670158386
vt 1 0.5
vt 0.5 0.5
vt 0.5 0.5
vt 0.5 0.5
vt 0.5 0.5
vt 0.5 0.5
vt 0.5 0.5
vt 0.5 0.5
vt 0.5 0.5
vt 0.5 0.5
vt 0.5 0.5
vt 0.5 0.5
vt 0.5 0.5
vt 0.5 0.5
vt 0.5 0.5
vt 1 0.5
vt 0.9504844546318054 0.28305813670158386
vt 0.8117449283599854 0.10908425599336624
vt 0.6112604737281799 0.012536044232547283
vt 0.38873952627182007 0.012536044232547283
vt 0.18825510144233704 0.10908425599336624
vt 0.04951556771993637 0.28305813670158386
vt 0 0.5
vt 0.04951556771993637 0.7169418931007385
vt 0.18825510144233704 0.8909157514572144
vt 0.38873952627182007 0.9874639511108398
vt 0.6112604737281799 0.9874639511108398
vt 0.8117449283599854 0.8909157514572144
vt 0.9504844546318054 0.7169418931007385
vt 1 0.5
vn 0 0 1
vn 9.634154276251819e-17 0.4338837360855756 0.9009688693625448
vn 1.73601464920868e-16 0.7818314927285933 0.6234897889923936
vn 2.1647748304878302e-16 0.9749279119926021 0.22252093478534796
vn 2.1647748304878302e-16 0.9749279119926021 -0.22252093478534796
vn 1.73601464920868e-16 0.7818314927285933 -0.6234897889923936
vn 9.634154276251819e-17 0.4338837360855756 -0.9009688693625448
vn 2.7192622655495665e-32 1.2246468525851679e-16 -1
vn -9.634154276251819e-17 -0.4338837360855756 -0.9009688693625448
vn -1.73601464920868e-16 -0.7818314927285933 -0.6234897889923936
vn -2.1647748304878302e-16 -0.9749279119926021 -0.22252093478534796
vn -2.1647748304878302e-16 -0.9749279119926021 0.22252093478534796
vn -1.73601464920868e-16 -0.7818314927285933 0.6234897889923936
vn -9.634154276251819e-17 -0.4338837360855756 0.9009688693625448
vn -5.438524531099133e-32 -2.4492937051703357e-16 1
vn 0 0 1
vn 9.634154276251819e-17 0.4338837360855756 0.9009688693625448
vn 1.73601464920868e-16 0.7818314927285933 0.6234897889923936
vn 2.1647748304878302e-16 0.9749279119926021 0.22252093478534796
vn 2.1647748304878302e-16 0.9749279119926021 -0.22252093478534796
vn 1.73601464920868e-16 0.7818314927285933 -0.6234897889923936
vn 9.634154276251819e-17 0.4338837360855756 -0.9009688693625448
vn 2.7192622655495665e-32 1.2246468525851679e-16 -1
vn -9.634154276251819e-17 -0.4338837360855756 -0.9009688693625448
vn -1.73601464920868e-16 -0.7818314927285933 -0.6234897889923936
vn -2.1647748304878302e-16 -0.9749279119926021 -0.22252093478534796
vn -2.1647748304878302e-16 -0.9749279119926021 0.22252093478534796
vn -1.73601464920868e-16 -0.7818314927285933 0.6234897889923936
vn -9.634154276251819e-17 -0.4338837360855756 0.9009688693625448
vn -5.438524531099133e-32 -2.4492937051703357e-16 1
vn -1 2.220446049250313e-16 0
vn -1 2.220446049250313e-16 0
vn -1 2.220446049250313e-16 0
vn -1 2.220446049250313e-16 0
vn -1 2.220446049250313e-16 0
vn -1 2.220446049250313e-16 0
vn -1 2.220446049250313e-16 0
vn -1 2.220446049250313e-16 0
vn -1 2.220446049250313e-16 0
vn -1 2.220446049250313e-16 0
vn -1 2.220446049250313e-16 0
vn -1 2.220446049250313e-16 0
vn -1 2.220446049250313e-16 0
vn -1 2.220446049250313e-16 0
vn -1 2.220446049250313e-16 0
vn -1 2.220446049250313e-16 0
vn -1 2.220446049250313e-16 0
vn -1 2.220446049250313e-16 0
vn -1 2.220446049250313e-16 0
vn -1 2.220446049250313e-16 0
vn -1 2.220446049250313e-16 0
vn -1 2.220446049250313e-16 0
vn -1 2.220446049250313e-16 0
vn -1 2.220446049250313e-16 0
vn -1 2.220446049250313e-16 0
vn -1 2.220446049250313e-16 0
vn -1 2.220446049250313e-16 0
vn -1 2.220446049250313e-16 0
vn -1 2.220446049250313e-16 0
vn 1 -2.220446049250313e-16 0
vn 1 -2.220446049250313e-16 0
vn 1 -2.220446049250313e-16 0
vn 1 -2.220446049250313e-16 0
vn 1 -2.220446049250313e-16 0
vn 1 -2.220446049250313e-16 0
vn 1 -2.220446049250313e-16 0
vn 1 -2.220446049250313e-16 0
vn 1 -2.220446049250313e-16 0
vn 1 -2.220446049250313e-16 0
vn 1 -2.220446049250313e-16 0
vn 1 -2.220446049250313e-16 0
vn 1 -2.220446049250313e-16 0
vn 1 -2.220446049250313e-16 0
vn 1 -2.220446049250313e-16 0
vn 1 -2.220446049250313e-16 0
vn 1 -2.220446049250313e-16 0
vn 1 -2.220446049250313e-16 0
vn 1 -2.220446049250313e-16 0
vn 1 -2.220446049250313e-16 0
vn 1 -2.220446049250313e-16 0
vn 1 -2.220446049250313e-16 0
vn 1 -2.220446049250313e-16 0
vn 1 -2.220446049250313e-16 0
vn 1 -2.220446049250313e-16 0
vn 1 -2.220446049250313e-16 0
vn 1 -2.220446049250313e-16 0
vn 1 -2.220446049250313e-16 0
vn 1 -2.220446049250313e-16 0
f 8185/4030/4030 8200/4045/4045 8186/4031/4031
f 8200/4045/4045 8201/4046/4046 8186/4031/4031
f 8186/4031/4031 8201/4046/4046 8187/4032/4032
f 8201/4046/4046 8202/4047/4047 8187/4032/4032
f 8187/4032/4032 8202/4047/4047 8188/4033/4033
f 8202/4047/4047 8203/4048/4048 8188/4033/4033
f 8188/4033/4033 8203/4048/4048 8189/4034/4034
f 8203/4048/4048 8204/4049/4049 8189/4034/4034
f 8189/4034/4034 8204/4049/4049 8190/4035/4035
f 8204/4049/4049 8205/4050/4050 8190/4035/4035
f 8190/4035/4035 8205/4050/4050 8191/4036/4036
f 8205/4050/4050 8206/4051/4051 8191/4036/4036
f 8191/4036/4036 8206/4051/4051 8192/4037/4037
f 8206/4051/4051 8207/4052/4052 8192/4037/4037
f 8192/4037/4037 8207/4052/4052 8193/4038/4038
f 8207/4052/4052 8208/4053/4053 8193/4038/4038
f 8193/4038/4038 8208/4053/4053 8194/4039/4039
f 8208/4053/4053 8209/4054/4054 8194/4039/4039
f 8194/4039/4039 8209/4054/4054 8195/4040/4040
f 8209/4054/4054 8210/4055/4055 8195/4040/4040
f 8195/4040/4040 8210/4055/4055 8196/4041/4041
f 8210/4055/4055 8211/4056/4056 8196/4041/4041
f 8196/4041/4041 8211/4056/4056 8197/4042/4042
f 8211/4056/4056 8212/4057/4057 8197/4042/4042
f 8197/4042/4042 8212/4057/4057 8198/4043/4043
f 8212/4057/4057 8213/4058/4058 8198/4043/4043
f 8198/4043/4043 8213/4058/4058 8199/4044/4044
f 8213/4058/4058 8214/4059/4059 8199/4044/4044
f 8229/4074/4074 8230/4075/4075 8215/4060/4060
f 8230/4075/4075 8231/4076/4076 8216/4061/4061
f 8231/4076/4076 8232/4077/4077 8217/4062/4062
f 8232/4077/4077 8233/4078/4078 8218/4063/4063
f 8233/4078/4078 8234/4079/4079 8219/4064/4064
f 8234/4079/4079 8235/4080/4080 8220/4065/4065
f 8235/4080/4080 8236/4081/4081 8221/4066/4066
f 8236/4081/4081 8237/4082/4082 8222/4067/4067
f 8237/4082/4082 8238/4083/4083 8223/4068/4068
f 8238/4083/4083 8239/4084/4084 8224/4069/4069
f 8239/4084/4084 8240/4085/4085 8225/4070/4070
f 8240/4085/4085 8241/4086/4086 8226/4071/4071
f 8241/4086/4086 8242/4087/4087 8227/4072/4072
f 8242/4087/4087 8243/4088/4088 8228/4073/4073
f 8259/4104/4104 8258/4103/4103 8244/4089/4089
f 8260/4105/4105 8259/4104/4104 8245/4090/4090
f 8261/4106/4106 8260/4105/4105 8246/4091/4091
f 8262/4107/4107 8261/4106/4106 8247/4092/4092
f 8263/4108/4108 8262/4107/4107 8248/4093/4093
f 8264/4109/4109 8263/4108/4108 8249/4094/4094
f 8265/4110/4110 8264/4109/4109 8250/4095/4095
f 8266/4111/4111 8265/4110/4110 8251/4096/4096
f 8267/4112/4112 8266/4111/4111 8252/4097/4097
f 8268/4113/4113 8267/4112/4112 8253/4098/4098
f 8269/4114/4114 8268/4113/4113 8254/4099/4099
f 8270/4115/4115 8269/4114/4114 8255/4100/4100
f 8271/4116/4116 8270/4115/4115 8256/4101/4101
f 8272/4117/4117 8271/4116/4116 8257/4102/4102
o generador_alternador_aristas
v 19.999999994039534 0.6801651149988176 2.670290672779083
v 20.800000005960463 0.6801651149988174 2.670290672779083
v 19.999999994039534 0.7845494478940965 2.587046945095062
v 20.800000005960463 0.7845494478940963 2.587046945095062
v 19.999999994039534 0.842478382587433 2.4667562782764434
v 20.800000005960463 0.8424783825874328 2.4667562782764434
v 19.999999994039534 0.842478382587433 2.3332437217235564
v 20.800000005960463 0.8424783825874328 2.3332437217235564
v 19.999999994039534 0.7845494478940965 2.2129530549049377
v 20.800000005960463 0.7845494478940963 2.2129530549049377
v 19.999999994039534 0.6801651149988176 2.1297093272209167
v 20.800000005960463 0.6801651149988174 2.1297093272209167
v 19.999999994039534 0.5500000000000002 2.099999988079071
v 20.800000005960463 0.55 2.099999988079071
v 19.999999994039534 0.4198348850011827 2.1297093272209167
v 20.800000005960463 0.4198348850011825 2.1297093272209167
v 19.999999994039534 0.3154505521059038 2.2129530549049377
v 20.800000005960463 0.31545055210590356 2.2129530549049377
v 19.999999994039534 0.2575216174125673 2.3332437217235564
v 20.800000005960463 0.25752161741256707 2.3332437217235564
v 19.999999994039534 0.2575216174125673 2.4667562782764434
v 20.800000005960463 0.25752161741256707 2.4667562782764434
v 19.999999994039534 0.3154505521059038 2.587046945095062
v 20.800000005960463 0.31545055210590356 2.587046945095062
v 19.999999994039534 0.4198348850011827 2.670290672779083
v 20.800000005960463 0.4198348850011825 2.670290672779083
v 20.800000005960463 0.5499999999999999 2.700000011920929
v 19.999999994039534 0.55 2.700000011920929
v 19.999999994039534 0.5500000000000002 2.700000011920929
v 19.999999994039534 0.6801651149988176 2.670290672779083
v 19.999999994039534 0.6801651149988176 2.670290672779083
v 19.999999994039534 0.7845494478940965 2.587046945095062
v 19.999999994039534 0.7845494478940965 2.587046945095062
v 19.999999994039534 0.842478382587433 2.4667562782764434
v 19.999999994039534 0.842478382587433 2.4667562782764434
v 19.999999994039534 0.842478382587433 2.3332437217235564
v 19.999999994039534 0.842478382587433 2.3332437217235564
v 19.999999994039534 0.7845494478940965 2.2129530549049377
v 19.999999994039534 0.7845494478940965 2.2129530549049377
v 19.999999994039534 0.6801651149988176 2.1297093272209167
v 19.999999994039534 0.6801651149988176 2.1297093272209167
v 19.999999994039534 0.5500000000000002 2.099999988079071
v 19.999999994039534 0.5500000000000002 2.099999988079071
v 19.999999994039534 0.4198348850011827 2.1297093272209167
v 19.999999994039534 0.4198348850011827 2.1297093272209167
v 19.999999994039534 0.3154505521059038 2.2129530549049377
v 19.999999994039534 0.3154505521059038 2.2129530549049377
v 19.999999994039534 0.2575216174125673 2.3332437217235564
v 19.999999994039534 0.2575216174125673 2.3332437217235564
v 19.999999994039534 0.2575216174125673 2.4667562782764434
v 19.999999994039534 0.2575216174125673 2.4667562782764434
v 19.999999994039534 0.3154505521059038 2.587046945095062
v 19.999999994039534 0.3154505521059038 2.587046945095062
v 19.999999994039534 0.4198348850011827 2.670290672779083
v 19.999999994039534 0.4198348850011827 2.670290672779083
v 19.999999994039534 0.55 2.700000011920929
v 20.800000005960463 0.6801651149988174 2.670290672779083
v 20.800000005960463 0.5499999999999999 2.700000011920929
v 20.800000005960463 0.7845494478940963 2.587046945095062
v 20.800000005960463 0.6801651149988174 2.670290672779083
v 20.800000005960463 0.8424783825874328 2.4667562782764434
v 20.800000005960463 0.7845494478940963 2.587046945095062
v 20.800000005960463 0.8424783825874328 2.3332437217235564
v 20.800000005960463 0.8424783825874328 2.4667562782764434
v 20.800000005960463 0.7845494478940963 2.2129530549049377
v 20.800000005960463 0.8424783825874328 2.3332437217235564
v 20.800000005960463 0.6801651149988174 2.1297093272209167
v 20.800000005960463 0.7845494478940963 2.2129530549049377
v 20.800000005960463 0.55 2.099999988079071
v 20.800000005960463 0.6801651149988174 2.1297093272209167
v 20.800000005960463 0.4198348850011825 2.1297093272209167
v 20.800000005960463 0.55 2.099999988079071
v 20.800000005960463 0.31545055210590356 2.2129530549049377
v 20.800000005960463 0.4198348850011825 2.1297093272209167
v 20.800000005960463 0.25752161741256707 2.3332437217235564
v 20.800000005960463 0.31545055210590356 2.2129530549049377
v 20.800000005960463 0.25752161741256707 2.4667562782764434
v 20.800000005960463 0.25752161741256707 2.3332437217235564
v 20.800000005960463 0.31545055210590356 2.587046945095062
v 20.800000005960463 0.25752161741256707 2.4667562782764434
v 20.800000005960463 0.4198348850011825 2.670290672779083
v 20.800000005960463 0.31545055210590356 2.587046945095062
v 20.800000005960463 0.5499999999999999 2.700000011920929
v 20.800000005960463 0.4198348850011825 2.670290672779083
l 8273 8274
l 8275 8276
l 8277 8278
l 8279 8280
l 8281 8282
l 8283 8284
l 8285 8286
l 8287 8288
l 8289 8290
l 8291 8292
l 8293 8294
l 8295 8296
l 8297 8298
l 8299 8300
l 8301 8302
l 8303 8304
l 8305 8306
l 8307 8308
l 8309 8310
l 8311 8312
l 8313 8314
l 8315 8316
l 8317 8318
l 8319 8320
l 8321 8322
l 8323 8324
l 8325 8326
l 8327 8328
l 8329 8330
l 8331 8332
l 8333 8334
l 8335 8336
l 8337 8338
l 8339 8340
l 8341 8342
l 8343 8344
l 8345 8346
l 8347 8348
l 8349 8350
l 8351 8352
l 8353 8354
l 8355 8356
o generador_tablero_cuerpo
usemtl relleno_oscuro
v 21.52499999701977 0.5 2.7499999940395354
v 21.52499999701977 0.5 2.0500000059604644
v 21.52499999701977 0 2.7499999940395354
v 21.52499999701977 0 2.0500000059604644
v 21.175000002980234 0.5 2.0500000059604644
v 21.175000002980234 0.5 2.7499999940395354
v 21.175000002980234 0 2.0500000059604644
v 21.175000002980234 0 2.7499999940395354
v 21.175000002980234 0.5 2.0500000059604644
v 21.52499999701977 0.5 2.0500000059604644
v 21.175000002980234 0.5 2.7499999940395354
v 21.52499999701977 0.5 2.7499999940395354
v 21.175000002980234 0 2.7499999940395354
v 21.52499999701977 0 2.7499999940395354
v 21.175000002980234 0 2.0500000059604644
v 21.52499999701977 0 2.0500000059604644
v 21.175000002980234 0.5 2.7499999940395354
v 21.52499999701977 0.5 2.7499999940395354
v 21.175000002980234 0 2.7499999940395354
v 21.52499999701977 0 2.7499999940395354
v 21.52499999701977 0.5 2.0500000059604644
v 21.175000002980234 0.5 2.0500000059604644
v 21.52499999701977 0 2.0500000059604644
v 21.175000002980234 0 2.0500000059604644
vt 0 1
vt 1 1
vt 0 0
vt 1 0
vt 0 1
vt 1 1
vt 0 0
vt 1 0
vt 0 1
vt 1 1
vt 0 0
vt 1 0
vt 0 1
vt 1 1
vt 0 0
vt 1 0
vt 0 1
vt 1 1
vt 0 0
vt 1 0
vt 0 1
vt 1 1
vt 0 0
vt 1 0
vn 1 0 0
vn 1 0 0
vn 1 0 0
vn 1 0 0
vn -1 0 0
vn -1 0 0
vn -1 0 0
vn -1 0 0
vn 0 1 0
vn 0 1 0
vn 0 1 0
vn 0 1 0
vn 0 -1 0
vn 0 -1 0
vn 0 -1 0
vn 0 -1 0
vn 0 0 1
vn 0 0 1
vn 0 0 1
vn 0 0 1
vn 0 0 -1
vn 0 0 -1
vn 0 0 -1
vn 0 0 -1
f 8357/4118/4118 8359/4120/4120 8358/4119/4119
f 8359/4120/4120 8360/4121/4121 8358/4119/4119
f 8361/4122/4122 8363/4124/4124 8362/4123/4123
f 8363/4124/4124 8364/4125/4125 8362/4123/4123
f 8365/4126/4126 8367/4128/4128 8366/4127/4127
f 8367/4128/4128 8368/4129/4129 8366/4127/4127
f 8369/4130/4130 8371/4132/4132 8370/4131/4131
f 8371/4132/4132 8372/4133/4133 8370/4131/4131
f 8373/4134/4134 8375/4136/4136 8374/4135/4135
f 8375/4136/4136 8376/4137/4137 8374/4135/4135
f 8377/4138/4138 8379/4140/4140 8378/4139/4139
f 8379/4140/4140 8380/4141/4141 8378/4139/4139
o generador_tablero_aristas
v 21.175000002980234 0.5 2.0500000059604644
v 21.175000002980234 0.5 2.7499999940395354
v 21.52499999701977 0.5 2.7499999940395354
v 21.52499999701977 0.5 2.0500000059604644
v 21.175000002980234 0 2.7499999940395354
v 21.175000002980234 0 2.0500000059604644
v 21.52499999701977 0 2.0500000059604644
v 21.52499999701977 0 2.7499999940395354
v 21.175000002980234 0.5 2.7499999940395354
v 21.175000002980234 0 2.7499999940395354
v 21.52499999701977 0.5 2.7499999940395354
v 21.175000002980234 0.5 2.7499999940395354
v 21.175000002980234 0 2.7499999940395354
v 21.52499999701977 0 2.7499999940395354
v 21.52499999701977 0 2.7499999940395354
v 21.52499999701977 0.5 2.7499999940395354
v 21.52499999701977 0.5 2.0500000059604644
v 21.52499999701977 0 2.0500000059604644
v 21.175000002980234 0.5 2.0500000059604644
v 21.52499999701977 0.5 2.0500000059604644
v 21.52499999701977 0 2.0500000059604644
v 21.175000002980234 0 2.0500000059604644
v 21.175000002980234 0 2.0500000059604644
v 21.175000002980234 0.5 2.0500000059604644
l 8381 8382
l 8383 8384
l 8385 8386
l 8387 8388
l 8389 8390
l 8391 8392
l 8393 8394
l 8395 8396
l 8397 8398
l 8399 8400
l 8401 8402
l 8403 8404
o guia
v 20.399999618530273 1.0499999523162842 2.4000000953674316
v 20.399999618530273 3.0799999237060547 2.4000000953674316
l 8405 8406 
o 
v 3 0.3499999940395355 -2
v 4.199999809265137 0.3499999940395355 0
v 5.199999809265137 0.3499999940395355 4.599999904632568
v 6.099999904632568 0.3499999940395355 4.599999904632568
l 8407 8408 8409 8410 
o flecha
usemtl lima_solido
v 6.270000001788139 0.35000000000000003 4.6
v 6.270000001788139 0.35000000000000003 4.6
v 6.270000001788139 0.35000000000000003 4.6
v 6.270000001788139 0.35000000000000003 4.6
v 6.270000001788139 0.35000000000000003 4.6
v 6.270000001788139 0.35000000000000003 4.6
v 6.270000001788139 0.35000000000000003 4.6
v 6.270000001788139 0.35000000000000003 4.6
v 6.270000001788139 0.35000000000000003 4.6
v 6.270000001788139 0.35000000000000003 4.6
v 6.270000001788139 0.35000000000000003 4.6
v 5.92999999821186 0.3499999999999999 4.729999995231628
v 5.92999999821186 0.27358791828155515 4.7051722094416615
v 5.92999999821186 0.22636265158653257 4.640172208100557
v 5.92999999821186 0.22636265158653257 4.559827791899442
v 5.92999999821186 0.27358791828155515 4.494827790558338
v 5.92999999821186 0.3499999999999999 4.470000004768371
v 5.92999999821186 0.42641208171844475 4.494827790558338
v 5.92999999821186 0.47363734841346733 4.559827791899442
v 5.92999999821186 0.47363734841346733 4.640172208100557
v 5.92999999821186 0.42641208171844475 4.7051722094416615
v 5.92999999821186 0.35 4.729999995231628
v 5.92999999821186 0.3499999999999999 4.6
v 5.92999999821186 0.3499999999999999 4.6
v 5.92999999821186 0.3499999999999999 4.6
v 5.92999999821186 0.3499999999999999 4.6
v 5.92999999821186 0.3499999999999999 4.6
v 5.92999999821186 0.3499999999999999 4.6
v 5.92999999821186 0.3499999999999999 4.6
v 5.92999999821186 0.3499999999999999 4.6
v 5.92999999821186 0.3499999999999999 4.6
v 5.92999999821186 0.3499999999999999 4.6
v 5.92999999821186 0.3499999999999999 4.729999995231628
v 5.92999999821186 0.27358791828155515 4.7051722094416615
v 5.92999999821186 0.22636265158653257 4.640172208100557
v 5.92999999821186 0.22636265158653257 4.559827791899442
v 5.92999999821186 0.27358791828155515 4.494827790558338
v 5.92999999821186 0.3499999999999999 4.470000004768371
v 5.92999999821186 0.42641208171844475 4.494827790558338
v 5.92999999821186 0.47363734841346733 4.559827791899442
v 5.92999999821186 0.47363734841346733 4.640172208100557
v 5.92999999821186 0.42641208171844475 4.7051722094416615
v 5.92999999821186 0.35 4.729999995231628
vt 0 1
vt 0.10000000149011612 1
vt 0.20000000298023224 1
vt 0.30000001192092896 1
vt 0.4000000059604645 1
vt 0.5 1
vt 0.6000000238418579 1
vt 0.699999988079071 1
vt 0.800000011920929 1
vt 0.8999999761581421 1
vt 1 1
vt 0 0
vt 0.10000000149011612 0
vt 0.20000000298023224 0
vt 0.30000001192092896 0
vt 0.4000000059604645 0
vt 0.5 0
vt 0.6000000238418579 0
vt 0.699999988079071 0
vt 0.800000011920929 0
vt 0.8999999761581421 0
vt 1 0
vt 0.5 0.5
vt 0.5 0.5
vt 0.5 0.5
vt 0.5 0.5
vt 0.5 0.5
vt 0.5 0.5
vt 0.5 0.5
vt 0.5 0.5
vt 0.5 0.5
vt 0.5 0.5
vt 1 0.5
vt 0.9045084714889526 0.20610737800598145
vt 0.6545084714889526 0.024471741169691086
vt 0.345491498708725 0.024471741169691086
vt 0.09549150615930557 0.20610737800598145
vt 0 0.5
vt 0.09549150615930557 0.7938926219940186
vt 0.345491498708725 0.9755282402038574
vt 0.6545084714889526 0.9755282402038574
vt 0.9045084714889526 0.7938926219940186
vt 1 0.5
vn 0.3571374785024132 7.930045031799022e-17 0.934051830172683
vn 0.35713746842606353 -0.5490218950708002 0.7556638057887183
vn 0.3571374791021055 -0.8883360814962236 0.2886378827051776
vn 0.3571374791021055 -0.8883360814962236 -0.2886378827051776
vn 0.35713746842606353 -0.5490218950708002 -0.7556638057887183
vn 0.3571374785024132 -3.508791040020631e-17 -0.934051830172683
vn 0.3571374684260633 0.5490218950708005 -0.7556638057887183
vn 0.3571374791021051 0.8883360814962238 -0.2886378827051776
vn 0.3571374791021051 0.8883360814962238 0.2886378827051776
vn 0.3571374684260633 0.5490218950708005 0.7556638057887183
vn 0.3571374785024132 3.080771717543833e-16 0.934051830172683
vn 0.3571374785024132 7.930045031799022e-17 0.934051830172683
vn 0.35713746842606353 -0.5490218950708002 0.7556638057887183
vn 0.3571374791021055 -0.8883360814962236 0.2886378827051776
vn 0.3571374791021055 -0.8883360814962236 -0.2886378827051776
vn 0.35713746842606353 -0.5490218950708002 -0.7556638057887183
vn 0.3571374785024132 -3.508791040020631e-17 -0.934051830172683
vn 0.3571374684260633 0.5490218950708005 -0.7556638057887183
vn 0.3571374791021051 0.8883360814962238 -0.2886378827051776
vn 0.3571374791021051 0.8883360814962238 0.2886378827051776
vn 0.3571374684260633 0.5490218950708005 0.7556638057887183
vn 0.3571374785024132 3.080771717543833e-16 0.934051830172683
vn -1 -2.2204460492503136e-16 0
vn -1 -2.2204460492503136e-16 0
vn -1 -2.2204460492503136e-16 0
vn -1 -2.2204460492503136e-16 0
vn -1 -2.2204460492503136e-16 0
vn -1 -2.2204460492503136e-16 0
vn -1 -2.2204460492503136e-16 0
vn -1 -2.2204460492503136e-16 0
vn -1 -2.2204460492503136e-16 0
vn -1 -2.2204460492503136e-16 0
vn -1 -2.2204460492503136e-16 0
vn -1 -2.2204460492503136e-16 0
vn -1 -2.2204460492503136e-16 0
vn -1 -2.2204460492503136e-16 0
vn -1 -2.2204460492503136e-16 0
vn -1 -2.2204460492503136e-16 0
vn -1 -2.2204460492503136e-16 0
vn -1 -2.2204460492503136e-16 0
vn -1 -2.2204460492503136e-16 0
vn -1 -2.2204460492503136e-16 0
vn -1 -2.2204460492503136e-16 0
f 8422/4153/4153 8423/4154/4154 8412/4143/4143
f 8423/4154/4154 8424/4155/4155 8413/4144/4144
f 8424/4155/4155 8425/4156/4156 8414/4145/4145
f 8425/4156/4156 8426/4157/4157 8415/4146/4146
f 8426/4157/4157 8427/4158/4158 8416/4147/4147
f 8427/4158/4158 8428/4159/4159 8417/4148/4148
f 8428/4159/4159 8429/4160/4160 8418/4149/4149
f 8429/4160/4160 8430/4161/4161 8419/4150/4150
f 8430/4161/4161 8431/4162/4162 8420/4151/4151
f 8431/4162/4162 8432/4163/4163 8421/4152/4152
f 8444/4175/4175 8443/4174/4174 8433/4164/4164
f 8445/4176/4176 8444/4175/4175 8434/4165/4165
f 8446/4177/4177 8445/4176/4176 8435/4166/4166
f 8447/4178/4178 8446/4177/4177 8436/4167/4167
f 8448/4179/4179 8447/4178/4178 8437/4168/4168
f 8449/4180/4180 8448/4179/4179 8438/4169/4169
f 8450/4181/4181 8449/4180/4180 8439/4170/4170
f 8451/4182/4182 8450/4181/4181 8440/4171/4171
f 8452/4183/4183 8451/4182/4182 8441/4172/4172
f 8453/4184/4184 8452/4183/4183 8442/4173/4173
o 
v 3 0.3499999940395355 3.5999999046325684
v 5.199999809265137 0.3499999940395355 4.599999904632568
l 8454 8455 
o flecha
usemtl lima_solido
v 5.323809842237204 0.35 4.656277201016911
v 5.323809842237204 0.35 4.656277201016911
v 5.323809842237204 0.35 4.656277201016911
v 5.323809842237204 0.35 4.656277201016911
v 5.323809842237204 0.35 4.656277201016911
v 5.323809842237204 0.35 4.656277201016911
v 5.323809842237204 0.35 4.656277201016911
v 5.323809842237204 0.35 4.656277201016911
v 5.323809842237204 0.35 4.656277201016911
v 5.323809842237204 0.35 4.656277201016911
v 5.323809842237204 0.35 4.656277201016911
v 5.037012077008059 0.30696449537120984 4.629914576643511
v 5.054961831865096 0.2595331459238194 4.59042511595803
v 5.081020087980911 0.24665705972073954 4.533096952503235
v 5.105233473685357 0.2732544645064843 4.479827503953455
v 5.11835330056966 0.32916605780481206 4.45096388480799
v 5.115368238517534 0.3930355046287901 4.457531021322667
v 5.097418483660497 0.4404668540761806 4.497020482008148
v 5.071360227544681 0.4533429402792604 4.554348645462943
v 5.047146841840235 0.4267455354935156 4.6076180940127225
v 5.034027014955933 0.3708339421951879 4.6364817131581875
v 5.037012077008059 0.30696449537120984 4.629914576643511
v 5.076190157762796 0.35 4.543722798983088
v 5.076190157762796 0.35 4.543722798983088
v 5.076190157762796 0.35 4.543722798983088
v 5.076190157762796 0.35 4.543722798983088
v 5.076190157762796 0.35 4.543722798983088
v 5.076190157762796 0.35 4.543722798983088
v 5.076190157762796 0.35 4.543722798983088
v 5.076190157762796 0.35 4.543722798983088
v 5.076190157762796 0.35 4.543722798983088
v 5.076190157762796 0.35 4.543722798983088
v 5.037012077008059 0.30696449537120984 4.629914576643511
v 5.054961831865096 0.2595331459238194 4.59042511595803
v 5.081020087980911 0.24665705972073954 4.533096952503235
v 5.105233473685357 0.2732544645064843 4.479827503953455
v 5.11835330056966 0.32916605780481206 4.45096388480799
v 5.115368238517534 0.3930355046287901 4.457531021322667
v 5.097418483660497 0.4404668540761806 4.497020482008148
v 5.071360227544681 0.4533429402792604 4.554348645462943
v 5.047146841840235 0.4267455354935156 4.6076180940127225
v 5.034027014955933 0.3708339421951879 4.6364817131581875
v 5.037012077008059 0.30696449537120984 4.629914576643511
vt 0 1
vt 0.10000000149011612 1
vt 0.20000000298023224 1
vt 0.30000001192092896 1
vt 0.4000000059604645 1
vt 0.5 1
vt 0.6000000238418579 1
vt 0.699999988079071 1
vt 0.800000011920929 1
vt 0.8999999761581421 1
vt 1 1
vt 0 0
vt 0.10000000149011612 0
vt 0.20000000298023224 0
vt 0.30000001192092896 0
vt 0.4000000059604645 0
vt 0.5 0
vt 0.6000000238418579 0
vt 0.699999988079071 0
vt 0.800000011920929 0
vt 0.8999999761581421 0
vt 1 0
vt 0.5 0.5
vt 0.5 0.5
vt 0.5 0.5
vt 0.5 0.5
vt 0.5 0.5
vt 0.5 0.5
vt 0.5 0.5
vt 0.5 0.5
vt 0.5 0.5
vt 0.5 0.5
vt 1 0.5
vt 0.9045084714889526 0.20610737800598145
vt 0.6545084714889526 0.024471741169691086
vt 0.345491498708725 0.024471741169691086
vt 0.09549150615930557 0.20610737800598145
vt 0 0.5
vt 0.09549150615930557 0.7938926219940186
vt 0.345491498708725 0.9755282402038574
vt 0.6545084714889526 0.9755282402038574
vt 0.9045084714889526 0.7938926219940186
vt 1 0.5
vn -0.02674285185942607 -0.3865133974553655 0.9218959884183984
vn 0.13446870552827989 -0.8125070364026579 0.5672305378148453
vn 0.36850488257773517 -0.9281505950149129 0.05235097410586488
vn 0.5859717805062935 -0.6892721836143885 -0.426076201336964
vn 0.70380444961567 -0.1871152209282387 -0.6853080991774139
vn 0.6769948284076632 0.38651339745536545 -0.6263269081691998
vn 0.5157832526736151 0.8125070364026579 -0.27166146590489326
vn 0.2817470950623815 0.9281505950149129 0.24321810663964258
vn 0.0642801971338231 0.6892721836143885 0.7216452820824714
vn -0.053552491413774904 0.1871152209282387 0.9808771710873659
vn -0.026742851859426115 -0.38651339745536534 0.9218959884183984
vn -0.02674285185942607 -0.3865133974553655 0.9218959884183984
vn 0.13446870552827989 -0.8125070364026579 0.5672305378148453
vn 0.36850488257773517 -0.9281505950149129 0.05235097410586488
vn 0.5859717805062935 -0.6892721836143885 -0.426076201336964
vn 0.70380444961567 -0.1871152209282387 -0.6853080991774139
vn 0.6769948284076632 0.38651339745536545 -0.6263269081691998
vn 0.5157832526736151 0.8125070364026579 -0.27166146590489326
vn 0.2817470950623815 0.9281505950149129 0.24321810663964258
vn 0.0642801971338231 0.6892721836143885 0.7216452820824714
vn -0.053552491413774904 0.1871152209282387 0.9808771710873659
vn -0.026742851859426115 -0.38651339745536534 0.9218959884183984
vn -0.9103664774626047 -8.673617379884037e-17 -0.41380294430118375
vn -0.9103664774626047 -8.673617379884037e-17 -0.41380294430118375
vn -0.9103664774626047 -8.673617379884037e-17 -0.41380294430118375
vn -0.9103664774626047 -8.673617379884037e-17 -0.41380294430118375
vn -0.9103664774626047 -8.673617379884037e-17 -0.41380294430118375
vn -0.9103664774626047 -8.673617379884037e-17 -0.41380294430118375
vn -0.9103664774626047 -8.673617379884037e-17 -0.41380294430118375
vn -0.9103664774626047 -8.673617379884037e-17 -0.41380294430118375
vn -0.9103664774626047 -8.673617379884037e-17 -0.41380294430118375
vn -0.9103664774626047 -8.673617379884037e-17 -0.41380294430118375
vn -0.9103664774626047 -8.673617379884037e-17 -0.41380294430118375
vn -0.9103664774626047 -8.673617379884037e-17 -0.41380294430118375
vn -0.9103664774626047 -8.673617379884037e-17 -0.41380294430118375
vn -0.9103664774626047 -8.673617379884037e-17 -0.41380294430118375
vn -0.9103664774626047 -8.673617379884037e-17 -0.41380294430118375
vn -0.9103664774626047 -8.673617379884037e-17 -0.41380294430118375
vn -0.9103664774626047 -8.673617379884037e-17 -0.41380294430118375
vn -0.9103664774626047 -8.673617379884037e-17 -0.41380294430118375
vn -0.9103664774626047 -8.673617379884037e-17 -0.41380294430118375
vn -0.9103664774626047 -8.673617379884037e-17 -0.41380294430118375
vn -0.9103664774626047 -8.673617379884037e-17 -0.41380294430118375
f 8467/4196/4196 8468/4197/4197 8457/4186/4186
f 8468/4197/4197 8469/4198/4198 8458/4187/4187
f 8469/4198/4198 8470/4199/4199 8459/4188/4188
f 8470/4199/4199 8471/4200/4200 8460/4189/4189
f 8471/4200/4200 8472/4201/4201 8461/4190/4190
f 8472/4201/4201 8473/4202/4202 8462/4191/4191
f 8473/4202/4202 8474/4203/4203 8463/4192/4192
f 8474/4203/4203 8475/4204/4204 8464/4193/4193
f 8475/4204/4204 8476/4205/4205 8465/4194/4194
f 8476/4205/4205 8477/4206/4206 8466/4195/4195
f 8489/4218/4218 8488/4217/4217 8478/4207/4207
f 8490/4219/4219 8489/4218/4218 8479/4208/4208
f 8491/4220/4220 8490/4219/4219 8480/4209/4209
f 8492/4221/4221 8491/4220/4220 8481/4210/4210
f 8493/4222/4222 8492/4221/4221 8482/4211/4211
f 8494/4223/4223 8493/4222/4222 8483/4212/4212
f 8495/4224/4224 8494/4223/4223 8484/4213/4213
f 8496/4225/4225 8495/4224/4224 8485/4214/4214
f 8497/4226/4226 8496/4225/4225 8486/4215/4215
f 8498/4227/4227 8497/4226/4226 8487/4216/4216
o separador_bastidor_cuerpo
usemtl relleno_oscuro
v 7.95 0.5 5.049999988079071
v 7.95 0.5 4.150000011920929
v 7.95 0 5.049999988079071
v 7.95 0 4.150000011920929
v 6.45 0.5 4.150000011920929
v 6.45 0.5 5.049999988079071
v 6.45 0 4.150000011920929
v 6.45 0 5.049999988079071
v 6.45 0.5 4.150000011920929
v 7.95 0.5 4.150000011920929
v 6.45 0.5 5.049999988079071
v 7.95 0.5 5.049999988079071
v 6.45 0 5.049999988079071
v 7.95 0 5.049999988079071
v 6.45 0 4.150000011920929
v 7.95 0 4.150000011920929
v 6.45 0.5 5.049999988079071
v 7.95 0.5 5.049999988079071
v 6.45 0 5.049999988079071
v 7.95 0 5.049999988079071
v 7.95 0.5 4.150000011920929
v 6.45 0.5 4.150000011920929
v 7.95 0 4.150000011920929
v 6.45 0 4.150000011920929
vt 0 1
vt 1 1
vt 0 0
vt 1 0
vt 0 1
vt 1 1
vt 0 0
vt 1 0
vt 0 1
vt 1 1
vt 0 0
vt 1 0
vt 0 1
vt 1 1
vt 0 0
vt 1 0
vt 0 1
vt 1 1
vt 0 0
vt 1 0
vt 0 1
vt 1 1
vt 0 0
vt 1 0
vn 1 0 0
vn 1 0 0
vn 1 0 0
vn 1 0 0
vn -1 0 0
vn -1 0 0
vn -1 0 0
vn -1 0 0
vn 0 1 0
vn 0 1 0
vn 0 1 0
vn 0 1 0
vn 0 -1 0
vn 0 -1 0
vn 0 -1 0
vn 0 -1 0
vn 0 0 1
vn 0 0 1
vn 0 0 1
vn 0 0 1
vn 0 0 -1
vn 0 0 -1
vn 0 0 -1
vn 0 0 -1
f 8499/4228/4228 8501/4230/4230 8500/4229/4229
f 8501/4230/4230 8502/4231/4231 8500/4229/4229
f 8503/4232/4232 8505/4234/4234 8504/4233/4233
f 8505/4234/4234 8506/4235/4235 8504/4233/4233
f 8507/4236/4236 8509/4238/4238 8508/4237/4237
f 8509/4238/4238 8510/4239/4239 8508/4237/4237
f 8511/4240/4240 8513/4242/4242 8512/4241/4241
f 8513/4242/4242 8514/4243/4243 8512/4241/4241
f 8515/4244/4244 8517/4246/4246 8516/4245/4245
f 8517/4246/4246 8518/4247/4247 8516/4245/4245
f 8519/4248/4248 8521/4250/4250 8520/4249/4249
f 8521/4250/4250 8522/4251/4251 8520/4249/4249
o separador_bastidor_aristas
v 6.45 0.5 4.150000011920929
v 6.45 0.5 5.049999988079071
v 7.95 0.5 5.049999988079071
v 7.95 0.5 4.150000011920929
v 6.45 0 5.049999988079071
v 6.45 0 4.150000011920929
v 7.95 0 4.150000011920929
v 7.95 0 5.049999988079071
v 6.45 0.5 5.049999988079071
v 6.45 0 5.049999988079071
v 7.95 0.5 5.049999988079071
v 6.45 0.5 5.049999988079071
v 6.45 0 5.049999988079071
v 7.95 0 5.049999988079071
v 7.95 0 5.049999988079071
v 7.95 0.5 5.049999988079071
v 7.95 0.5 4.150000011920929
v 7.95 0 4.150000011920929
v 6.45 0.5 4.150000011920929
v 7.95 0.5 4.150000011920929
v 7.95 0 4.150000011920929
v 6.45 0 4.150000011920929
v 6.45 0 4.150000011920929
v 6.45 0.5 4.150000011920929
l 8523 8524
l 8525 8526
l 8527 8528
l 8529 8530
l 8531 8532
l 8533 8534
l 8535 8536
l 8537 8538
l 8539 8540
l 8541 8542
l 8543 8544
l 8545 8546
o separador_tornillo_cuerpo
usemtl relleno_oscuro
v 6.307595933993186 1.2757529129950185 4.8599999904632565
v 6.34627815672033 1.3817233324964182 4.834251901507377
v 6.377298892885617 1.46670501640495 4.762107348442077
v 6.394514105324107 1.5138663002014046 4.657855442166328
v 6.394514105324107 1.5138663002014046 4.542144557833671
v 6.377298892885617 1.46670501640495 4.437892651557922
v 6.34627815672033 1.3817233324964182 4.365748098492622
v 6.307595933993186 1.2757529129950185 4.340000009536743
v 6.268913711266041 1.1697824934936185 4.365748098492622
v 6.237892975100754 1.0848008095850867 4.437892651557922
v 6.220677762662264 1.0376395257886322 4.542144557833671
v 6.220677762662264 1.0376395257886322 4.657855442166328
v 6.237892975100754 1.0848008095850867 4.762107348442077
v 6.268913711266041 1.1697824934936185 4.834251901507377
v 6.307595933993186 1.2757529129950183 4.8599999904632565
v 8.092404066006814 0.6242470870049815 4.8599999904632565
v 8.13108628873396 0.7302175065063814 4.834251901507377
v 8.162107024899246 0.8151991904149132 4.762107348442077
v 8.179322237337736 0.8623604742113677 4.657855442166328
v 8.179322237337736 0.8623604742113677 4.542144557833671
v 8.162107024899246 0.8151991904149132 4.437892651557922
v 8.13108628873396 0.7302175065063814 4.365748098492622
v 8.092404066006814 0.6242470870049817 4.340000009536743
v 8.05372184327967 0.5182766675035817 4.365748098492622
v 8.022701107114385 0.4332949835950499 4.437892651557922
v 8.005485894675894 0.38613369979859535 4.542144557833671
v 8.005485894675894 0.38613369979859535 4.657855442166328
v 8.022701107114385 0.4332949835950499 4.762107348442077
v 8.05372184327967 0.5182766675035817 4.834251901507377
v 8.092404066006814 0.6242470870049814 4.8599999904632565
v 6.307595933993186 1.2757529129950185 4.6
v 6.307595933993186 1.2757529129950185 4.6
v 6.307595933993186 1.2757529129950185 4.6
v 6.307595933993186 1.2757529129950185 4.6
v 6.307595933993186 1.2757529129950185 4.6
v 6.307595933993186 1.2757529129950185 4.6
v 6.307595933993186 1.2757529129950185 4.6
v 6.307595933993186 1.2757529129950185 4.6
v 6.307595933993186 1.2757529129950185 4.6
v 6.307595933993186 1.2757529129950185 4.6
v 6.307595933993186 1.2757529129950185 4.6
v 6.307595933993186 1.2757529129950185 4.6
v 6.307595933993186 1.2757529129950185 4.6
v 6.307595933993186 1.2757529129950185 4.6
v 6.307595933993186 1.2757529129950185 4.8599999904632565
v 6.34627815672033 1.3817233324964182 4.834251901507377
v 6.377298892885617 1.46670501640495 4.762107348442077
v 6.394514105324107 1.5138663002014046 4.657855442166328
v 6.394514105324107 1.5138663002014046 4.542144557833671
v 6.377298892885617 1.46670501640495 4.437892651557922
v 6.34627815672033 1.3817233324964182 4.365748098492622
v 6.307595933993186 1.2757529129950185 4.340000009536743
v 6.268913711266041 1.1697824934936185 4.365748098492622
v 6.237892975100754 1.0848008095850867 4.437892651557922
v 6.220677762662264 1.0376395257886322 4.542144557833671
v 6.220677762662264 1.0376395257886322 4.657855442166328
v 6.237892975100754 1.0848008095850867 4.762107348442077
v 6.268913711266041 1.1697824934936185 4.834251901507377
v 6.307595933993186 1.2757529129950183 4.8599999904632565
v 8.092404066006814 0.6242470870049815 4.6
v 8.092404066006814 0.6242470870049815 4.6
v 8.092404066006814 0.6242470870049815 4.6
v 8.092404066006814 0.6242470870049815 4.6
v 8.092404066006814 0.6242470870049815 4.6
v 8.092404066006814 0.6242470870049815 4.6
v 8.092404066006814 0.6242470870049815 4.6
v 8.092404066006814 0.6242470870049815 4.6
v 8.092404066006814 0.6242470870049815 4.6
v 8.092404066006814 0.6242470870049815 4.6
v 8.092404066006814 0.6242470870049815 4.6
v 8.092404066006814 0.6242470870049815 4.6
v 8.092404066006814 0.6242470870049815 4.6
v 8.092404066006814 0.6242470870049815 4.6
v 8.092404066006814 0.6242470870049815 4.8599999904632565
v 8.13108628873396 0.7302175065063814 4.834251901507377
v 8.162107024899246 0.8151991904149132 4.762107348442077
v 8.179322237337736 0.8623604742113677 4.657855442166328
v 8.179322237337736 0.8623604742113677 4.542144557833671
v 8.162107024899246 0.8151991904149132 4.437892651557922
v 8.13108628873396 0.7302175065063814 4.365748098492622
v 8.092404066006814 0.6242470870049817 4.340000009536743
v 8.05372184327967 0.5182766675035817 4.365748098492622
v 8.022701107114385 0.4332949835950499 4.437892651557922
v 8.005485894675894 0.38613369979859535 4.542144557833671
v 8.005485894675894 0.38613369979859535 4.657855442166328
v 8.022701107114385 0.4332949835950499 4.762107348442077
v 8.05372184327967 0.5182766675035817 4.834251901507377
v 8.092404066006814 0.6242470870049814 4.8599999904632565
vt 0 1
vt 0.0714285746216774 1
vt 0.1428571492433548 1
vt 0.2142857164144516 1
vt 0.2857142984867096 1
vt 0.3571428656578064 1
vt 0.4285714328289032 1
vt 0.5 1
vt 0.5714285969734192 1
vt 0.6428571343421936 1
vt 0.7142857313156128 1
vt 0.7857142686843872 1
vt 0.8571428656578064 1
vt 0.9285714030265808 1
vt 1 1
vt 0 0
vt 0.0714285746216774 0
vt 0.1428571492433548 0
vt 0.2142857164144516 0
vt 0.2857142984867096 0
vt 0.3571428656578064 0
vt 0.4285714328289032 0
vt 0.5 0
vt 0.5714285969734192 0
vt 0.6428571343421936 0
vt 0.7142857313156128 0
vt 0.7857142686843872 0
vt 0.8571428656578064 0
vt 0.9285714030265808 0
vt 1 0
vt 0.5 0.5
vt 0.5 0.5
vt 0.5 0.5
vt 0.5 0.5
vt 0.5 0.5
vt 0.5 0.5
vt 0.5 0.5
vt 0.5 0.5
vt 0.5 0.5
vt 0.5 0.5
vt 0.5 0.5
vt 0.5 0.5
vt 0.5 0.5
vt 0.5 0.5
vt 1 0.5
vt 0.9504844546318054 0.7169418931007385
vt 0.8117449283599854 0.8909157514572144
vt 0.6112604737281799 0.9874639511108398
vt 0.38873952627182007 0.9874639511108398
vt 0.18825510144233704 0.8909157514572144
vt 0.04951556771993637 0.7169418931007385
vt 0 0.5
vt 0.04951556771993637 0.28305813670158386
vt 0.18825510144233704 0.10908425599336624
vt 0.38873952627182007 0.012536044232547283
vt 0.6112604737281799 0.012536044232547283
vt 0.8117449283599854 0.10908425599336624
vt 0.9504844546318054 0.28305813670158386
vt 1 0.5
vt 0.5 0.5
vt 0.5 0.5
vt 0.5 0.5
vt 0.5 0.5
vt 0.5 0.5
vt 0.5 0.5
vt 0.5 0.5
vt 0.5 0.5
vt 0.5 0.5
vt 0.5 0.5
vt 0.5 0.5
vt 0.5 0.5
vt 0.5 0.5
vt 0.5 0.5
vt 1 0.5
vt 0.9504844546318054 0.28305813670158386
vt 0.8117449283599854 0.10908425599336624
vt 0.6112604737281799 0.012536044232547283
vt 0.38873952627182007 0.012536044232547283
vt 0.18825510144233704 0.10908425599336624
vt 0.04951556771993637 0.28305813670158386
vt 0 0.5
vt 0.04951556771993637 0.7169418931007385
vt 0.18825510144233704 0.8909157514572144
vt 0.38873952627182007 0.9874639511108398
vt 0.6112604737281799 0.9874639511108398
vt 0.8117449283599854 0.8909157514572144
vt 0.9504844546318054 0.7169418931007385
vt 1 0.5
vn 0 0 1
vn 0.1487777817943236 0.4075785422270633 0.9009688693625448
vn 0.26808830465625727 0.7344311703139744 0.6234897889923936
vn 0.33430064344938454 0.9158206775191213 0.222520934785348
vn 0.33430064344938454 0.9158206775191213 -0.222520934785348
vn 0.26808830465625727 0.7344311703139744 -0.6234897889923936
vn 0.1487777817943236 0.4075785422270633 -0.9009688693625448
vn 4.1992872065867336e-17 1.150399836192933e-16 -1
vn -0.1487777817943236 -0.4075785422270633 -0.9009688693625448
vn -0.26808830465625727 -0.7344311703139744 -0.6234897889923936
vn -0.33430064344938454 -0.9158206775191213 -0.222520934785348
vn -0.33430064344938454 -0.9158206775191213 0.222520934785348
vn -0.26808830465625727 -0.7344311703139744 0.6234897889923936
vn -0.1487777817943236 -0.4075785422270633 0.9009688693625448
vn -8.398574413173467e-17 -2.300799672385866e-16 1
vn 0 0 1
vn 0.1487777817943236 0.4075785422270633 0.9009688693625448
vn 0.26808830465625727 0.7344311703139744 0.6234897889923936
vn 0.33430064344938454 0.9158206775191213 0.222520934785348
vn 0.33430064344938454 0.9158206775191213 -0.222520934785348
vn 0.26808830465625727 0.7344311703139744 -0.6234897889923936
vn 0.1487777817943236 0.4075785422270633 -0.9009688693625448
vn 4.1992872065867336e-17 1.150399836192933e-16 -1
vn -0.1487777817943236 -0.4075785422270633 -0.9009688693625448
vn -0.26808830465625727 -0.7344311703139744 -0.6234897889923936
vn -0.33430064344938454 -0.9158206775191213 -0.222520934785348
vn -0.33430064344938454 -0.9158206775191213 0.222520934785348
vn -0.26808830465625727 -0.7344311703139744 0.6234897889923936
vn -0.1487777817943236 -0.4075785422270633 0.9009688693625448
vn -8.398574413173467e-17 -2.300799672385866e-16 1
vn -0.939372712847379 0.3428978074554514 0
vn -0.939372712847379 0.3428978074554514 0
vn -0.939372712847379 0.3428978074554514 0
vn -0.939372712847379 0.3428978074554514 0
vn -0.939372712847379 0.3428978074554514 0
vn -0.939372712847379 0.3428978074554514 0
vn -0.939372712847379 0.3428978074554514 0
vn -0.939372712847379 0.3428978074554514 0
vn -0.939372712847379 0.3428978074554514 0
vn -0.939372712847379 0.3428978074554514 0
vn -0.939372712847379 0.3428978074554514 0
vn -0.939372712847379 0.3428978074554514 0
vn -0.939372712847379 0.3428978074554514 0
vn -0.939372712847379 0.3428978074554514 0
vn -0.939372712847379 0.3428978074554514 0
vn -0.939372712847379 0.3428978074554514 0
vn -0.939372712847379 0.3428978074554514 0
vn -0.939372712847379 0.3428978074554514 0
vn -0.939372712847379 0.3428978074554514 0
vn -0.939372712847379 0.3428978074554514 0
vn -0.939372712847379 0.3428978074554514 0
vn -0.939372712847379 0.3428978074554514 0
vn -0.939372712847379 0.3428978074554514 0
vn -0.939372712847379 0.3428978074554514 0
vn -0.939372712847379 0.3428978074554514 0
vn -0.939372712847379 0.3428978074554514 0
vn -0.939372712847379 0.3428978074554514 0
vn -0.939372712847379 0.3428978074554514 0
vn -0.939372712847379 0.3428978074554514 0
vn 0.939372712847379 -0.3428978074554514 0
vn 0.939372712847379 -0.3428978074554514 0
vn 0.939372712847379 -0.3428978074554514 0
vn 0.939372712847379 -0.3428978074554514 0
vn 0.939372712847379 -0.3428978074554514 0
vn 0.939372712847379 -0.3428978074554514 0
vn 0.939372712847379 -0.3428978074554514 0
vn 0.939372712847379 -0.3428978074554514 0
vn 0.939372712847379 -0.3428978074554514 0
vn 0.939372712847379 -0.3428978074554514 0
vn 0.939372712847379 -0.3428978074554514 0
vn 0.939372712847379 -0.3428978074554514 0
vn 0.939372712847379 -0.3428978074554514 0
vn 0.939372712847379 -0.3428978074554514 0
vn 0.939372712847379 -0.3428978074554514 0
vn 0.939372712847379 -0.3428978074554514 0
vn 0.939372712847379 -0.3428978074554514 0
vn 0.939372712847379 -0.3428978074554514 0
vn 0.939372712847379 -0.3428978074554514 0
vn 0.939372712847379 -0.3428978074554514 0
vn 0.939372712847379 -0.3428978074554514 0
vn 0.939372712847379 -0.3428978074554514 0
vn 0.939372712847379 -0.3428978074554514 0
vn 0.939372712847379 -0.3428978074554514 0
vn 0.939372712847379 -0.3428978074554514 0
vn 0.939372712847379 -0.3428978074554514 0
vn 0.939372712847379 -0.3428978074554514 0
vn 0.939372712847379 -0.3428978074554514 0
vn 0.939372712847379 -0.3428978074554514 0
f 8547/4252/4252 8562/4267/4267 8548/4253/4253
f 8562/4267/4267 8563/4268/4268 8548/4253/4253
f 8548/4253/4253 8563/4268/4268 8549/4254/4254
f 8563/4268/4268 8564/4269/4269 8549/4254/4254
f 8549/4254/4254 8564/4269/4269 8550/4255/4255
f 8564/4269/4269 8565/4270/4270 8550/4255/4255
f 8550/4255/4255 8565/4270/4270 8551/4256/4256
f 8565/4270/4270 8566/4271/4271 8551/4256/4256
f 8551/4256/4256 8566/4271/4271 8552/4257/4257
f 8566/4271/4271 8567/4272/4272 8552/4257/4257
f 8552/4257/4257 8567/4272/4272 8553/4258/4258
f 8567/4272/4272 8568/4273/4273 8553/4258/4258
f 8553/4258/4258 8568/4273/4273 8554/4259/4259
f 8568/4273/4273 8569/4274/4274 8554/4259/4259
f 8554/4259/4259 8569/4274/4274 8555/4260/4260
f 8569/4274/4274 8570/4275/4275 8555/4260/4260
f 8555/4260/4260 8570/4275/4275 8556/4261/4261
f 8570/4275/4275 8571/4276/4276 8556/4261/4261
f 8556/4261/4261 8571/4276/4276 8557/4262/4262
f 8571/4276/4276 8572/4277/4277 8557/4262/4262
f 8557/4262/4262 8572/4277/4277 8558/4263/4263
f 8572/4277/4277 8573/4278/4278 8558/4263/4263
f 8558/4263/4263 8573/4278/4278 8559/4264/4264
f 8573/4278/4278 8574/4279/4279 8559/4264/4264
f 8559/4264/4264 8574/4279/4279 8560/4265/4265
f 8574/4279/4279 8575/4280/4280 8560/4265/4265
f 8560/4265/4265 8575/4280/4280 8561/4266/4266
f 8575/4280/4280 8576/4281/4281 8561/4266/4266
f 8591/4296/4296 8592/4297/4297 8577/4282/4282
f 8592/4297/4297 8593/4298/4298 8578/4283/4283
f 8593/4298/4298 8594/4299/4299 8579/4284/4284
f 8594/4299/4299 8595/4300/4300 8580/4285/4285
f 8595/4300/4300 8596/4301/4301 8581/4286/4286
f 8596/4301/4301 8597/4302/4302 8582/4287/4287
f 8597/4302/4302 8598/4303/4303 8583/4288/4288
f 8598/4303/4303 8599/4304/4304 8584/4289/4289
f 8599/4304/4304 8600/4305/4305 8585/4290/4290
f 8600/4305/4305 8601/4306/4306 8586/4291/4291
f 8601/4306/4306 8602/4307/4307 8587/4292/4292
f 8602/4307/4307 8603/4308/4308 8588/4293/4293
f 8603/4308/4308 8604/4309/4309 8589/4294/4294
f 8604/4309/4309 8605/4310/4310 8590/4295/4295
f 8621/4326/4326 8620/4325/4325 8606/4311/4311
f 8622/4327/4327 8621/4326/4326 8607/4312/4312
f 8623/4328/4328 8622/4327/4327 8608/4313/4313
f 8624/4329/4329 8623/4328/4328 8609/4314/4314
f 8625/4330/4330 8624/4329/4329 8610/4315/4315
f 8626/4331/4331 8625/4330/4330 8611/4316/4316
f 8627/4332/4332 8626/4331/4331 8612/4317/4317
f 8628/4333/4333 8627/4332/4332 8613/4318/4318
f 8629/4334/4334 8628/4333/4333 8614/4319/4319
f 8630/4335/4335 8629/4334/4334 8615/4320/4320
f 8631/4336/4336 8630/4335/4335 8616/4321/4321
f 8632/4337/4337 8631/4336/4336 8617/4322/4322
f 8633/4338/4338 8632/4337/4337 8618/4323/4323
f 8634/4339/4339 8633/4338/4338 8619/4324/4324
o separador_tornillo_aristas
v 6.34627815672033 1.3817233324964182 4.834251901507377
v 8.13108628873396 0.7302175065063814 4.834251901507377
v 6.377298892885617 1.46670501640495 4.762107348442077
v 8.162107024899246 0.8151991904149132 4.762107348442077
v 6.394514105324107 1.5138663002014046 4.657855442166328
v 8.179322237337736 0.8623604742113677 4.657855442166328
v 6.394514105324107 1.5138663002014046 4.542144557833671
v 8.179322237337736 0.8623604742113677 4.542144557833671
v 6.377298892885617 1.46670501640495 4.437892651557922
v 8.162107024899246 0.8151991904149132 4.437892651557922
v 6.34627815672033 1.3817233324964182 4.365748098492622
v 8.13108628873396 0.7302175065063814 4.365748098492622
v 6.307595933993186 1.2757529129950185 4.340000009536743
v 8.092404066006814 0.6242470870049817 4.340000009536743
v 6.268913711266041 1.1697824934936185 4.365748098492622
v 8.05372184327967 0.5182766675035817 4.365748098492622
v 6.237892975100754 1.0848008095850867 4.437892651557922
v 8.022701107114385 0.4332949835950499 4.437892651557922
v 6.220677762662264 1.0376395257886322 4.542144557833671
v 8.005485894675894 0.38613369979859535 4.542144557833671
v 6.220677762662264 1.0376395257886322 4.657855442166328
v 8.005485894675894 0.38613369979859535 4.657855442166328
v 6.237892975100754 1.0848008095850867 4.762107348442077
v 8.022701107114385 0.4332949835950499 4.762107348442077
v 6.268913711266041 1.1697824934936185 4.834251901507377
v 8.05372184327967 0.5182766675035817 4.834251901507377
v 8.092404066006814 0.6242470870049814 4.8599999904632565
v 6.307595933993186 1.2757529129950183 4.8599999904632565
v 6.307595933993186 1.2757529129950185 4.8599999904632565
v 6.34627815672033 1.3817233324964182 4.834251901507377
v 6.34627815672033 1.3817233324964182 4.834251901507377
v 6.377298892885617 1.46670501640495 4.762107348442077
v 6.377298892885617 1.46670501640495 4.762107348442077
v 6.394514105324107 1.5138663002014046 4.657855442166328
v 6.394514105324107 1.5138663002014046 4.657855442166328
v 6.394514105324107 1.5138663002014046 4.542144557833671
v 6.394514105324107 1.5138663002014046 4.542144557833671
v 6.377298892885617 1.46670501640495 4.437892651557922
v 6.377298892885617 1.46670501640495 4.437892651557922
v 6.34627815672033 1.3817233324964182 4.365748098492622
v 6.34627815672033 1.3817233324964182 4.365748098492622
v 6.307595933993186 1.2757529129950185 4.340000009536743
v 6.307595933993186 1.2757529129950185 4.340000009536743
v 6.268913711266041 1.1697824934936185 4.365748098492622
v 6.268913711266041 1.1697824934936185 4.365748098492622
v 6.237892975100754 1.0848008095850867 4.437892651557922
v 6.237892975100754 1.0848008095850867 4.437892651557922
v 6.220677762662264 1.0376395257886322 4.542144557833671
v 6.220677762662264 1.0376395257886322 4.542144557833671
v 6.220677762662264 1.0376395257886322 4.657855442166328
v 6.220677762662264 1.0376395257886322 4.657855442166328
v 6.237892975100754 1.0848008095850867 4.762107348442077
v 6.237892975100754 1.0848008095850867 4.762107348442077
v 6.268913711266041 1.1697824934936185 4.834251901507377
v 6.268913711266041 1.1697824934936185 4.834251901507377
v 6.307595933993186 1.2757529129950183 4.8599999904632565
v 8.13108628873396 0.7302175065063814 4.834251901507377
v 8.092404066006814 0.6242470870049815 4.8599999904632565
v 8.162107024899246 0.8151991904149132 4.762107348442077
v 8.13108628873396 0.7302175065063814 4.834251901507377
v 8.179322237337736 0.8623604742113677 4.657855442166328
v 8.162107024899246 0.8151991904149132 4.762107348442077
v 8.179322237337736 0.8623604742113677 4.542144557833671
v 8.179322237337736 0.8623604742113677 4.657855442166328
v 8.162107024899246 0.8151991904149132 4.437892651557922
v 8.179322237337736 0.8623604742113677 4.542144557833671
v 8.13108628873396 0.7302175065063814 4.365748098492622
v 8.162107024899246 0.8151991904149132 4.437892651557922
v 8.092404066006814 0.6242470870049817 4.340000009536743
v 8.13108628873396 0.7302175065063814 4.365748098492622
v 8.05372184327967 0.5182766675035817 4.365748098492622
v 8.092404066006814 0.6242470870049817 4.340000009536743
v 8.022701107114385 0.4332949835950499 4.437892651557922
v 8.05372184327967 0.5182766675035817 4.365748098492622
v 8.005485894675894 0.38613369979859535 4.542144557833671
v 8.022701107114385 0.4332949835950499 4.437892651557922
v 8.005485894675894 0.38613369979859535 4.657855442166328
v 8.005485894675894 0.38613369979859535 4.542144557833671
v 8.022701107114385 0.4332949835950499 4.762107348442077
v 8.005485894675894 0.38613369979859535 4.657855442166328
v 8.05372184327967 0.5182766675035817 4.834251901507377
v 8.022701107114385 0.4332949835950499 4.762107348442077
v 8.092404066006814 0.6242470870049814 4.8599999904632565
v 8.05372184327967 0.5182766675035817 4.834251901507377
l 8635 8636
l 8637 8638
l 8639 8640
l 8641 8642
l 8643 8644
l 8645 8646
l 8647 8648
l 8649 8650
l 8651 8652
l 8653 8654
l 8655 8656
l 8657 8658
l 8659 8660
l 8661 8662
l 8663 8664
l 8665 8666
l 8667 8668
l 8669 8670
l 8671 8672
l 8673 8674
l 8675 8676
l 8677 8678
l 8679 8680
l 8681 8682
l 8683 8684
l 8685 8686
l 8687 8688
l 8689 8690
l 8691 8692
l 8693 8694
l 8695 8696
l 8697 8698
l 8699 8700
l 8701 8702
l 8703 8704
l 8705 8706
l 8707 8708
l 8709 8710
l 8711 8712
l 8713 8714
l 8715 8716
l 8717 8718
o separador_tolva_cuerpo
usemtl relleno_oscuro
v 6.75 1.0500000029802323 4.85
v 6.75 1.0500000029802323 4.35
v 6.75 0.6499999970197677 4.85
v 6.75 0.6499999970197677 4.35
v 6.25 1.0500000029802323 4.35
v 6.25 1.0500000029802323 4.85
v 6.25 0.6499999970197677 4.35
v 6.25 0.6499999970197677 4.85
v 6.25 1.0500000029802323 4.35
v 6.75 1.0500000029802323 4.35
v 6.25 1.0500000029802323 4.85
v 6.75 1.0500000029802323 4.85
v 6.25 0.6499999970197677 4.85
v 6.75 0.6499999970197677 4.85
v 6.25 0.6499999970197677 4.35
v 6.75 0.6499999970197677 4.35
v 6.25 1.0500000029802323 4.85
v 6.75 1.0500000029802323 4.85
v 6.25 0.6499999970197677 4.85
v 6.75 0.6499999970197677 4.85
v 6.75 1.0500000029802323 4.35
v 6.25 1.0500000029802323 4.35
v 6.75 0.6499999970197677 4.35
v 6.25 0.6499999970197677 4.35
vt 0 1
vt 1 1
vt 0 0
vt 1 0
vt 0 1
vt 1 1
vt 0 0
vt 1 0
vt 0 1
vt 1 1
vt 0 0
vt 1 0
vt 0 1
vt 1 1
vt 0 0
vt 1 0
vt 0 1
vt 1 1
vt 0 0
vt 1 0
vt 0 1
vt 1 1
vt 0 0
vt 1 0
vn 1 0 0
vn 1 0 0
vn 1 0 0
vn 1 0 0
vn -1 0 0
vn -1 0 0
vn -1 0 0
vn -1 0 0
vn 0 1 0
vn 0 1 0
vn 0 1 0
vn 0 1 0
vn 0 -1 0
vn 0 -1 0
vn 0 -1 0
vn 0 -1 0
vn 0 0 1
vn 0 0 1
vn 0 0 1
vn 0 0 1
vn 0 0 -1
vn 0 0 -1
vn 0 0 -1
vn 0 0 -1
f 8719/4340/4340 8721/4342/4342 8720/4341/4341
f 8721/4342/4342 8722/4343/4343 8720/4341/4341
f 8723/4344/4344 8725/4346/4346 8724/4345/4345
f 8725/4346/4346 8726/4347/4347 8724/4345/4345
f 8727/4348/4348 8729/4350/4350 8728/4349/4349
f 8729/4350/4350 8730/4351/4351 8728/4349/4349
f 8731/4352/4352 8733/4354/4354 8732/4353/4353
f 8733/4354/4354 8734/4355/4355 8732/4353/4353
f 8735/4356/4356 8737/4358/4358 8736/4357/4357
f 8737/4358/4358 8738/4359/4359 8736/4357/4357
f 8739/4360/4360 8741/4362/4362 8740/4361/4361
f 8741/4362/4362 8742/4363/4363 8740/4361/4361
o separador_tolva_aristas
v 6.25 1.0500000029802323 4.35
v 6.25 1.0500000029802323 4.85
v 6.75 1.0500000029802323 4.85
v 6.75 1.0500000029802323 4.35
v 6.25 0.6499999970197677 4.85
v 6.25 0.6499999970197677 4.35
v 6.75 0.6499999970197677 4.35
v 6.75 0.6499999970197677 4.85
v 6.25 1.0500000029802323 4.85
v 6.25 0.6499999970197677 4.85
v 6.75 1.0500000029802323 4.85
v 6.25 1.0500000029802323 4.85
v 6.25 0.6499999970197677 4.85
v 6.75 0.6499999970197677 4.85
v 6.75 0.6499999970197677 4.85
v 6.75 1.0500000029802323 4.85
v 6.75 1.0500000029802323 4.35
v 6.75 0.6499999970197677 4.35
v 6.25 1.0500000029802323 4.35
v 6.75 1.0500000029802323 4.35
v 6.75 0.6499999970197677 4.35
v 6.25 0.6499999970197677 4.35
v 6.25 0.6499999970197677 4.35
v 6.25 1.0500000029802323 4.35
l 8743 8744
l 8745 8746
l 8747 8748
l 8749 8750
l 8751 8752
l 8753 8754
l 8755 8756
l 8757 8758
l 8759 8760
l 8761 8762
l 8763 8764
l 8765 8766
o guia
v 7.199999809265137 1.600000023841858 4.599999904632568
v 7.199999809265137 3.2799999713897705 4.599999904632568
l 8767 8768 
o 
v 8.149999618530273 1.25 4.599999904632568
v 8.899999618530273 0.4000000059604645 4.599999904632568
v 9.600000381469727 0.4000000059604645 4.599999904632568
l 8769 8770 8771 
o flecha
usemtl lima_solido
v 9.736000001430511 0.4000000000000001 4.6
v 9.736000001430511 0.4000000000000001 4.6
v 9.736000001430511 0.4000000000000001 4.6
v 9.736000001430511 0.4000000000000001 4.6
v 9.736000001430511 0.4000000000000001 4.6
v 9.736000001430511 0.4000000000000001 4.6
v 9.736000001430511 0.4000000000000001 4.6
v 9.736000001430511 0.4000000000000001 4.6
v 9.736000001430511 0.4000000000000001 4.6
v 9.736000001430511 0.4000000000000001 4.6
v 9.736000001430511 0.4000000000000001 4.6
v 9.463999998569488 0.39999999999999997 4.703999996185303
v 9.463999998569488 0.33887033462524413 4.684137767553329
v 9.463999998569488 0.3010901212692261 4.6321377664804455
v 9.463999998569488 0.3010901212692261 4.567862233519554
v 9.463999998569488 0.33887033462524413 4.51586223244667
v 9.463999998569488 0.39999999999999997 4.4960000038146966
v 9.463999998569488 0.46112966537475586 4.51586223244667
v 9.463999998569488 0.4989098787307739 4.567862233519554
v 9.463999998569488 0.4989098787307739 4.6321377664804455
v 9.463999998569488 0.46112966537475586 4.684137767553329
v 9.463999998569488 0.4 4.703999996185303
v 9.463999998569488 0.39999999999999997 4.6
v 9.463999998569488 0.39999999999999997 4.6
v 9.463999998569488 0.39999999999999997 4.6
v 9.463999998569488 0.39999999999999997 4.6
v 9.463999998569488 0.39999999999999997 4.6
v 9.463999998569488 0.39999999999999997 4.6
v 9.463999998569488 0.39999999999999997 4.6
v 9.463999998569488 0.39999999999999997 4.6
v 9.463999998569488 0.39999999999999997 4.6
v 9.463999998569488 0.39999999999999997 4.6
v 9.463999998569488 0.39999999999999997 4.703999996185303
v 9.463999998569488 0.33887033462524413 4.684137767553329
v 9.463999998569488 0.3010901212692261 4.6321377664804455
v 9.463999998569488 0.3010901212692261 4.567862233519554
v 9.463999998569488 0.33887033462524413 4.51586223244667
v 9.463999998569488 0.39999999999999997 4.4960000038146966
v 9.463999998569488 0.46112966537475586 4.51586223244667
v 9.463999998569488 0.4989098787307739 4.567862233519554
v 9.463999998569488 0.4989098787307739 4.6321377664804455
v 9.463999998569488 0.46112966537475586 4.684137767553329
v 9.463999998569488 0.4 4.703999996185303
vt 0 1
vt 0.10000000149011612 1
vt 0.20000000298023224 1
vt 0.30000001192092896 1
vt 0.4000000059604645 1
vt 0.5 1
vt 0.6000000238418579 1
vt 0.699999988079071 1
vt 0.800000011920929 1
vt 0.8999999761581421 1
vt 1 1
vt 0 0
vt 0.10000000149011612 0
vt 0.20000000298023224 0
vt 0.30000001192092896 0
vt 0.4000000059604645 0
vt 0.5 0
vt 0.6000000238418579 0
vt 0.699999988079071 0
vt 0.800000011920929 0
vt 0.8999999761581421 0
vt 1 0
vt 0.5 0.5
vt 0.5 0.5
vt 0.5 0.5
vt 0.5 0.5
vt 0.5 0.5
vt 0.5 0.5
vt 0.5 0.5
vt 0.5 0.5
vt 0.5 0.5
vt 0.5 0.5
vt 1 0.5
vt 0.9045084714889526 0.20610737800598145
vt 0.6545084714889526 0.024471741169691086
vt 0.345491498708725 0.024471741169691086
vt 0.09549150615930557 0.20610737800598145
vt 0 0.5
vt 0.09549150615930557 0.7938926219940186
vt 0.345491498708725 0.9755282402038574
vt 0.6545084714889526 0.9755282402038574
vt 0.9045084714889526 0.7938926219940186
vt 1 0.5
vn 0.3571374785024131 7.930045031799018e-17 0.9340518301726829
vn 0.3571374684260635 -0.5490218950708002 0.7556638057887184
vn 0.35713747910210547 -0.8883360814962237 0.28863788270517765
vn 0.35713747910210547 -0.8883360814962237 -0.28863788270517765
vn 0.3571374684260635 -0.5490218950708002 -0.7556638057887184
vn 0.3571374785024131 -3.508791040020632e-17 -0.9340518301726829
vn 0.35713746842606325 0.5490218950708003 -0.7556638057887184
vn 0.3571374791021052 0.8883360814962238 -0.2886378827051777
vn 0.3571374791021052 0.8883360814962238 0.2886378827051777
vn 0.35713746842606325 0.5490218950708003 0.7556638057887184
vn 0.3571374785024131 3.080771717543832e-16 0.9340518301726829
vn 0.3571374785024131 7.930045031799018e-17 0.9340518301726829
vn 0.3571374684260635 -0.5490218950708002 0.7556638057887184
vn 0.35713747910210547 -0.8883360814962237 0.28863788270517765
vn 0.35713747910210547 -0.8883360814962237 -0.28863788270517765
vn 0.3571374684260635 -0.5490218950708002 -0.7556638057887184
vn 0.3571374785024131 -3.508791040020632e-17 -0.9340518301726829
vn 0.35713746842606325 0.5490218950708003 -0.7556638057887184
vn 0.3571374791021052 0.8883360814962238 -0.2886378827051777
vn 0.3571374791021052 0.8883360814962238 0.2886378827051777
vn 0.35713746842606325 0.5490218950708003 0.7556638057887184
vn 0.3571374785024131 3.080771717543832e-16 0.9340518301726829
vn -1 -2.220446049250313e-16 0
vn -1 -2.220446049250313e-16 0
vn -1 -2.220446049250313e-16 0
vn -1 -2.220446049250313e-16 0
vn -1 -2.220446049250313e-16 0
vn -1 -2.220446049250313e-16 0
vn -1 -2.220446049250313e-16 0
vn -1 -2.220446049250313e-16 0
vn -1 -2.220446049250313e-16 0
vn -1 -2.220446049250313e-16 0
vn -1 -2.220446049250313e-16 0
vn -1 -2.220446049250313e-16 0
vn -1 -2.220446049250313e-16 0
vn -1 -2.220446049250313e-16 0
vn -1 -2.220446049250313e-16 0
vn -1 -2.220446049250313e-16 0
vn -1 -2.220446049250313e-16 0
vn -1 -2.220446049250313e-16 0
vn -1 -2.220446049250313e-16 0
vn -1 -2.220446049250313e-16 0
vn -1 -2.220446049250313e-16 0
f 8783/4375/4375 8784/4376/4376 8773/4365/4365
f 8784/4376/4376 8785/4377/4377 8774/4366/4366
f 8785/4377/4377 8786/4378/4378 8775/4367/4367
f 8786/4378/4378 8787/4379/4379 8776/4368/4368
f 8787/4379/4379 8788/4380/4380 8777/4369/4369
f 8788/4380/4380 8789/4381/4381 8778/4370/4370
f 8789/4381/4381 8790/4382/4382 8779/4371/4371
f 8790/4382/4382 8791/4383/4383 8780/4372/4372
f 8791/4383/4383 8792/4384/4384 8781/4373/4373
f 8792/4384/4384 8793/4385/4385 8782/4374/4374
f 8805/4397/4397 8804/4396/4396 8794/4386/4386
f 8806/4398/4398 8805/4397/4397 8795/4387/4387
f 8807/4399/4399 8806/4398/4398 8796/4388/4388
f 8808/4400/4400 8807/4399/4399 8797/4389/4389
f 8809/4401/4401 8808/4400/4400 8798/4390/4390
f 8810/4402/4402 8809/4401/4401 8799/4391/4391
f 8811/4403/4403 8810/4402/4402 8800/4392/4392
f 8812/4404/4404 8811/4403/4403 8801/4393/4393
f 8813/4405/4405 8812/4404/4404 8802/4394/4394
f 8814/4406/4406 8813/4405/4405 8803/4395/4395
o pila_compost_cuerpo
usemtl relleno_oscuro
v 10.214142135307629 0.5 4.614142135307629
v 10.214142135307629 0.5 4.58585786469237
v 10.18585786469237 0.5 4.58585786469237
v 10.18585786469237 0.5 4.614142135307629
v 10.214142135307629 0.5 4.614142135307629
v 10.58890873808197 0 4.98890873808197
v 10.58890873808197 0 4.211091261918029
v 9.811091261918028 0 4.211091261918029
v 9.811091261918028 0 4.98890873808197
v 10.58890873808197 0 4.988908738081971
v 10.2 0.5 4.6
v 10.2 0.5 4.6
v 10.2 0.5 4.6
v 10.2 0.5 4.6
v 10.214142135307629 0.5 4.614142135307629
v 10.214142135307629 0.5 4.58585786469237
v 10.18585786469237 0.5 4.58585786469237
v 10.18585786469237 0.5 4.614142135307629
v 10.214142135307629 0.5 4.614142135307629
v 10.2 0 4.6
v 10.2 0 4.6
v 10.2 0 4.6
v 10.2 0 4.6
v 10.58890873808197 0 4.98890873808197
v 10.58890873808197 0 4.211091261918029
v 9.811091261918028 0 4.211091261918029
v 9.811091261918028 0 4.98890873808197
v 10.58890873808197 0 4.988908738081971
vt 0 1
vt 0.25 1
vt 0.5 1
vt 0.75 1
vt 1 1
vt 0 0
vt 0.25 0
vt 0.5 0
vt 0.75 0
vt 1 0
vt 0.5 0.5
vt 0.5 0.5
vt 0.5 0.5
vt 0.5 0.5
vt 1 0.5
vt 0.5 1
vt 0 0.5
vt 0.5 0
vt 1 0.5
vt 0.5 0.5
vt 0.5 0.5
vt 0.5 0.5
vt 0.5 0.5
vt 1 0.5
vt 0.5 0
vt 0 0.5
vt 0.5 1
vt 1 0.5
vn 0.4852311189297067 0.7273936502640436 0.48523111892970666
vn 0.4852311189297067 0.7273936502640436 -0.48523111892970666
vn -0.48523111892970666 0.7273936502640436 -0.4852311189297067
vn -0.4852311189297068 0.7273936502640436 0.4852311189297066
vn 0.4852311189297066 0.7273936502640436 0.4852311189297068
vn 0.4852311189297067 0.7273936502640436 0.48523111892970666
vn 0.4852311189297067 0.7273936502640436 -0.48523111892970666
vn -0.48523111892970666 0.7273936502640436 -0.4852311189297067
vn -0.4852311189297068 0.7273936502640436 0.4852311189297066
vn 0.4852311189297066 0.7273936502640436 0.4852311189297068
vn 0 1 0
vn 0 1 0
vn 0 1 0
vn 0 1 0
vn 0 1 0
vn 0 1 0
vn 0 1 0
vn 0 1 0
vn 0 1 0
vn 0 -1 0
vn 0 -1 0
vn 0 -1 0
vn 0 -1 0
vn 0 -1 0
vn 0 -1 0
vn 0 -1 0
vn 0 -1 0
vn 0 -1 0
f 8815/4407/4407 8820/4412/4412 8816/4408/4408
f 8820/4412/4412 8821/4413/4413 8816/4408/4408
f 8816/4408/4408 8821/4413/4413 8817/4409/4409
f 8821/4413/4413 8822/4414/4414 8817/4409/4409
f 8817/4409/4409 8822/4414/4414 8818/4410/4410
f 8822/4414/4414 8823/4415/4415 8818/4410/4410
f 8818/4410/4410 8823/4415/4415 8819/4411/4411
f 8823/4415/4415 8824/4416/4416 8819/4411/4411
f 8829/4421/4421 8830/4422/4422 8825/4417/4417
f 8830/4422/4422 8831/4423/4423 8826/4418/4418
f 8831/4423/4423 8832/4424/4424 8827/4419/4419
f 8832/4424/4424 8833/4425/4425 8828/4420/4420
f 8839/4431/4431 8838/4430/4430 8834/4426/4426
f 8840/4432/4432 8839/4431/4431 8835/4427/4427
f 8841/4433/4433 8840/4432/4432 8836/4428/4428
f 8842/4434/4434 8841/4433/4433 8837/4429/4429
o pila_compost_aristas
v 10.214142135307629 0.5 4.58585786469237
v 10.58890873808197 0 4.211091261918029
v 10.18585786469237 0.5 4.58585786469237
v 9.811091261918028 0 4.211091261918029
v 10.18585786469237 0.5 4.614142135307629
v 9.811091261918028 0 4.98890873808197
v 10.58890873808197 0 4.988908738081971
v 10.214142135307629 0.5 4.614142135307629
v 10.214142135307629 0.5 4.614142135307629
v 10.214142135307629 0.5 4.58585786469237
v 10.214142135307629 0.5 4.58585786469237
v 10.18585786469237 0.5 4.58585786469237
v 10.18585786469237 0.5 4.58585786469237
v 10.18585786469237 0.5 4.614142135307629
v 10.18585786469237 0.5 4.614142135307629
v 10.214142135307629 0.5 4.614142135307629
v 10.58890873808197 0 4.211091261918029
v 10.58890873808197 0 4.98890873808197
v 9.811091261918028 0 4.211091261918029
v 10.58890873808197 0 4.211091261918029
v 9.811091261918028 0 4.98890873808197
v 9.811091261918028 0 4.211091261918029
v 10.58890873808197 0 4.988908738081971
v 9.811091261918028 0 4.98890873808197
l 8843 8844
l 8845 8846
l 8847 8848
l 8849 8850
l 8851 8852
l 8853 8854
l 8855 8856
l 8857 8858
l 8859 8860
l 8861 8862
l 8863 8864
l 8865 8866
o guia
v 10.199999809265137 0.550000011920929 4.599999904632568
v 10.199999809265137 1.3799999952316284 4.599999904632568
l 8867 8868 
o 
v 7.199999809265137 0.25 5.099999904632568
v 7.199999809265137 0.25 6.099999904632568
v 7.199999809265137 0.25 6.699999809265137
l 8869 8870 8871 
o flecha
usemtl lima_solido
v 7.2 0.25000000000000006 6.836000001430511
v 7.2 0.25000000000000006 6.836000001430511
v 7.2 0.25000000000000006 6.836000001430511
v 7.2 0.25000000000000006 6.836000001430511
v 7.2 0.25000000000000006 6.836000001430511
v 7.2 0.25000000000000006 6.836000001430511
v 7.2 0.25000000000000006 6.836000001430511
v 7.2 0.25000000000000006 6.836000001430511
v 7.2 0.25000000000000006 6.836000001430511
v 7.2 0.25000000000000006 6.836000001430511
v 7.2 0.25000000000000006 6.836000001430511
v 7.2 0.14600000381469724 6.5639999985694875
v 7.261129665374756 0.16586223244667053 6.5639999985694875
v 7.2989098787307745 0.2178622335195541 6.5639999985694875
v 7.2989098787307745 0.2821377664804458 6.5639999985694875
v 7.261129665374756 0.3341377675533294 6.5639999985694875
v 7.2 0.3539999961853027 6.5639999985694875
v 7.138870334625245 0.3341377675533294 6.5639999985694875
v 7.101090121269226 0.2821377664804458 6.5639999985694875
v 7.101090121269226 0.2178622335195541 6.5639999985694875
v 7.138870334625245 0.16586223244667053 6.5639999985694875
v 7.2 0.14600000381469724 6.5639999985694875
v 7.2 0.24999999999999997 6.5639999985694875
v 7.2 0.24999999999999997 6.5639999985694875
v 7.2 0.24999999999999997 6.5639999985694875
v 7.2 0.24999999999999997 6.5639999985694875
v 7.2 0.24999999999999997 6.5639999985694875
v 7.2 0.24999999999999997 6.5639999985694875
v 7.2 0.24999999999999997 6.5639999985694875
v 7.2 0.24999999999999997 6.5639999985694875
v 7.2 0.24999999999999997 6.5639999985694875
v 7.2 0.24999999999999997 6.5639999985694875
v 7.2 0.14600000381469724 6.5639999985694875
v 7.261129665374756 0.16586223244667053 6.5639999985694875
v 7.2989098787307745 0.2178622335195541 6.5639999985694875
v 7.2989098787307745 0.2821377664804458 6.5639999985694875
v 7.261129665374756 0.3341377675533294 6.5639999985694875
v 7.2 0.3539999961853027 6.5639999985694875
v 7.138870334625245 0.3341377675533294 6.5639999985694875
v 7.101090121269226 0.2821377664804458 6.5639999985694875
v 7.101090121269226 0.2178622335195541 6.5639999985694875
v 7.138870334625245 0.16586223244667053 6.5639999985694875
v 7.2 0.14600000381469724 6.5639999985694875
vt 0 1
vt 0.10000000149011612 1
vt 0.20000000298023224 1
vt 0.30000001192092896 1
vt 0.4000000059604645 1
vt 0.5 1
vt 0.6000000238418579 1
vt 0.699999988079071 1
vt 0.800000011920929 1
vt 0.8999999761581421 1
vt 1 1
vt 0 0
vt 0.10000000149011612 0
vt 0.20000000298023224 0
vt 0.30000001192092896 0
vt 0.4000000059604645 0
vt 0.5 0
vt 0.6000000238418579 0
vt 0.699999988079071 0
vt 0.800000011920929 0
vt 0.8999999761581421 0
vt 1 0
vt 0.5 0.5
vt 0.5 0.5
vt 0.5 0.5
vt 0.5 0.5
vt 0.5 0.5
vt 0.5 0.5
vt 0.5 0.5
vt 0.5 0.5
vt 0.5 0.5
vt 0.5 0.5
vt 1 0.5
vt 0.9045084714889526 0.20610737800598145
vt 0.6545084714889526 0.024471741169691086
vt 0.345491498708725 0.024471741169691086
vt 0.09549150615930557 0.20610737800598145
vt 0 0.5
vt 0.09549150615930557 0.7938926219940186
vt 0.345491498708725 0.9755282402038574
vt 0.6545084714889526 0.9755282402038574
vt 0.9045084714889526 0.7938926219940186
vt 1 0.5
vn 0 -0.9340518301726828 0.35713747850241323
vn 0.5490218950708001 -0.7556638057887183 0.35713746842606353
vn 0.8883360814962237 -0.28863788270517765 0.35713747910210547
vn 0.8883360814962237 0.2886378827051778 0.35713747910210536
vn 0.5490218950708001 0.7556638057887184 0.3571374684260632
vn 1.1438836071819647e-16 0.934051830172683 0.3571374785024129
vn -0.5490218950708001 0.7556638057887184 0.3571374684260632
vn -0.8883360814962237 0.2886378827051778 0.35713747910210536
vn -0.8883360814962237 -0.28863788270517765 0.35713747910210547
vn -0.5490218950708001 -0.7556638057887183 0.35713746842606353
vn -2.287767214363929e-16 -0.9340518301726828 0.35713747850241323
vn 0 -0.9340518301726828 0.35713747850241323
vn 0.5490218950708001 -0.7556638057887183 0.35713746842606353
vn 0.8883360814962237 -0.28863788270517765 0.35713747910210547
vn 0.8883360814962237 0.2886378827051778 0.35713747910210536
vn 0.5490218950708001 0.7556638057887184 0.3571374684260632
vn 1.1438836071819647e-16 0.934051830172683 0.3571374785024129
vn -0.5490218950708001 0.7556638057887184 0.3571374684260632
vn -0.8883360814962237 0.2886378827051778 0.35713747910210536
vn -0.8883360814962237 -0.28863788270517765 0.35713747910210547
vn -0.5490218950708001 -0.7556638057887183 0.35713746842606353
vn -2.287767214363929e-16 -0.9340518301726828 0.35713747850241323
vn 0 -2.220446049250314e-16 -1
vn 0 -2.220446049250314e-16 -1
vn 0 -2.220446049250314e-16 -1
vn 0 -2.220446049250314e-16 -1
vn 0 -2.220446049250314e-16 -1
vn 0 -2.220446049250314e-16 -1
vn 0 -2.220446049250314e-16 -1
vn 0 -2.220446049250314e-16 -1
vn 0 -2.220446049250314e-16 -1
vn 0 -2.220446049250314e-16 -1
vn 0 -2.220446049250314e-16 -1
vn 0 -2.220446049250314e-16 -1
vn 0 -2.220446049250314e-16 -1
vn 0 -2.220446049250314e-16 -1
vn 0 -2.220446049250314e-16 -1
vn 0 -2.220446049250314e-16 -1
vn 0 -2.220446049250314e-16 -1
vn 0 -2.220446049250314e-16 -1
vn 0 -2.220446049250314e-16 -1
vn 0 -2.220446049250314e-16 -1
vn 0 -2.220446049250314e-16 -1
f 8883/4446/4446 8884/4447/4447 8873/4436/4436
f 8884/4447/4447 8885/4448/4448 8874/4437/4437
f 8885/4448/4448 8886/4449/4449 8875/4438/4438
f 8886/4449/4449 8887/4450/4450 8876/4439/4439
f 8887/4450/4450 8888/4451/4451 8877/4440/4440
f 8888/4451/4451 8889/4452/4452 8878/4441/4441
f 8889/4452/4452 8890/4453/4453 8879/4442/4442
f 8890/4453/4453 8891/4454/4454 8880/4443/4443
f 8891/4454/4454 8892/4455/4455 8881/4444/4444
f 8892/4455/4455 8893/4456/4456 8882/4445/4445
f 8905/4468/4468 8904/4467/4467 8894/4457/4457
f 8906/4469/4469 8905/4468/4468 8895/4458/4458
f 8907/4470/4470 8906/4469/4469 8896/4459/4459
f 8908/4471/4471 8907/4470/4470 8897/4460/4460
f 8909/4472/4472 8908/4471/4471 8898/4461/4461
f 8910/4473/4473 8909/4472/4472 8899/4462/4462
f 8911/4474/4474 8910/4473/4473 8900/4463/4463
f 8912/4475/4475 8911/4474/4474 8901/4464/4464
f 8913/4476/4476 8912/4475/4475 8902/4465/4465
f 8914/4477/4477 8913/4476/4476 8903/4466/4466
o tanque_liquido_cuerpo
usemtl relleno_oscuro
v 7.2 0.6999999940395355 7.950000011920928
v 7.410475891828537 0.6999999940395355 7.908133769035339
v 7.588908743858338 0.6999999940395355 7.788908743858337
v 7.7081337690353395 0.6999999940395355 7.6104758918285365
v 7.750000011920929 0.6999999940395355 7.3999999999999995
v 7.7081337690353395 0.6999999940395355 7.1895241081714625
v 7.588908743858338 0.6999999940395355 7.011091256141662
v 7.410475891828537 0.6999999940395355 6.89186623096466
v 7.2 0.6999999940395355 6.8499999880790705
v 6.989524108171463 0.6999999940395355 6.89186623096466
v 6.811091256141663 0.6999999940395355 7.011091256141662
v 6.691866230964661 0.6999999940395355 7.1895241081714625
v 6.649999988079071 0.6999999940395355 7.3999999999999995
v 6.691866230964661 0.6999999940395355 7.6104758918285365
v 6.811091256141663 0.6999999940395355 7.788908743858337
v 6.989524108171463 0.6999999940395355 7.908133769035339
v 7.2 0.6999999940395355 7.950000011920928
v 7.2 5.960464455334602e-9 7.950000011920928
v 7.410475891828537 5.960464455334602e-9 7.908133769035339
v 7.588908743858338 5.960464455334602e-9 7.788908743858337
v 7.7081337690353395 5.960464455334602e-9 7.6104758918285365
v 7.750000011920929 5.960464455334602e-9 7.3999999999999995
v 7.7081337690353395 5.960464455334602e-9 7.1895241081714625
v 7.588908743858338 5.960464455334602e-9 7.011091256141662
v 7.410475891828537 5.960464455334602e-9 6.89186623096466
v 7.2 5.960464455334602e-9 6.8499999880790705
v 6.989524108171463 5.960464455334602e-9 6.89186623096466
v 6.811091256141663 5.960464455334602e-9 7.011091256141662
v 6.691866230964661 5.960464455334602e-9 7.1895241081714625
v 6.649999988079071 5.960464455334602e-9 7.3999999999999995
v 6.691866230964661 5.960464455334602e-9 7.6104758918285365
v 6.811091256141663 5.960464455334602e-9 7.788908743858337
v 6.989524108171463 5.960464455334602e-9 7.908133769035339
v 7.2 5.960464455334602e-9 7.950000011920928
v 7.2 0.6999999940395355 7.3999999999999995
v 7.2 0.6999999940395355 7.3999999999999995
v 7.2 0.6999999940395355 7.3999999999999995
v 7.2 0.6999999940395355 7.3999999999999995
v 7.2 0.6999999940395355 7.3999999999999995
v 7.2 0.6999999940395355 7.3999999999999995
v 7.2 0.6999999940395355 7.3999999999999995
v 7.2 0.6999999940395355 7.3999999999999995
v 7.2 0.6999999940395355 7.3999999999999995
v 7.2 0.6999999940395355 7.3999999999999995
v 7.2 0.6999999940395355 7.3999999999999995
v 7.2 0.6999999940395355 7.3999999999999995
v 7.2 0.6999999940395355 7.3999999999999995
v 7.2 0.6999999940395355 7.3999999999999995
v 7.2 0.6999999940395355 7.3999999999999995
v 7.2 0.6999999940395355 7.3999999999999995
v 7.2 0.6999999940395355 7.950000011920928
v 7.410475891828537 0.6999999940395355 7.908133769035339
v 7.588908743858338 0.6999999940395355 7.788908743858337
v 7.7081337690353395 0.6999999940395355 7.6104758918285365
v 7.750000011920929 0.6999999940395355 7.3999999999999995
v 7.7081337690353395 0.6999999940395355 7.1895241081714625
v 7.588908743858338 0.6999999940395355 7.011091256141662
v 7.410475891828537 0.6999999940395355 6.89186623096466
v 7.2 0.6999999940395355 6.8499999880790705
v 6.989524108171463 0.6999999940395355 6.89186623096466
v 6.811091256141663 0.6999999940395355 7.011091256141662
v 6.691866230964661 0.6999999940395355 7.1895241081714625
v 6.649999988079071 0.6999999940395355 7.3999999999999995
v 6.691866230964661 0.6999999940395355 7.6104758918285365
v 6.811091256141663 0.6999999940395355 7.788908743858337
v 6.989524108171463 0.6999999940395355 7.908133769035339
v 7.2 0.6999999940395355 7.950000011920928
v 7.2 5.960464455334602e-9 7.3999999999999995
v 7.2 5.960464455334602e-9 7.3999999999999995
v 7.2 5.960464455334602e-9 7.3999999999999995
v 7.2 5.960464455334602e-9 7.3999999999999995
v 7.2 5.960464455334602e-9 7.3999999999999995
v 7.2 5.960464455334602e-9 7.3999999999999995
v 7.2 5.960464455334602e-9 7.3999999999999995
v 7.2 5.960464455334602e-9 7.3999999999999995
v 7.2 5.960464455334602e-9 7.3999999999999995
v 7.2 5.960464455334602e-9 7.3999999999999995
v 7.2 5.960464455334602e-9 7.3999999999999995
v 7.2 5.960464455334602e-9 7.3999999999999995
v 7.2 5.960464455334602e-9 7.3999999999999995
v 7.2 5.960464455334602e-9 7.3999999999999995
v 7.2 5.960464455334602e-9 7.3999999999999995
v 7.2 5.960464455334602e-9 7.3999999999999995
v 7.2 5.960464455334602e-9 7.950000011920928
v 7.410475891828537 5.960464455334602e-9 7.908133769035339
v 7.588908743858338 5.960464455334602e-9 7.788908743858337
v 7.7081337690353395 5.960464455334602e-9 7.6104758918285365
v 7.750000011920929 5.960464455334602e-9 7.3999999999999995
v 7.7081337690353395 5.960464455334602e-9 7.1895241081714625
v 7.588908743858338 5.960464455334602e-9 7.011091256141662
v 7.410475891828537 5.960464455334602e-9 6.89186623096466
v 7.2 5.960464455334602e-9 6.8499999880790705
v 6.989524108171463 5.960464455334602e-9 6.89186623096466
v 6.811091256141663 5.960464455334602e-9 7.011091256141662
v 6.691866230964661 5.960464455334602e-9 7.1895241081714625
v 6.649999988079071 5.960464455334602e-9 7.3999999999999995
v 6.691866230964661 5.960464455334602e-9 7.6104758918285365
v 6.811091256141663 5.960464455334602e-9 7.788908743858337
v 6.989524108171463 5.960464455334602e-9 7.908133769035339
v 7.2 5.960464455334602e-9 7.950000011920928
vt 0 1
vt 0.0625 1
vt 0.125 1
vt 0.1875 1
vt 0.25 1
vt 0.3125 1
vt 0.375 1
vt 0.4375 1
vt 0.5 1
vt 0.5625 1
vt 0.625 1
vt 0.6875 1
vt 0.75 1
vt 0.8125 1
vt 0.875 1
vt 0.9375 1
vt 1 1
vt 0 0
vt 0.0625 0
vt 0.125 0
vt 0.1875 0
vt 0.25 0
vt 0.3125 0
vt 0.375 0
vt 0.4375 0
vt 0.5 0
vt 0.5625 0
vt 0.625 0
vt 0.6875 0
vt 0.75 0
vt 0.8125 0
vt 0.875 0
vt 0.9375 0
vt 1 0
vt 0.5 0.5
vt 0.5 0.5
vt 0.5 0.5
vt 0.5 0.5
vt 0.5 0.5
vt 0.5 0.5
vt 0.5 0.5
vt 0.5 0.5
vt 0.5 0.5
vt 0.5 0.5
vt 0.5 0.5
vt 0.5 0.5
vt 0.5 0.5
vt 0.5 0.5
vt 0.5 0.5
vt 0.5 0.5
vt 1 0.5
vt 0.9619397521018982 0.6913416981697083
vt 0.8535534143447876 0.8535534143447876
vt 0.6913416981697083 0.9619397521018982
vt 0.5 1
vt 0.30865827202796936 0.9619397521018982
vt 0.1464466154575348 0.8535534143447876
vt 0.03806023299694061 0.6913416981697083
vt 0 0.5
vt 0.03806023299694061 0.30865827202796936
vt 0.1464466154575348 0.1464466154575348
vt 0.30865827202796936 0.03806023299694061
vt 0.5 0
vt 0.6913416981697083 0.03806023299694061
vt 0.8535534143447876 0.1464466154575348
vt 0.9619397521018982 0.30865827202796936
vt 1 0.5
vt 0.5 0.5
vt 0.5 0.5
vt 0.5 0.5
vt 0.5 0.5
vt 0.5 0.5
vt 0.5 0.5
vt 0.5 0.5
vt 0.5 0.5
vt 0.5 0.5
vt 0.5 0.5
vt 0.5 0.5
vt 0.5 0.5
vt 0.5 0.5
vt 0.5 0.5
vt 0.5 0.5
vt 0.5 0.5
vt 1 0.5
vt 0.9619397521018982 0.30865827202796936
vt 0.8535534143447876 0.1464466154575348
vt 0.6913416981697083 0.03806023299694061
vt 0.5 0
vt 0.30865827202796936 0.03806023299694061
vt 0.1464466154575348 0.1464466154575348
vt 0.03806023299694061 0.30865827202796936
vt 0 0.5
vt 0.03806023299694061 0.6913416981697083
vt 0.1464466154575348 0.8535534143447876
vt 0.30865827202796936 0.9619397521018982
vt 0.5 1
vt 0.6913416981697083 0.9619397521018982
vt 0.8535534143447876 0.8535534143447876
vt 0.9619397521018982 0.6913416981697083
vt 1 0.5
vn 0 0 1
vn 0.3826834370613369 0 0.9238795305660377
vn 0.7071067811865476 0 0.7071067811865476
vn 0.9238795305660377 0 0.3826834370613369
vn 1 0 6.123234262925839e-17
vn 0.9238795305660377 0 -0.3826834370613369
vn 0.7071067811865476 0 -0.7071067811865476
vn 0.3826834370613369 0 -0.9238795305660377
vn 1.2246468525851679e-16 0 -1
vn -0.3826834370613369 0 -0.9238795305660377
vn -0.7071067811865476 0 -0.7071067811865476
vn -0.9238795305660377 0 -0.3826834370613369
vn -1 0 -1.8369701465288538e-16
vn -0.9238795305660377 0 0.3826834370613369
vn -0.7071067811865476 0 0.7071067811865476
vn -0.3826834370613369 0 0.9238795305660377
vn -2.4492937051703357e-16 0 1
vn 0 0 1
vn 0.3826834370613369 0 0.9238795305660377
vn 0.7071067811865476 0 0.7071067811865476
vn 0.9238795305660377 0 0.3826834370613369
vn 1 0 6.123234262925839e-17
vn 0.9238795305660377 0 -0.3826834370613369
vn 0.7071067811865476 0 -0.7071067811865476
vn 0.3826834370613369 0 -0.9238795305660377
vn 1.2246468525851679e-16 0 -1
vn -0.3826834370613369 0 -0.9238795305660377
vn -0.7071067811865476 0 -0.7071067811865476
vn -0.9238795305660377 0 -0.3826834370613369
vn -1 0 -1.8369701465288538e-16
vn -0.9238795305660377 0 0.3826834370613369
vn -0.7071067811865476 0 0.7071067811865476
vn -0.3826834370613369 0 0.9238795305660377
vn -2.4492937051703357e-16 0 1
vn 0 1 0
vn 0 1 0
vn 0 1 0
vn 0 1 0
vn 0 1 0
vn 0 1 0
vn 0 1 0
vn 0 1 0
vn 0 1 0
vn 0 1 0
vn 0 1 0
vn 0 1 0
vn 0 1 0
vn 0 1 0
vn 0 1 0
vn 0 1 0
vn 0 1 0
vn 0 1 0
vn 0 1 0
vn 0 1 0
vn 0 1 0
vn 0 1 0
vn 0 1 0
vn 0 1 0
vn 0 1 0
vn 0 1 0
vn 0 1 0
vn 0 1 0
vn 0 1 0
vn 0 1 0
vn 0 1 0
vn 0 1 0
vn 0 1 0
vn 0 -1 0
vn 0 -1 0
vn 0 -1 0
vn 0 -1 0
vn 0 -1 0
vn 0 -1 0
vn 0 -1 0
vn 0 -1 0
vn 0 -1 0
vn 0 -1 0
vn 0 -1 0
vn 0 -1 0
vn 0 -1 0
vn 0 -1 0
vn 0 -1 0
vn 0 -1 0
vn 0 -1 0
vn 0 -1 0
vn 0 -1 0
vn 0 -1 0
vn 0 -1 0
vn 0 -1 0
vn 0 -1 0
vn 0 -1 0
vn 0 -1 0
vn 0 -1 0
vn 0 -1 0
vn 0 -1 0
vn 0 -1 0
vn 0 -1 0
vn 0 -1 0
vn 0 -1 0
vn 0 -1 0
f 8915/4478/4478 8932/4495/4495 8916/4479/4479
f 8932/4495/4495 8933/4496/4496 8916/4479/4479
f 8916/4479/4479 8933/4496/4496 8917/4480/4480
f 8933/4496/4496 8934/4497/4497 8917/4480/4480
f 8917/4480/4480 8934/4497/4497 8918/4481/4481
f 8934/4497/4497 8935/4498/4498 8918/4481/4481
f 8918/4481/4481 8935/4498/4498 8919/4482/4482
f 8935/4498/4498 8936/4499/4499 8919/4482/4482
f 8919/4482/4482 8936/4499/4499 8920/4483/4483
f 8936/4499/4499 8937/4500/4500 8920/4483/4483
f 8920/4483/4483 8937/4500/4500 8921/4484/4484
f 8937/4500/4500 8938/4501/4501 8921/4484/4484
f 8921/4484/4484 8938/4501/4501 8922/4485/4485
f 8938/4501/4501 8939/4502/4502 8922/4485/4485
f 8922/4485/4485 8939/4502/4502 8923/4486/4486
f 8939/4502/4502 8940/4503/4503 8923/4486/4486
f 8923/4486/4486 8940/4503/4503 8924/4487/4487
f 8940/4503/4503 8941/4504/4504 8924/4487/4487
f 8924/4487/4487 8941/4504/4504 8925/4488/4488
f 8941/4504/4504 8942/4505/4505 8925/4488/4488
f 8925/4488/4488 8942/4505/4505 8926/4489/4489
f 8942/4505/4505 8943/4506/4506 8926/4489/4489
f 8926/4489/4489 8943/4506/4506 8927/4490/4490
f 8943/4506/4506 8944/4507/4507 8927/4490/4490
f 8927/4490/4490 8944/4507/4507 8928/4491/4491
f 8944/4507/4507 8945/4508/4508 8928/4491/4491
f 8928/4491/4491 8945/4508/4508 8929/4492/4492
f 8945/4508/4508 8946/4509/4509 8929/4492/4492
f 8929/4492/4492 8946/4509/4509 8930/4493/4493
f 8946/4509/4509 8947/4510/4510 8930/4493/4493
f 8930/4493/4493 8947/4510/4510 8931/4494/4494
f 8947/4510/4510 8948/4511/4511 8931/4494/4494
f 8965/4528/4528 8966/4529/4529 8949/4512/4512
f 8966/4529/4529 8967/4530/4530 8950/4513/4513
f 8967/4530/4530 8968/4531/4531 8951/4514/4514
f 8968/4531/4531 8969/4532/4532 8952/4515/4515
f 8969/4532/4532 8970/4533/4533 8953/4516/4516
f 8970/4533/4533 8971/4534/4534 8954/4517/4517
f 8971/4534/4534 8972/4535/4535 8955/4518/4518
f 8972/4535/4535 8973/4536/4536 8956/4519/4519
f 8973/4536/4536 8974/4537/4537 8957/4520/4520
f 8974/4537/4537 8975/4538/4538 8958/4521/4521
f 8975/4538/4538 8976/4539/4539 8959/4522/4522
f 8976/4539/4539 8977/4540/4540 8960/4523/4523
f 8977/4540/4540 8978/4541/4541 8961/4524/4524
f 8978/4541/4541 8979/4542/4542 8962/4525/4525
f 8979/4542/4542 8980/4543/4543 8963/4526/4526
f 8980/4543/4543 8981/4544/4544 8964/4527/4527
f 8999/4562/4562 8998/4561/4561 8982/4545/4545
f 9000/4563/4563 8999/4562/4562 8983/4546/4546
f 9001/4564/4564 9000/4563/4563 8984/4547/4547
f 9002/4565/4565 9001/4564/4564 8985/4548/4548
f 9003/4566/4566 9002/4565/4565 8986/4549/4549
f 9004/4567/4567 9003/4566/4566 8987/4550/4550
f 9005/4568/4568 9004/4567/4567 8988/4551/4551
f 9006/4569/4569 9005/4568/4568 8989/4552/4552
f 9007/4570/4570 9006/4569/4569 8990/4553/4553
f 9008/4571/4571 9007/4570/4570 8991/4554/4554
f 9009/4572/4572 9008/4571/4571 8992/4555/4555
f 9010/4573/4573 9009/4572/4572 8993/4556/4556
f 9011/4574/4574 9010/4573/4573 8994/4557/4557
f 9012/4575/4575 9011/4574/4574 8995/4558/4558
f 9013/4576/4576 9012/4575/4575 8996/4559/4559
f 9014/4577/4577 9013/4576/4576 8997/4560/4560
o tanque_liquido_aristas
v 7.410475891828537 0.6999999940395355 7.908133769035339
v 7.410475891828537 5.960464455334602e-9 7.908133769035339
v 7.588908743858338 0.6999999940395355 7.788908743858337
v 7.588908743858338 5.960464455334602e-9 7.788908743858337
v 7.7081337690353395 0.6999999940395355 7.6104758918285365
v 7.7081337690353395 5.960464455334602e-9 7.6104758918285365
v 7.750000011920929 0.6999999940395355 7.3999999999999995
v 7.750000011920929 5.960464455334602e-9 7.3999999999999995
v 7.7081337690353395 0.6999999940395355 7.1895241081714625
v 7.7081337690353395 5.960464455334602e-9 7.1895241081714625
v 7.588908743858338 0.6999999940395355 7.011091256141662
v 7.588908743858338 5.960464455334602e-9 7.011091256141662
v 7.410475891828537 0.6999999940395355 6.89186623096466
v 7.410475891828537 5.960464455334602e-9 6.89186623096466
v 7.2 0.6999999940395355 6.8499999880790705
v 7.2 5.960464455334602e-9 6.8499999880790705
v 6.989524108171463 0.6999999940395355 6.89186623096466
v 6.989524108171463 5.960464455334602e-9 6.89186623096466
v 6.811091256141663 0.6999999940395355 7.011091256141662
v 6.811091256141663 5.960464455334602e-9 7.011091256141662
v 6.691866230964661 0.6999999940395355 7.1895241081714625
v 6.691866230964661 5.960464455334602e-9 7.1895241081714625
v 6.649999988079071 0.6999999940395355 7.3999999999999995
v 6.649999988079071 5.960464455334602e-9 7.3999999999999995
v 6.691866230964661 0.6999999940395355 7.6104758918285365
v 6.691866230964661 5.960464455334602e-9 7.6104758918285365
v 6.811091256141663 0.6999999940395355 7.788908743858337
v 6.811091256141663 5.960464455334602e-9 7.788908743858337
v 6.989524108171463 0.6999999940395355 7.908133769035339
v 6.989524108171463 5.960464455334602e-9 7.908133769035339
v 7.2 5.960464455334602e-9 7.950000011920928
v 7.2 0.6999999940395355 7.950000011920928
v 7.2 0.6999999940395355 7.950000011920928
v 7.410475891828537 0.6999999940395355 7.908133769035339
v 7.410475891828537 0.6999999940395355 7.908133769035339
v 7.588908743858338 0.6999999940395355 7.788908743858337
v 7.588908743858338 0.6999999940395355 7.788908743858337
v 7.7081337690353395 0.6999999940395355 7.6104758918285365
v 7.7081337690353395 0.6999999940395355 7.6104758918285365
v 7.750000011920929 0.6999999940395355 7.3999999999999995
v 7.750000011920929 0.6999999940395355 7.3999999999999995
v 7.7081337690353395 0.6999999940395355 7.1895241081714625
v 7.7081337690353395 0.6999999940395355 7.1895241081714625
v 7.588908743858338 0.6999999940395355 7.011091256141662
v 7.588908743858338 0.6999999940395355 7.011091256141662
v 7.410475891828537 0.6999999940395355 6.89186623096466
v 7.410475891828537 0.6999999940395355 6.89186623096466
v 7.2 0.6999999940395355 6.8499999880790705
v 7.2 0.6999999940395355 6.8499999880790705
v 6.989524108171463 0.6999999940395355 6.89186623096466
v 6.989524108171463 0.6999999940395355 6.89186623096466
v 6.811091256141663 0.6999999940395355 7.011091256141662
v 6.811091256141663 0.6999999940395355 7.011091256141662
v 6.691866230964661 0.6999999940395355 7.1895241081714625
v 6.691866230964661 0.6999999940395355 7.1895241081714625
v 6.649999988079071 0.6999999940395355 7.3999999999999995
v 6.649999988079071 0.6999999940395355 7.3999999999999995
v 6.691866230964661 0.6999999940395355 7.6104758918285365
v 6.691866230964661 0.6999999940395355 7.6104758918285365
v 6.811091256141663 0.6999999940395355 7.788908743858337
v 6.811091256141663 0.6999999940395355 7.788908743858337
v 6.989524108171463 0.6999999940395355 7.908133769035339
v 6.989524108171463 0.6999999940395355 7.908133769035339
v 7.2 0.6999999940395355 7.950000011920928
v 7.410475891828537 5.960464455334602e-9 7.908133769035339
v 7.2 5.960464455334602e-9 7.950000011920928
v 7.588908743858338 5.960464455334602e-9 7.788908743858337
v 7.410475891828537 5.960464455334602e-9 7.908133769035339
v 7.7081337690353395 5.960464455334602e-9 7.6104758918285365
v 7.588908743858338 5.960464455334602e-9 7.788908743858337
v 7.750000011920929 5.960464455334602e-9 7.3999999999999995
v 7.7081337690353395 5.960464455334602e-9 7.6104758918285365
v 7.7081337690353395 5.960464455334602e-9 7.1895241081714625
v 7.750000011920929 5.960464455334602e-9 7.3999999999999995
v 7.588908743858338 5.960464455334602e-9 7.011091256141662
v 7.7081337690353395 5.960464455334602e-9 7.1895241081714625
v 7.410475891828537 5.960464455334602e-9 6.89186623096466
v 7.588908743858338 5.960464455334602e-9 7.011091256141662
v 7.2 5.960464455334602e-9 6.8499999880790705
v 7.410475891828537 5.960464455334602e-9 6.89186623096466
v 6.989524108171463 5.960464455334602e-9 6.89186623096466
v 7.2 5.960464455334602e-9 6.8499999880790705
v 6.811091256141663 5.960464455334602e-9 7.011091256141662
v 6.989524108171463 5.960464455334602e-9 6.89186623096466
v 6.691866230964661 5.960464455334602e-9 7.1895241081714625
v 6.811091256141663 5.960464455334602e-9 7.011091256141662
v 6.649999988079071 5.960464455334602e-9 7.3999999999999995
v 6.691866230964661 5.960464455334602e-9 7.1895241081714625
v 6.691866230964661 5.960464455334602e-9 7.6104758918285365
v 6.649999988079071 5.960464455334602e-9 7.3999999999999995
v 6.811091256141663 5.960464455334602e-9 7.788908743858337
v 6.691866230964661 5.960464455334602e-9 7.6104758918285365
v 6.989524108171463 5.960464455334602e-9 7.908133769035339
v 6.811091256141663 5.960464455334602e-9 7.788908743858337
v 7.2 5.960464455334602e-9 7.950000011920928
v 6.989524108171463 5.960464455334602e-9 7.908133769035339
l 9015 9016
l 9017 9018
l 9019 9020
l 9021 9022
l 9023 9024
l 9025 9026
l 9027 9028
l 9029 9030
l 9031 9032
l 9033 9034
l 9035 9036
l 9037 9038
l 9039 9040
l 9041 9042
l 9043 9044
l 9045 9046
l 9047 9048
l 9049 9050
l 9051 9052
l 9053 9054
l 9055 9056
l 9057 9058
l 9059 9060
l 9061 9062
l 9063 9064
l 9065 9066
l 9067 9068
l 9069 9070
l 9071 9072
l 9073 9074
l 9075 9076
l 9077 9078
l 9079 9080
l 9081 9082
l 9083 9084
l 9085 9086
l 9087 9088
l 9089 9090
l 9091 9092
l 9093 9094
l 9095 9096
l 9097 9098
l 9099 9100
l 9101 9102
l 9103 9104
l 9105 9106
l 9107 9108
l 9109 9110
o guia
v 7.199999809265137 0.75 7.400000095367432
v 7.199999809265137 1.9800000190734863 7.400000095367432
l 9111 9112 
